solid C:/TimLongdata/crystal_5.surf.stl (2142 triangles, 1080 nodes)
  facet normal 0.010135 -0.156359 -0.987648
  outer loop
    vertex   13.304199 20.258078 46.792519
    vertex   13.590828 20.380196 46.776127
    vertex   13.504264 20.133074 46.814362
  endloop
endfacet
  facet normal 0.052907 -0.170760 -0.983891
  outer loop
    vertex   13.590828 20.380196 46.776127
    vertex   13.832438 20.393225 46.786858
    vertex   13.504264 20.133074 46.814362
  endloop
endfacet
  facet normal -0.014947 -0.086460 -0.996143
  outer loop
    vertex   13.963831 20.172203 46.804070
    vertex   13.504264 20.133074 46.814362
    vertex   13.832438 20.393225 46.786858
  endloop
endfacet
  facet normal 0.050080 -0.040483 -0.997924
  outer loop
    vertex   13.192872 20.479755 46.777939
    vertex   13.428433 20.525827 46.787891
    vertex   13.304199 20.258078 46.792519
  endloop
endfacet
  facet normal -0.061978 0.011510 -0.998011
  outer loop
    vertex   13.428433 20.525827 46.787891
    vertex   13.590828 20.380196 46.776127
    vertex   13.304199 20.258078 46.792519
  endloop
endfacet
  facet normal 0.052902 -0.046232 -0.997529
  outer loop
    vertex   13.832438 20.393225 46.786858
    vertex   14.091755 20.413483 46.799671
    vertex   13.963831 20.172203 46.804070
  endloop
endfacet
  facet normal -0.216694 -0.209019 -0.953601
  outer loop
    vertex   12.922315 20.376440 46.789036
    vertex   12.601285 20.280466 46.883022
    vertex   12.699370 20.582405 46.794552
  endloop
endfacet
  facet normal 0.036107 0.144814 -0.988800
  outer loop
    vertex   13.590828 20.380196 46.776127
    vertex   13.693347 20.647402 46.819004
    vertex   13.832438 20.393225 46.786858
  endloop
endfacet
  facet normal -0.058016 0.044809 -0.997310
  outer loop
    vertex   13.192872 20.479755 46.777939
    vertex   12.922315 20.376440 46.789036
    vertex   13.025568 20.651573 46.795391
  endloop
endfacet
  facet normal -0.002525 0.024040 -0.999708
  outer loop
    vertex   13.025568 20.651573 46.795391
    vertex   12.922315 20.376440 46.789036
    vertex   12.699370 20.582405 46.794552
  endloop
endfacet
  facet normal 0.046764 0.145911 -0.988192
  outer loop
    vertex   13.025568 20.651573 46.795391
    vertex   13.265602 20.690126 46.812443
    vertex   13.192872 20.479755 46.777939
  endloop
endfacet
  facet normal 0.081365 -0.082308 -0.993280
  outer loop
    vertex   16.494869 19.918264 46.818668
    vertex   16.691364 20.009481 46.827206
    vertex   16.676752 19.694244 46.852131
  endloop
endfacet
  facet normal -0.341800 -0.088644 -0.935583
  outer loop
    vertex   20.500896 19.838947 46.841690
    vertex   20.227139 19.933353 46.932758
    vertex   20.414001 20.049152 46.853519
  endloop
endfacet
  facet normal 0.001803 -0.184873 -0.982761
  outer loop
    vertex   14.500406 19.782719 46.871651
    vertex   14.257870 20.064737 46.818153
    vertex   14.717935 20.033049 46.824959
  endloop
endfacet
  facet normal 0.016932 -0.197076 -0.980242
  outer loop
    vertex   13.963831 20.172203 46.804070
    vertex   13.970455 19.845413 46.869884
    vertex   13.706329 19.969580 46.840359
  endloop
endfacet
  facet normal -0.025381 -0.197865 -0.979901
  outer loop
    vertex   14.257870 20.064737 46.818153
    vertex   13.970455 19.845413 46.869884
    vertex   13.963831 20.172203 46.804070
  endloop
endfacet
  facet normal -0.036429 -0.125126 -0.991472
  outer loop
    vertex   15.065382 20.044550 46.827133
    vertex   15.369375 20.068821 46.812901
    vertex   15.226406 19.883472 46.841545
  endloop
endfacet
  facet normal -0.101155 -0.029253 -0.994441
  outer loop
    vertex   16.275776 19.957855 46.822067
    vertex   16.018412 19.794161 46.853062
    vertex   16.106344 20.187384 46.832550
  endloop
endfacet
  facet normal -0.296111 -0.165836 -0.940647
  outer loop
    vertex   20.304142 20.234776 46.855377
    vertex   20.414001 20.049152 46.853519
    vertex   20.227139 19.933353 46.932758
  endloop
endfacet
  facet normal 0.063772 -0.044093 -0.996990
  outer loop
    vertex   16.018412 19.794161 46.853062
    vertex   15.712019 20.000948 46.824318
    vertex   15.897656 20.157219 46.829281
  endloop
endfacet
  facet normal 0.023934 -0.057414 -0.998064
  outer loop
    vertex   15.897656 20.157219 46.829281
    vertex   16.106344 20.187384 46.832550
    vertex   16.018412 19.794161 46.853062
  endloop
endfacet
  facet normal -0.007901 -0.166549 -0.986002
  outer loop
    vertex   13.504264 20.133074 46.814362
    vertex   13.963831 20.172203 46.804070
    vertex   13.706329 19.969580 46.840359
  endloop
endfacet
  facet normal 0.046382 0.079714 -0.995738
  outer loop
    vertex   16.106344 20.187384 46.832550
    vertex   16.348408 20.252722 46.849056
    vertex   16.275776 19.957855 46.822067
  endloop
endfacet
  facet normal 0.000978 0.090909 -0.995859
  outer loop
    vertex   16.348408 20.252722 46.849056
    vertex   16.494869 19.918264 46.818668
    vertex   16.275776 19.957855 46.822067
  endloop
endfacet
  facet normal 0.001051 0.090941 -0.995856
  outer loop
    vertex   16.348408 20.252722 46.849056
    vertex   16.691364 20.009481 46.827206
    vertex   16.494869 19.918264 46.818668
  endloop
endfacet
  facet normal -0.008638 -0.242143 -0.970202
  outer loop
    vertex   13.261561 19.896578 46.883121
    vertex   12.949617 20.128046 46.828129
    vertex   13.304199 20.258078 46.792519
  endloop
endfacet
  facet normal -0.042852 -0.238129 -0.970288
  outer loop
    vertex   13.304199 20.258078 46.792519
    vertex   13.504264 20.133074 46.814362
    vertex   13.261561 19.896578 46.883121
  endloop
endfacet
  facet normal 0.014025 -0.011109 -0.999840
  outer loop
    vertex   14.717935 20.033049 46.824959
    vertex   14.257870 20.064737 46.818153
    vertex   14.572053 20.393393 46.818909
  endloop
endfacet
  facet normal -0.048184 0.017870 -0.998679
  outer loop
    vertex   15.369375 20.068821 46.812901
    vertex   15.065382 20.044550 46.827133
    vertex   15.150519 20.328903 46.828114
  endloop
endfacet
  facet normal 0.044365 0.056185 -0.997434
  outer loop
    vertex   15.712019 20.000948 46.824318
    vertex   15.369375 20.068821 46.812901
    vertex   15.529177 20.283342 46.832092
  endloop
endfacet
  facet normal 0.002303 0.029009 -0.999577
  outer loop
    vertex   15.529177 20.283342 46.832092
    vertex   15.897656 20.157219 46.829281
    vertex   15.712019 20.000948 46.824318
  endloop
endfacet
  facet normal 0.006205 0.001590 -0.999979
  outer loop
    vertex   14.717935 20.033049 46.824959
    vertex   15.150519 20.328903 46.828114
    vertex   15.065382 20.044550 46.827133
  endloop
endfacet
  facet normal 0.060965 -0.055990 -0.996568
  outer loop
    vertex   14.354813 20.339155 46.808666
    vertex   14.572053 20.393393 46.818909
    vertex   14.257870 20.064737 46.818153
  endloop
endfacet
  facet normal 0.019464 0.074697 -0.997016
  outer loop
    vertex   15.529177 20.283342 46.832092
    vertex   15.369375 20.068821 46.812901
    vertex   15.150519 20.328903 46.828114
  endloop
endfacet
  facet normal -0.227835 -0.175769 -0.957704
  outer loop
    vertex   12.922315 20.376440 46.789036
    vertex   12.949617 20.128046 46.828129
    vertex   12.601285 20.280466 46.883022
  endloop
endfacet
  facet normal -0.040497 -0.159684 -0.986337
  outer loop
    vertex   13.304199 20.258078 46.792519
    vertex   12.949617 20.128046 46.828129
    vertex   12.922315 20.376440 46.789036
  endloop
endfacet
  facet normal -0.013305 -0.072274 -0.997296
  outer loop
    vertex   12.922315 20.376440 46.789036
    vertex   13.192872 20.479755 46.777939
    vertex   13.304199 20.258078 46.792519
  endloop
endfacet
  facet normal 0.034499 -0.036497 -0.998738
  outer loop
    vertex   14.257870 20.064737 46.818153
    vertex   13.963831 20.172203 46.804070
    vertex   14.091755 20.413483 46.799671
  endloop
endfacet
  facet normal 0.022184 -0.042369 -0.998856
  outer loop
    vertex   14.091755 20.413483 46.799671
    vertex   14.354813 20.339155 46.808666
    vertex   14.257870 20.064737 46.818153
  endloop
endfacet
  facet normal 0.034552 -0.002792 -0.999399
  outer loop
    vertex   14.572053 20.393393 46.818909
    vertex   14.924808 20.430330 46.831001
    vertex   14.717935 20.033049 46.824959
  endloop
endfacet
  facet normal -0.004828 0.017721 -0.999831
  outer loop
    vertex   15.150519 20.328903 46.828114
    vertex   14.717935 20.033049 46.824959
    vertex   14.924808 20.430330 46.831001
  endloop
endfacet
  facet normal 0.063449 0.104446 -0.992504
  outer loop
    vertex   14.354813 20.339155 46.808666
    vertex   14.091755 20.413483 46.799671
    vertex   14.243742 20.569933 46.825851
  endloop
endfacet
  facet normal 0.025390 0.086384 -0.995938
  outer loop
    vertex   14.243742 20.569933 46.825851
    vertex   14.572053 20.393393 46.818909
    vertex   14.354813 20.339155 46.808666
  endloop
endfacet
  facet normal 0.016388 0.166269 -0.985944
  outer loop
    vertex   14.924808 20.430330 46.831001
    vertex   14.572053 20.393393 46.818909
    vertex   14.756683 20.587238 46.854668
  endloop
endfacet
  facet normal 0.052578 0.138521 -0.988963
  outer loop
    vertex   13.428433 20.525827 46.787891
    vertex   13.693347 20.647402 46.819004
    vertex   13.590828 20.380196 46.776127
  endloop
endfacet
  facet normal 0.035330 0.144400 -0.988888
  outer loop
    vertex   13.693347 20.647402 46.819004
    vertex   14.013004 20.706396 46.839039
    vertex   13.832438 20.393225 46.786858
  endloop
endfacet
  facet normal 0.037693 0.143055 -0.988997
  outer loop
    vertex   14.091755 20.413483 46.799671
    vertex   13.832438 20.393225 46.786858
    vertex   14.013004 20.706396 46.839039
  endloop
endfacet
  facet normal 0.010771 0.158215 -0.987346
  outer loop
    vertex   13.265602 20.690126 46.812443
    vertex   13.428433 20.525827 46.787891
    vertex   13.192872 20.479755 46.777939
  endloop
endfacet
  facet normal 0.026285 0.140095 -0.989789
  outer loop
    vertex   14.013004 20.706396 46.839039
    vertex   14.243742 20.569933 46.825851
    vertex   14.091755 20.413483 46.799671
  endloop
endfacet
  facet normal 0.052495 0.198280 -0.978739
  outer loop
    vertex   13.265602 20.690126 46.812443
    vertex   13.478687 20.798002 46.845726
    vertex   13.428433 20.525827 46.787891
  endloop
endfacet
  facet normal 0.021310 0.204037 -0.978731
  outer loop
    vertex   13.693347 20.647402 46.819004
    vertex   13.428433 20.525827 46.787891
    vertex   13.478687 20.798002 46.845726
  endloop
endfacet
  facet normal -0.024043 0.125422 -0.991812
  outer loop
    vertex   13.025568 20.651573 46.795391
    vertex   12.699370 20.582405 46.794552
    vertex   12.808083 20.846985 46.825375
  endloop
endfacet
  facet normal 0.036549 0.205037 -0.978072
  outer loop
    vertex   13.025568 20.651573 46.795391
    vertex   13.224029 20.892553 46.853325
    vertex   13.265602 20.690126 46.812443
  endloop
endfacet
  facet normal 0.043967 0.199147 -0.978983
  outer loop
    vertex   13.224029 20.892553 46.853325
    vertex   13.025568 20.651573 46.795391
    vertex   12.808083 20.846985 46.825375
  endloop
endfacet
  facet normal -0.016874 -0.096483 -0.995192
  outer loop
    vertex   20.303638 19.383068 46.890163
    vertex   20.576954 19.586502 46.865807
    vertex   20.587816 19.353357 46.888226
  endloop
endfacet
  facet normal -0.029093 -0.080205 -0.996354
  outer loop
    vertex   20.305939 19.714806 46.863392
    vertex   20.576954 19.586502 46.865807
    vertex   20.303638 19.383068 46.890163
  endloop
endfacet
  facet normal 0.018932 -0.070288 -0.997347
  outer loop
    vertex   18.870707 19.535580 46.880123
    vertex   19.264030 19.667068 46.878323
    vertex   19.065376 19.425953 46.891544
  endloop
endfacet
  facet normal 0.009440 -0.024051 -0.999666
  outer loop
    vertex   19.829433 19.455677 46.884586
    vertex   19.887913 19.721222 46.878750
    vertex   20.074240 19.517675 46.885406
  endloop
endfacet
  facet normal -0.020384 -0.143733 -0.989407
  outer loop
    vertex   16.897022 19.498611 46.897079
    vertex   17.160938 19.750900 46.854992
    vertex   17.124407 19.514944 46.890022
  endloop
endfacet
  facet normal 0.027815 -0.138231 -0.990009
  outer loop
    vertex   17.472565 19.683685 46.857727
    vertex   17.849237 19.768032 46.856533
    vertex   17.662298 19.497232 46.889091
  endloop
endfacet
  facet normal 0.145239 -0.113596 -0.982854
  outer loop
    vertex   18.221437 19.705917 46.862339
    vertex   18.464211 19.863533 46.879997
    vertex   18.314939 19.469633 46.903465
  endloop
endfacet
  facet normal -0.063619 -0.035312 -0.997349
  outer loop
    vertex   18.624804 19.602970 46.878979
    vertex   18.314939 19.469633 46.903465
    vertex   18.464211 19.863533 46.879997
  endloop
endfacet
  facet normal -0.053927 -0.264431 -0.962896
  outer loop
    vertex   16.018412 19.794161 46.853062
    vertex   16.351126 19.669773 46.868587
    vertex   16.216187 19.399710 46.950310
  endloop
endfacet
  facet normal -0.024136 -0.010968 -0.999649
  outer loop
    vertex   18.464211 19.863533 46.879997
    vertex   18.798233 19.886438 46.871681
    vertex   18.624804 19.602970 46.878979
  endloop
endfacet
  facet normal -0.002056 -0.024478 -0.999698
  outer loop
    vertex   18.870707 19.535580 46.880123
    vertex   18.624804 19.602970 46.878979
    vertex   18.798233 19.886438 46.871681
  endloop
endfacet
  facet normal -0.042075 -0.107569 -0.993307
  outer loop
    vertex   20.305939 19.714806 46.863392
    vertex   20.500896 19.838947 46.841690
    vertex   20.576954 19.586502 46.865807
  endloop
endfacet
  facet normal 0.383505 0.027355 -0.923134
  outer loop
    vertex   20.711208 19.835869 46.928970
    vertex   20.576954 19.586502 46.865807
    vertex   20.500896 19.838947 46.841690
  endloop
endfacet
  facet normal -0.090282 -0.215584 -0.972303
  outer loop
    vertex   14.954790 19.620060 46.925171
    vertex   15.226406 19.883472 46.841545
    vertex   15.319965 19.688229 46.876148
  endloop
endfacet
  facet normal 0.014990 -0.167523 -0.985754
  outer loop
    vertex   15.226406 19.883472 46.841545
    vertex   15.639826 19.676153 46.883064
    vertex   15.319965 19.688229 46.876148
  endloop
endfacet
  facet normal -0.036445 -0.176517 -0.983623
  outer loop
    vertex   16.676752 19.694244 46.852131
    vertex   16.351126 19.669773 46.868587
    vertex   16.494869 19.918264 46.818668
  endloop
endfacet
  facet normal 0.094059 -0.121137 -0.988169
  outer loop
    vertex   16.897022 19.498611 46.897079
    vertex   16.676752 19.694244 46.852131
    vertex   16.940273 19.923912 46.849060
  endloop
endfacet
  facet normal -0.056675 -0.106321 -0.992715
  outer loop
    vertex   17.160938 19.750900 46.854992
    vertex   16.897022 19.498611 46.897079
    vertex   16.940273 19.923912 46.849060
  endloop
endfacet
  facet normal 0.003241 -0.023385 -0.999721
  outer loop
    vertex   19.264030 19.667068 46.878323
    vertex   18.870707 19.535580 46.880123
    vertex   18.798233 19.886438 46.871681
  endloop
endfacet
  facet normal 0.003685 -0.022443 -0.999741
  outer loop
    vertex   18.798233 19.886438 46.871681
    vertex   19.173347 19.937155 46.871925
    vertex   19.264030 19.667068 46.878323
  endloop
endfacet
  facet normal -0.024196 -0.172722 -0.984673
  outer loop
    vertex   15.712019 20.000948 46.824318
    vertex   16.018412 19.794161 46.853062
    vertex   15.639826 19.676153 46.883064
  endloop
endfacet
  facet normal 0.006733 -0.009473 -0.999932
  outer loop
    vertex   17.160938 19.750900 46.854992
    vertex   17.467724 19.966940 46.855011
    vertex   17.472565 19.683685 46.857727
  endloop
endfacet
  facet normal 0.000483 -0.016310 -0.999867
  outer loop
    vertex   17.849237 19.768032 46.856533
    vertex   17.472565 19.683685 46.857727
    vertex   17.678062 19.928999 46.853825
  endloop
endfacet
  facet normal 0.048126 0.037697 -0.998130
  outer loop
    vertex   18.464211 19.863533 46.879997
    vertex   18.221437 19.705917 46.862339
    vertex   18.192148 19.919968 46.869011
  endloop
endfacet
  facet normal 0.023096 -0.258077 -0.965848
  outer loop
    vertex   13.970455 19.845413 46.869884
    vertex   14.257870 20.064737 46.818153
    vertex   14.175397 19.649479 46.927139
  endloop
endfacet
  facet normal -0.066550 -0.240907 -0.968264
  outer loop
    vertex   14.500406 19.782719 46.871651
    vertex   14.175397 19.649479 46.927139
    vertex   14.257870 20.064737 46.818153
  endloop
endfacet
  facet normal 0.090500 -0.258053 -0.961883
  outer loop
    vertex   14.500406 19.782719 46.871651
    vertex   14.717935 20.033049 46.824959
    vertex   14.689756 19.675722 46.918171
  endloop
endfacet
  facet normal -0.027012 -0.250326 -0.967785
  outer loop
    vertex   14.954790 19.620060 46.925171
    vertex   14.689756 19.675722 46.918171
    vertex   14.717935 20.033049 46.824959
  endloop
endfacet
  facet normal 0.016305 -0.164982 -0.986162
  outer loop
    vertex   15.226406 19.883472 46.841545
    vertex   15.369375 20.068821 46.812901
    vertex   15.639826 19.676153 46.883064
  endloop
endfacet
  facet normal -0.002363 -0.177475 -0.984122
  outer loop
    vertex   15.369375 20.068821 46.812901
    vertex   15.712019 20.000948 46.824318
    vertex   15.639826 19.676153 46.883064
  endloop
endfacet
  facet normal -0.014988 -0.163219 -0.986476
  outer loop
    vertex   16.018412 19.794161 46.853062
    vertex   16.275776 19.957855 46.822067
    vertex   16.351126 19.669773 46.868587
  endloop
endfacet
  facet normal -0.046169 -0.171005 -0.984188
  outer loop
    vertex   16.351126 19.669773 46.868587
    vertex   16.275776 19.957855 46.822067
    vertex   16.494869 19.918264 46.818668
  endloop
endfacet
  facet normal 0.059364 -0.081418 -0.994911
  outer loop
    vertex   16.940273 19.923912 46.849060
    vertex   16.676752 19.694244 46.852131
    vertex   16.691364 20.009481 46.827206
  endloop
endfacet
  facet normal 0.021270 0.034055 -0.999194
  outer loop
    vertex   18.221437 19.705917 46.862339
    vertex   17.849237 19.768032 46.856533
    vertex   18.192148 19.919968 46.869011
  endloop
endfacet
  facet normal -0.241308 0.213467 -0.946680
  outer loop
    vertex   20.500896 19.838947 46.841690
    vertex   20.305939 19.714806 46.863392
    vertex   20.227139 19.933353 46.932758
  endloop
endfacet
  facet normal -0.030060 -0.291309 -0.956157
  outer loop
    vertex   13.970455 19.845413 46.869884
    vertex   13.622473 19.771538 46.903332
    vertex   13.706329 19.969580 46.840359
  endloop
endfacet
  facet normal 0.022419 -0.005682 -0.999732
  outer loop
    vertex   16.940273 19.923912 46.849060
    vertex   17.264599 20.083393 46.855427
    vertex   17.160938 19.750900 46.854992
  endloop
endfacet
  facet normal -0.007392 -0.009714 -0.999925
  outer loop
    vertex   17.678062 19.928999 46.853825
    vertex   17.472565 19.683685 46.857727
    vertex   17.467724 19.966940 46.855011
  endloop
endfacet
  facet normal -0.029461 0.147681 -0.988596
  outer loop
    vertex   18.046721 20.107553 46.901367
    vertex   18.192148 19.919968 46.869011
    vertex   17.849237 19.768032 46.856533
  endloop
endfacet
  facet normal -0.056649 -0.224695 -0.972781
  outer loop
    vertex   13.706329 19.969580 46.840359
    vertex   13.261561 19.896578 46.883121
    vertex   13.504264 20.133074 46.814362
  endloop
endfacet
  facet normal 0.013652 -0.228385 -0.973475
  outer loop
    vertex   14.717935 20.033049 46.824959
    vertex   15.065382 20.044550 46.827133
    vertex   14.954790 19.620060 46.925171
  endloop
endfacet
  facet normal -0.109393 -0.196536 -0.974375
  outer loop
    vertex   15.226406 19.883472 46.841545
    vertex   14.954790 19.620060 46.925171
    vertex   15.065382 20.044550 46.827133
  endloop
endfacet
  facet normal -0.001100 0.001651 -0.999998
  outer loop
    vertex   17.467724 19.966940 46.855011
    vertex   17.160938 19.750900 46.854992
    vertex   17.264599 20.083393 46.855427
  endloop
endfacet
  facet normal -0.442087 -0.394251 -0.805683
  outer loop
    vertex   12.742444 19.939034 47.034298
    vertex   12.949617 20.128046 46.828129
    vertex   13.078005 19.779095 46.928436
  endloop
endfacet
  facet normal -0.048615 -0.292420 -0.955053
  outer loop
    vertex   13.261561 19.896578 46.883121
    vertex   13.078005 19.779095 46.928436
    vertex   12.949617 20.128046 46.828129
  endloop
endfacet
  facet normal 0.091541 0.080646 -0.992530
  outer loop
    vertex   17.849237 19.768032 46.856533
    vertex   17.678062 19.928999 46.853825
    vertex   17.817629 20.099356 46.880539
  endloop
endfacet
  facet normal 0.087401 0.080281 -0.992933
  outer loop
    vertex   17.817629 20.099356 46.880539
    vertex   18.046721 20.107553 46.901367
    vertex   17.849237 19.768032 46.856533
  endloop
endfacet
  facet normal 0.377596 0.206883 -0.902563
  outer loop
    vertex   20.711208 19.835869 46.928970
    vertex   20.500896 19.838947 46.841690
    vertex   20.414001 20.049152 46.853519
  endloop
endfacet
  facet normal -0.342546 -0.495325 -0.798320
  outer loop
    vertex   12.601285 20.280466 46.883022
    vertex   12.949617 20.128046 46.828129
    vertex   12.742444 19.939034 47.034298
  endloop
endfacet
  facet normal -0.008358 0.056853 -0.998348
  outer loop
    vertex   17.027412 20.242384 46.866467
    vertex   17.264599 20.083393 46.855427
    vertex   16.940273 19.923912 46.849060
  endloop
endfacet
  facet normal 0.019534 0.139252 -0.990064
  outer loop
    vertex   17.467724 19.966940 46.855011
    vertex   17.817629 20.099356 46.880539
    vertex   17.678062 19.928999 46.853825
  endloop
endfacet
  facet normal 0.096929 0.027856 -0.994901
  outer loop
    vertex   16.691364 20.009481 46.827206
    vertex   17.027412 20.242384 46.866467
    vertex   16.940273 19.923912 46.849060
  endloop
endfacet
  facet normal 0.070643 0.126753 -0.989416
  outer loop
    vertex   17.264599 20.083393 46.855427
    vertex   17.405334 20.331730 46.897289
    vertex   17.467724 19.966940 46.855011
  endloop
endfacet
  facet normal 0.019972 0.117352 -0.992890
  outer loop
    vertex   16.691364 20.009481 46.827206
    vertex   16.348408 20.252722 46.849056
    vertex   16.618814 20.298300 46.859882
  endloop
endfacet
  facet normal 0.032466 0.120411 -0.992193
  outer loop
    vertex   17.027412 20.242384 46.866467
    vertex   16.691364 20.009481 46.827206
    vertex   16.618814 20.298300 46.859882
  endloop
endfacet
  facet normal -0.003000 0.128237 -0.991739
  outer loop
    vertex   16.106344 20.187384 46.832550
    vertex   15.897656 20.157219 46.829281
    vertex   15.786746 20.429018 46.864761
  endloop
endfacet
  facet normal 0.042563 0.146382 -0.988312
  outer loop
    vertex   15.897656 20.157219 46.829281
    vertex   15.529177 20.283342 46.832092
    vertex   15.786746 20.429018 46.864761
  endloop
endfacet
  facet normal 0.019106 0.156901 -0.987429
  outer loop
    vertex   15.786746 20.429018 46.864761
    vertex   16.180283 20.418524 46.870708
    vertex   16.106344 20.187384 46.832550
  endloop
endfacet
  facet normal 0.025541 0.154871 -0.987604
  outer loop
    vertex   16.106344 20.187384 46.832550
    vertex   16.180283 20.418524 46.870708
    vertex   16.348408 20.252722 46.849056
  endloop
endfacet
  facet normal 0.034689 0.159902 -0.986523
  outer loop
    vertex   15.332241 20.587303 46.874435
    vertex   15.786746 20.429018 46.864761
    vertex   15.529177 20.283342 46.832092
  endloop
endfacet
  facet normal 0.050905 0.141429 -0.988639
  outer loop
    vertex   14.924808 20.430330 46.831001
    vertex   15.332241 20.587303 46.874435
    vertex   15.150519 20.328903 46.828114
  endloop
endfacet
  facet normal 0.029197 0.156446 -0.987255
  outer loop
    vertex   15.529177 20.283342 46.832092
    vertex   15.150519 20.328903 46.828114
    vertex   15.332241 20.587303 46.874435
  endloop
endfacet
  facet normal 0.038512 0.172388 -0.984276
  outer loop
    vertex   15.332241 20.587303 46.874435
    vertex   14.924808 20.430330 46.831001
    vertex   15.024084 20.698771 46.881901
  endloop
endfacet
  facet normal 0.077098 0.181931 -0.980284
  outer loop
    vertex   14.243742 20.569933 46.825851
    vertex   14.495136 20.659487 46.862244
    vertex   14.572053 20.393393 46.818909
  endloop
endfacet
  facet normal 0.017168 0.165547 -0.986053
  outer loop
    vertex   14.756683 20.587238 46.854668
    vertex   14.572053 20.393393 46.818909
    vertex   14.495136 20.659487 46.862244
  endloop
endfacet
  facet normal 0.026474 0.176768 -0.983896
  outer loop
    vertex   14.924808 20.430330 46.831001
    vertex   14.756683 20.587238 46.854668
    vertex   15.024084 20.698771 46.881901
  endloop
endfacet
  facet normal -0.547000 0.315106 -0.775564
  outer loop
    vertex   12.808083 20.846985 46.825375
    vertex   12.699370 20.582405 46.794552
    vertex   12.572195 20.731003 46.944622
  endloop
endfacet
  facet normal 0.082899 0.233787 -0.968747
  outer loop
    vertex   14.243742 20.569933 46.825851
    vertex   14.013004 20.706396 46.839039
    vertex   14.323658 20.880783 46.907707
  endloop
endfacet
  facet normal 0.054352 0.241181 -0.968957
  outer loop
    vertex   14.495136 20.659487 46.862244
    vertex   14.243742 20.569933 46.825851
    vertex   14.323658 20.880783 46.907707
  endloop
endfacet
  facet normal 0.031637 0.218165 -0.975399
  outer loop
    vertex   13.478687 20.798002 46.845726
    vertex   13.746442 20.875013 46.871635
    vertex   13.693347 20.647402 46.819004
  endloop
endfacet
  facet normal 0.020380 0.220727 -0.975123
  outer loop
    vertex   13.746442 20.875013 46.871635
    vertex   14.013004 20.706396 46.839039
    vertex   13.693347 20.647402 46.819004
  endloop
endfacet
  facet normal -0.391528 -0.138928 -0.909618
  outer loop
    vertex   12.588533 20.956202 46.903194
    vertex   12.808083 20.846985 46.825375
    vertex   12.572195 20.731003 46.944622
  endloop
endfacet
  facet normal 0.047755 0.207151 -0.977143
  outer loop
    vertex   13.224029 20.892553 46.853325
    vertex   13.478687 20.798002 46.845726
    vertex   13.265602 20.690126 46.812443
  endloop
endfacet
  facet normal 0.052174 0.268429 -0.961886
  outer loop
    vertex   13.746442 20.875013 46.871635
    vertex   14.103499 20.985395 46.921806
    vertex   14.013004 20.706396 46.839039
  endloop
endfacet
  facet normal 0.064131 0.264647 -0.962211
  outer loop
    vertex   14.323658 20.880783 46.907707
    vertex   14.013004 20.706396 46.839039
    vertex   14.103499 20.985395 46.921806
  endloop
endfacet
  facet normal 0.033210 0.284528 -0.958092
  outer loop
    vertex   13.224029 20.892553 46.853325
    vertex   12.808083 20.846985 46.825375
    vertex   13.075337 21.139723 46.921574
  endloop
endfacet
  facet normal -0.002538 -0.210162 -0.977663
  outer loop
    vertex   19.851746 19.217224 46.926987
    vertex   20.303638 19.383068 46.890163
    vertex   20.125038 19.076305 46.956570
  endloop
endfacet
  facet normal 0.097928 -0.266630 -0.958811
  outer loop
    vertex   20.422255 19.144205 46.929478
    vertex   20.587816 19.353357 46.888226
    vertex   20.740479 19.157555 46.958267
  endloop
endfacet
  facet normal 0.007380 -0.163023 -0.986595
  outer loop
    vertex   18.677811 19.308754 46.916161
    vertex   18.870707 19.535580 46.880123
    vertex   18.971649 19.237469 46.930138
  endloop
endfacet
  facet normal -0.012293 -0.176170 -0.984283
  outer loop
    vertex   19.851746 19.217224 46.926987
    vertex   19.523273 19.207790 46.932777
    vertex   19.829433 19.455677 46.884586
  endloop
endfacet
  facet normal -0.024946 -0.174403 -0.984358
  outer loop
    vertex   20.303638 19.383068 46.890163
    vertex   20.587816 19.353357 46.888226
    vertex   20.422255 19.144205 46.929478
  endloop
endfacet
  facet normal 0.333878 -0.075781 -0.939565
  outer loop
    vertex   20.740479 19.157555 46.958267
    vertex   20.587816 19.353357 46.888226
    vertex   20.813324 19.472633 46.958740
  endloop
endfacet
  facet normal -0.043485 -0.179606 -0.982777
  outer loop
    vertex   18.870707 19.535580 46.880123
    vertex   19.065376 19.425953 46.891544
    vertex   18.971649 19.237469 46.930138
  endloop
endfacet
  facet normal -0.010186 -0.195720 -0.980607
  outer loop
    vertex   19.065376 19.425953 46.891544
    vertex   19.257282 19.289803 46.916725
    vertex   18.971649 19.237469 46.930138
  endloop
endfacet
  facet normal -0.070794 -0.105398 -0.991907
  outer loop
    vertex   19.634016 19.533443 46.890270
    vertex   19.829433 19.455677 46.884586
    vertex   19.523273 19.207790 46.932777
  endloop
endfacet
  facet normal -0.041876 -0.106473 -0.993433
  outer loop
    vertex   20.303638 19.383068 46.890163
    vertex   19.851746 19.217224 46.926987
    vertex   20.074240 19.517675 46.885406
  endloop
endfacet
  facet normal 0.018025 -0.135435 -0.990622
  outer loop
    vertex   19.257282 19.289803 46.916725
    vertex   19.634016 19.533443 46.890270
    vertex   19.523273 19.207790 46.932777
  endloop
endfacet
  facet normal -0.025536 -0.206074 -0.978203
  outer loop
    vertex   17.732721 19.216545 46.946384
    vertex   17.381454 19.224056 46.953972
    vertex   17.662298 19.497232 46.889091
  endloop
endfacet
  facet normal -0.022672 -0.129366 -0.991338
  outer loop
    vertex   18.677811 19.308754 46.916161
    vertex   18.314939 19.469633 46.903465
    vertex   18.624804 19.602970 46.878979
  endloop
endfacet
  facet normal 0.046517 -0.170658 -0.984232
  outer loop
    vertex   20.074240 19.517675 46.885406
    vertex   19.851746 19.217224 46.926987
    vertex   19.829433 19.455677 46.884586
  endloop
endfacet
  facet normal 0.333448 -0.074834 -0.939794
  outer loop
    vertex   20.813324 19.472633 46.958740
    vertex   20.587816 19.353357 46.888226
    vertex   20.576954 19.586502 46.865807
  endloop
endfacet
  facet normal 0.057855 -0.102123 -0.993088
  outer loop
    vertex   19.257282 19.289803 46.916725
    vertex   19.065376 19.425953 46.891544
    vertex   19.264030 19.667068 46.878323
  endloop
endfacet
  facet normal -0.004420 -0.101189 -0.994857
  outer loop
    vertex   19.264030 19.667068 46.878323
    vertex   19.634016 19.533443 46.890270
    vertex   19.257282 19.289803 46.916725
  endloop
endfacet
  facet normal -0.046764 -0.267839 -0.962328
  outer loop
    vertex   16.351126 19.669773 46.868587
    vertex   16.599066 19.442741 46.919727
    vertex   16.216187 19.399710 46.950310
  endloop
endfacet
  facet normal 0.009446 -0.206736 -0.978351
  outer loop
    vertex   17.381454 19.224056 46.953972
    vertex   17.124407 19.514944 46.890022
    vertex   17.472565 19.683685 46.857727
  endloop
endfacet
  facet normal -0.033177 -0.198534 -0.979532
  outer loop
    vertex   17.662298 19.497232 46.889091
    vertex   17.381454 19.224056 46.953972
    vertex   17.472565 19.683685 46.857727
  endloop
endfacet
  facet normal -0.026302 -0.251884 -0.967400
  outer loop
    vertex   16.897022 19.498611 46.897079
    vertex   16.599066 19.442741 46.919727
    vertex   16.676752 19.694244 46.852131
  endloop
endfacet
  facet normal -0.010988 -0.175684 -0.984385
  outer loop
    vertex   18.002228 19.504089 46.900806
    vertex   18.221437 19.705917 46.862339
    vertex   18.314939 19.469633 46.903465
  endloop
endfacet
  facet normal -0.031250 -0.130857 -0.990909
  outer loop
    vertex   18.870707 19.535580 46.880123
    vertex   18.677811 19.308754 46.916161
    vertex   18.624804 19.602970 46.878979
  endloop
endfacet
  facet normal -0.034760 -0.014309 -0.999293
  outer loop
    vertex   19.634016 19.533443 46.890270
    vertex   19.887913 19.721222 46.878750
    vertex   19.829433 19.455677 46.884586
  endloop
endfacet
  facet normal -0.026415 -0.080229 -0.996426
  outer loop
    vertex   20.305939 19.714806 46.863392
    vertex   20.303638 19.383068 46.890163
    vertex   20.074240 19.517675 46.885406
  endloop
endfacet
  facet normal 0.007586 -0.338057 -0.941095
  outer loop
    vertex   15.639826 19.676153 46.883064
    vertex   15.382092 19.465679 46.956593
    vertex   15.319965 19.688229 46.876148
  endloop
endfacet
  facet normal -0.030054 -0.250773 -0.967579
  outer loop
    vertex   16.351126 19.669773 46.868587
    vertex   16.676752 19.694244 46.852131
    vertex   16.599066 19.442741 46.919727
  endloop
endfacet
  facet normal -0.022255 -0.143443 -0.989408
  outer loop
    vertex   17.472565 19.683685 46.857727
    vertex   17.124407 19.514944 46.890022
    vertex   17.160938 19.750900 46.854992
  endloop
endfacet
  facet normal -0.059649 -0.352166 -0.934035
  outer loop
    vertex   14.954790 19.620060 46.925171
    vertex   15.319965 19.688229 46.876148
    vertex   15.149238 19.470055 46.969311
  endloop
endfacet
  facet normal -0.002271 -0.239553 -0.970881
  outer loop
    vertex   15.639826 19.676153 46.883064
    vertex   16.018412 19.794161 46.853062
    vertex   15.946493 19.529617 46.918503
  endloop
endfacet
  facet normal -0.001046 -0.239867 -0.970805
  outer loop
    vertex   15.946493 19.529617 46.918503
    vertex   16.018412 19.794161 46.853062
    vertex   16.216187 19.399710 46.950310
  endloop
endfacet
  facet normal 0.036991 -0.144423 -0.988824
  outer loop
    vertex   17.849237 19.768032 46.856533
    vertex   18.002228 19.504089 46.900806
    vertex   17.662298 19.497232 46.889091
  endloop
endfacet
  facet normal -0.013513 -0.173026 -0.984825
  outer loop
    vertex   18.002228 19.504089 46.900806
    vertex   17.849237 19.768032 46.856533
    vertex   18.221437 19.705917 46.862339
  endloop
endfacet
  facet normal 0.032073 -0.000560 -0.999485
  outer loop
    vertex   19.264030 19.667068 46.878323
    vertex   19.566422 19.794632 46.887955
    vertex   19.634016 19.533443 46.890270
  endloop
endfacet
  facet normal 0.378456 0.030574 -0.925114
  outer loop
    vertex   20.813324 19.472633 46.958740
    vertex   20.576954 19.586502 46.865807
    vertex   20.711208 19.835869 46.928970
  endloop
endfacet
  facet normal -0.032559 -0.017286 -0.999320
  outer loop
    vertex   19.566422 19.794632 46.887955
    vertex   19.887913 19.721222 46.878750
    vertex   19.634016 19.533443 46.890270
  endloop
endfacet
  facet normal 0.113230 0.071241 -0.991011
  outer loop
    vertex   19.887913 19.721222 46.878750
    vertex   20.227139 19.933353 46.932758
    vertex   20.074240 19.517675 46.885406
  endloop
endfacet
  facet normal -0.263383 0.204281 -0.942814
  outer loop
    vertex   20.305939 19.714806 46.863392
    vertex   20.074240 19.517675 46.885406
    vertex   20.227139 19.933353 46.932758
  endloop
endfacet
  facet normal 0.003057 0.137585 -0.990485
  outer loop
    vertex   19.566422 19.794632 46.887955
    vertex   19.868208 20.017429 46.919834
    vertex   19.887913 19.721222 46.878750
  endloop
endfacet
  facet normal 0.068714 0.141545 -0.987544
  outer loop
    vertex   20.227139 19.933353 46.932758
    vertex   19.887913 19.721222 46.878750
    vertex   19.868208 20.017429 46.919834
  endloop
endfacet
  facet normal -0.045225 -0.285276 -0.957378
  outer loop
    vertex   13.261561 19.896578 46.883121
    vertex   13.706329 19.969580 46.840359
    vertex   13.622473 19.771538 46.903332
  endloop
endfacet
  facet normal 0.036627 -0.011371 -0.999264
  outer loop
    vertex   19.566422 19.794632 46.887955
    vertex   19.264030 19.667068 46.878323
    vertex   19.173347 19.937155 46.871925
  endloop
endfacet
  facet normal -0.014015 0.108443 -0.994004
  outer loop
    vertex   19.173347 19.937155 46.871925
    vertex   18.798233 19.886438 46.871681
    vertex   18.944626 20.059593 46.888508
  endloop
endfacet
  facet normal -0.033731 0.132218 -0.990647
  outer loop
    vertex   18.798233 19.886438 46.871681
    vertex   18.464211 19.863533 46.879997
    vertex   18.653486 20.126411 46.908638
  endloop
endfacet
  facet normal 0.058667 0.049666 -0.997041
  outer loop
    vertex   19.536844 20.048203 46.898846
    vertex   19.566422 19.794632 46.887955
    vertex   19.173347 19.937155 46.871925
  endloop
endfacet
  facet normal 0.067821 0.050707 -0.996408
  outer loop
    vertex   19.868208 20.017429 46.919834
    vertex   19.566422 19.794632 46.887955
    vertex   19.536844 20.048203 46.898846
  endloop
endfacet
  facet normal 0.050181 0.207417 -0.976965
  outer loop
    vertex   18.046721 20.107553 46.901367
    vertex   18.282000 20.168375 46.926365
    vertex   18.192148 19.919968 46.869011
  endloop
endfacet
  facet normal 0.080242 0.196597 -0.977195
  outer loop
    vertex   18.464211 19.863533 46.879997
    vertex   18.192148 19.919968 46.869011
    vertex   18.282000 20.168375 46.926365
  endloop
endfacet
  facet normal -0.038870 0.129151 -0.990863
  outer loop
    vertex   18.653486 20.126411 46.908638
    vertex   18.944626 20.059593 46.888508
    vertex   18.798233 19.886438 46.871681
  endloop
endfacet
  facet normal 0.041227 0.105900 -0.993522
  outer loop
    vertex   19.335751 20.196705 46.906330
    vertex   19.536844 20.048203 46.898846
    vertex   19.173347 19.937155 46.871925
  endloop
endfacet
  facet normal 0.086098 0.273740 -0.957942
  outer loop
    vertex   19.536844 20.048203 46.898846
    vertex   19.695795 20.230167 46.965130
    vertex   19.868208 20.017429 46.919834
  endloop
endfacet
  facet normal -0.017233 0.102509 -0.994583
  outer loop
    vertex   19.173347 19.937155 46.871925
    vertex   18.944626 20.059593 46.888508
    vertex   19.063263 20.263597 46.907478
  endloop
endfacet
  facet normal 0.296111 0.165836 0.940647
  outer loop
    vertex   20.304142 20.234776 46.855377
    vertex   20.227139 19.933353 46.932758
    vertex   20.414001 20.049152 46.853519
  endloop
endfacet
  facet normal 0.027122 0.119661 -0.992444
  outer loop
    vertex   17.817629 20.099356 46.880539
    vertex   17.467724 19.966940 46.855011
    vertex   17.405334 20.331730 46.897289
  endloop
endfacet
  facet normal -0.041847 0.116610 -0.992296
  outer loop
    vertex   18.653486 20.126411 46.908638
    vertex   19.063263 20.263597 46.907478
    vertex   18.944626 20.059593 46.888508
  endloop
endfacet
  facet normal 0.024381 0.116360 -0.992908
  outer loop
    vertex   19.063263 20.263597 46.907478
    vertex   19.335751 20.196705 46.906330
    vertex   19.173347 19.937155 46.871925
  endloop
endfacet
  facet normal 0.170119 0.278013 -0.945393
  outer loop
    vertex   19.335751 20.196705 46.906330
    vertex   19.519030 20.378967 46.992908
    vertex   19.536844 20.048203 46.898846
  endloop
endfacet
  facet normal 0.047630 0.139732 -0.989043
  outer loop
    vertex   17.027412 20.242384 46.866467
    vertex   17.405334 20.331730 46.897289
    vertex   17.264599 20.083393 46.855427
  endloop
endfacet
  facet normal 0.051446 0.162311 -0.985398
  outer loop
    vertex   17.405334 20.331730 46.897289
    vertex   17.644352 20.456066 46.930248
    vertex   17.817629 20.099356 46.880539
  endloop
endfacet
  facet normal -0.020398 0.052490 -0.998413
  outer loop
    vertex   19.063263 20.263597 46.907478
    vertex   18.653486 20.126411 46.908638
    vertex   18.658321 20.357361 46.920681
  endloop
endfacet
  facet normal -0.000732 0.136334 -0.990663
  outer loop
    vertex   18.658321 20.357361 46.920681
    vertex   18.900764 20.476801 46.936939
    vertex   19.063263 20.263597 46.907478
  endloop
endfacet
  facet normal 0.041928 0.190900 -0.980714
  outer loop
    vertex   17.027412 20.242384 46.866467
    vertex   16.618814 20.298300 46.859882
    vertex   16.795216 20.534781 46.913456
  endloop
endfacet
  facet normal 0.049231 0.178259 -0.982751
  outer loop
    vertex   16.180283 20.418524 46.870708
    vertex   16.463427 20.630949 46.923424
    vertex   16.348408 20.252722 46.849056
  endloop
endfacet
  facet normal 0.007134 0.190833 -0.981597
  outer loop
    vertex   16.618814 20.298300 46.859882
    vertex   16.348408 20.252722 46.849056
    vertex   16.463427 20.630949 46.923424
  endloop
endfacet
  facet normal 0.031920 0.202627 -0.978736
  outer loop
    vertex   17.405334 20.331730 46.897289
    vertex   17.027412 20.242384 46.866467
    vertex   17.216173 20.574753 46.941433
  endloop
endfacet
  facet normal 0.021174 0.244679 -0.969373
  outer loop
    vertex   16.180283 20.418524 46.870708
    vertex   15.786746 20.429018 46.864761
    vertex   16.075159 20.596737 46.913395
  endloop
endfacet
  facet normal -0.943912 0.240265 -0.226499
  outer loop
    vertex   12.601285 20.280466 46.883022
    vertex   12.609243 20.474392 47.055569
    vertex   12.699370 20.582405 46.794552
  endloop
endfacet
  facet normal 0.028682 0.200457 -0.979283
  outer loop
    vertex   16.795216 20.534781 46.913456
    vertex   16.618814 20.298300 46.859882
    vertex   16.463427 20.630949 46.923424
  endloop
endfacet
  facet normal 0.056205 0.220899 -0.973676
  outer loop
    vertex   15.332241 20.587303 46.874435
    vertex   15.690377 20.638866 46.906807
    vertex   15.786746 20.429018 46.864761
  endloop
endfacet
  facet normal 0.004364 0.235368 -0.971897
  outer loop
    vertex   16.463427 20.630949 46.923424
    vertex   16.180283 20.418524 46.870708
    vertex   16.075159 20.596737 46.913395
  endloop
endfacet
  facet normal 0.089075 0.234845 -0.967943
  outer loop
    vertex   15.690377 20.638866 46.906807
    vertex   15.828806 20.816622 46.962673
    vertex   15.786746 20.429018 46.864761
  endloop
endfacet
  facet normal 0.022492 0.242558 -0.969876
  outer loop
    vertex   16.075159 20.596737 46.913395
    vertex   15.786746 20.429018 46.864761
    vertex   15.828806 20.816622 46.962673
  endloop
endfacet
  facet normal 0.041502 0.251633 -0.966932
  outer loop
    vertex   14.756683 20.587238 46.854668
    vertex   14.495136 20.659487 46.862244
    vertex   14.595038 20.875010 46.922619
  endloop
endfacet
  facet normal 0.053122 0.241275 -0.969002
  outer loop
    vertex   15.219602 20.796133 46.920258
    vertex   15.517406 20.786285 46.934132
    vertex   15.332241 20.587303 46.874435
  endloop
endfacet
  facet normal 0.052804 0.241555 -0.968949
  outer loop
    vertex   15.690377 20.638866 46.906807
    vertex   15.332241 20.587303 46.874435
    vertex   15.517406 20.786285 46.934132
  endloop
endfacet
  facet normal -0.007453 0.225836 -0.974137
  outer loop
    vertex   14.595038 20.875010 46.922619
    vertex   14.812794 20.928894 46.933445
    vertex   14.756683 20.587238 46.854668
  endloop
endfacet
  facet normal 0.005934 0.223751 -0.974628
  outer loop
    vertex   15.024084 20.698771 46.881901
    vertex   14.756683 20.587238 46.854668
    vertex   14.812794 20.928894 46.933445
  endloop
endfacet
  facet normal 0.066220 0.247800 -0.966545
  outer loop
    vertex   15.024084 20.698771 46.881901
    vertex   15.219602 20.796133 46.920258
    vertex   15.332241 20.587303 46.874435
  endloop
endfacet
  facet normal 0.058382 0.244105 -0.967990
  outer loop
    vertex   14.323658 20.880783 46.907707
    vertex   14.595038 20.875010 46.922619
    vertex   14.495136 20.659487 46.862244
  endloop
endfacet
  facet normal 0.070897 0.268165 -0.960761
  outer loop
    vertex   13.224029 20.892553 46.853325
    vertex   13.479357 21.075020 46.923096
    vertex   13.478687 20.798002 46.845726
  endloop
endfacet
  facet normal 0.015839 0.268931 -0.963029
  outer loop
    vertex   13.746442 20.875013 46.871635
    vertex   13.478687 20.798002 46.845726
    vertex   13.479357 21.075020 46.923096
  endloop
endfacet
  facet normal 0.039773 0.303978 -0.951849
  outer loop
    vertex   14.103499 20.985395 46.921806
    vertex   13.746442 20.875013 46.871635
    vertex   13.765688 21.145725 46.958893
  endloop
endfacet
  facet normal 0.050685 0.294035 -0.954450
  outer loop
    vertex   13.075337 21.139723 46.921574
    vertex   13.479357 21.075020 46.923096
    vertex   13.224029 20.892553 46.853325
  endloop
endfacet
  facet normal -0.334347 0.367713 -0.867756
  outer loop
    vertex   12.568715 21.193079 47.011208
    vertex   12.779718 21.177696 46.923389
    vertex   12.588533 20.956202 46.903194
  endloop
endfacet
  facet normal -0.203972 0.262062 -0.943249
  outer loop
    vertex   12.808083 20.846985 46.825375
    vertex   12.588533 20.956202 46.903194
    vertex   12.779718 21.177696 46.923389
  endloop
endfacet
  facet normal 0.030915 0.286459 -0.957594
  outer loop
    vertex   13.075337 21.139723 46.921574
    vertex   12.808083 20.846985 46.825375
    vertex   12.779718 21.177696 46.923389
  endloop
endfacet
  facet normal -0.019595 -0.295347 -0.955189
  outer loop
    vertex   20.406784 18.919535 46.999264
    vertex   20.125038 19.076305 46.956570
    vertex   20.422255 19.144205 46.929478
  endloop
endfacet
  facet normal 0.097329 -0.233844 -0.967390
  outer loop
    vertex   20.422255 19.144205 46.929478
    vertex   20.740479 19.157555 46.958267
    vertex   20.662487 18.909761 47.010319
  endloop
endfacet
  facet normal -0.014976 -0.251481 -0.967746
  outer loop
    vertex   18.677811 19.308754 46.916161
    vertex   18.971649 19.237469 46.930138
    vertex   18.661898 19.045952 46.984699
  endloop
endfacet
  facet normal 0.001207 -0.254439 -0.967088
  outer loop
    vertex   18.971649 19.237469 46.930138
    vertex   19.257282 19.289803 46.916725
    vertex   19.110821 19.030632 46.984730
  endloop
endfacet
  facet normal 0.013825 -0.261079 -0.965218
  outer loop
    vertex   19.500797 19.002373 46.997959
    vertex   19.110821 19.030632 46.984730
    vertex   19.257282 19.289803 46.916725
  endloop
endfacet
  facet normal -0.034584 -0.298831 -0.953679
  outer loop
    vertex   19.257282 19.289803 46.916725
    vertex   19.523273 19.207790 46.932777
    vertex   19.500797 19.002373 46.997959
  endloop
endfacet
  facet normal -0.047211 -0.185005 -0.981603
  outer loop
    vertex   20.422255 19.144205 46.929478
    vertex   20.125038 19.076305 46.956570
    vertex   20.303638 19.383068 46.890163
  endloop
endfacet
  facet normal 0.025059 -0.250130 -0.967888
  outer loop
    vertex   18.055407 19.264414 46.940147
    vertex   18.319315 19.255648 46.949245
    vertex   18.239912 19.034557 47.004326
  endloop
endfacet
  facet normal -0.058958 -0.209995 -0.975923
  outer loop
    vertex   18.677811 19.308754 46.916161
    vertex   18.319315 19.255648 46.949245
    vertex   18.314939 19.469633 46.903465
  endloop
endfacet
  facet normal 0.037653 -0.190773 -0.980912
  outer loop
    vertex   17.662298 19.497232 46.889091
    vertex   18.002228 19.504089 46.900806
    vertex   17.732721 19.216545 46.946384
  endloop
endfacet
  facet normal 0.004798 -0.160937 -0.986953
  outer loop
    vertex   18.055407 19.264414 46.940147
    vertex   17.732721 19.216545 46.946384
    vertex   18.002228 19.504089 46.900806
  endloop
endfacet
  facet normal 0.920567 -0.212341 -0.327823
  outer loop
    vertex   20.740479 19.157555 46.958267
    vertex   20.813324 19.472633 46.958740
    vertex   20.820934 19.222815 47.141926
  endloop
endfacet
  facet normal -0.023878 -0.263570 -0.964345
  outer loop
    vertex   16.599066 19.442741 46.919727
    vertex   16.897022 19.498611 46.897079
    vertex   16.751438 19.216942 46.977669
  endloop
endfacet
  facet normal -0.013821 -0.228224 -0.973511
  outer loop
    vertex   16.897022 19.498611 46.897079
    vertex   17.124407 19.514944 46.890022
    vertex   17.037806 19.219288 46.960564
  endloop
endfacet
  facet normal -0.015515 -0.227748 -0.973596
  outer loop
    vertex   17.381454 19.224056 46.953972
    vertex   17.037806 19.219288 46.960564
    vertex   17.124407 19.514944 46.890022
  endloop
endfacet
  facet normal -0.009690 -0.164061 -0.986403
  outer loop
    vertex   18.002228 19.504089 46.900806
    vertex   18.314939 19.469633 46.903465
    vertex   18.055407 19.264414 46.940147
  endloop
endfacet
  facet normal 0.026774 -0.208608 -0.977633
  outer loop
    vertex   18.319315 19.255648 46.949245
    vertex   18.055407 19.264414 46.940147
    vertex   18.314939 19.469633 46.903465
  endloop
endfacet
  facet normal -0.014146 -0.314286 -0.949223
  outer loop
    vertex   15.641391 19.380007 46.981094
    vertex   15.382092 19.465679 46.956593
    vertex   15.639826 19.676153 46.883064
  endloop
endfacet
  facet normal -0.057638 -0.353567 -0.933632
  outer loop
    vertex   15.382092 19.465679 46.956593
    vertex   15.149238 19.470055 46.969311
    vertex   15.319965 19.688229 46.876148
  endloop
endfacet
  facet normal -0.040519 -0.314185 -0.948497
  outer loop
    vertex   15.946493 19.529617 46.918503
    vertex   15.641391 19.380007 46.981094
    vertex   15.639826 19.676153 46.883064
  endloop
endfacet
  facet normal -0.031039 -0.318801 -0.947313
  outer loop
    vertex   14.175397 19.649479 46.927139
    vertex   14.500406 19.782719 46.871651
    vertex   14.514447 19.449249 46.983414
  endloop
endfacet
  facet normal 0.054639 -0.315236 -0.947439
  outer loop
    vertex   14.689756 19.675722 46.918171
    vertex   14.514447 19.449249 46.983414
    vertex   14.500406 19.782719 46.871651
  endloop
endfacet
  facet normal -0.012714 -0.362101 -0.932052
  outer loop
    vertex   13.622473 19.771538 46.903332
    vertex   13.970455 19.845413 46.869884
    vertex   13.794389 19.533831 46.993336
  endloop
endfacet
  facet normal -0.060628 -0.337873 -0.939237
  outer loop
    vertex   14.175397 19.649479 46.927139
    vertex   13.794389 19.533831 46.993336
    vertex   13.970455 19.845413 46.869884
  endloop
endfacet
  facet normal -0.024916 -0.325634 -0.945167
  outer loop
    vertex   13.078005 19.779095 46.928436
    vertex   13.261561 19.896578 46.883121
    vertex   13.371871 19.511734 47.012802
  endloop
endfacet
  facet normal -0.063405 -0.334958 -0.940097
  outer loop
    vertex   13.261561 19.896578 46.883121
    vertex   13.622473 19.771538 46.903332
    vertex   13.371871 19.511734 47.012802
  endloop
endfacet
  facet normal -0.305626 -0.011044 -0.952088
  outer loop
    vertex   12.742444 19.939034 47.034298
    vertex   13.078005 19.779095 46.928436
    vertex   12.827169 19.700087 47.009872
  endloop
endfacet
  facet normal -0.032447 0.131312 -0.990810
  outer loop
    vertex   18.282000 20.168375 46.926365
    vertex   18.653486 20.126411 46.908638
    vertex   18.464211 19.863533 46.879997
  endloop
endfacet
  facet normal 0.082476 0.276709 -0.957408
  outer loop
    vertex   19.519030 20.378967 46.992908
    vertex   19.695795 20.230167 46.965130
    vertex   19.536844 20.048203 46.898846
  endloop
endfacet
  facet normal -0.041635 0.052899 -0.997732
  outer loop
    vertex   18.282000 20.168375 46.926365
    vertex   18.658321 20.357361 46.920681
    vertex   18.653486 20.126411 46.908638
  endloop
endfacet
  facet normal 0.083575 0.162431 -0.983174
  outer loop
    vertex   17.817629 20.099356 46.880539
    vertex   17.986771 20.469854 46.956127
    vertex   18.046721 20.107553 46.901367
  endloop
endfacet
  facet normal -0.083339 0.136261 -0.987161
  outer loop
    vertex   18.658321 20.357361 46.920681
    vertex   18.282000 20.168375 46.926365
    vertex   18.368553 20.477360 46.961708
  endloop
endfacet
  facet normal 0.067468 0.169783 -0.983169
  outer loop
    vertex   17.644352 20.456066 46.930248
    vertex   17.986771 20.469854 46.956127
    vertex   17.817629 20.099356 46.880539
  endloop
endfacet
  facet normal 0.063464 0.159405 -0.985171
  outer loop
    vertex   18.282000 20.168375 46.926365
    vertex   18.046721 20.107553 46.901367
    vertex   17.986771 20.469854 46.956127
  endloop
endfacet
  facet normal 0.045176 0.200822 -0.978585
  outer loop
    vertex   19.335751 20.196705 46.906330
    vertex   19.063263 20.263597 46.907478
    vertex   19.203165 20.493444 46.961105
  endloop
endfacet
  facet normal 0.189372 0.259423 -0.947015
  outer loop
    vertex   19.203165 20.493444 46.961105
    vertex   19.519030 20.378967 46.992908
    vertex   19.335751 20.196705 46.906330
  endloop
endfacet
  facet normal 0.068007 0.187246 -0.979956
  outer loop
    vertex   18.900764 20.476801 46.936939
    vertex   19.203165 20.493444 46.961105
    vertex   19.063263 20.263597 46.907478
  endloop
endfacet
  facet normal 0.012361 0.110217 -0.993831
  outer loop
    vertex   18.282000 20.168375 46.926365
    vertex   17.986771 20.469854 46.956127
    vertex   18.368553 20.477360 46.961708
  endloop
endfacet
  facet normal 0.013866 0.353295 -0.935409
  outer loop
    vertex   18.658321 20.357361 46.920681
    vertex   18.368553 20.477360 46.961708
    vertex   18.657116 20.694700 47.048073
  endloop
endfacet
  facet normal 0.056066 0.201668 -0.977848
  outer loop
    vertex   16.795216 20.534781 46.913456
    vertex   17.013470 20.644255 46.948547
    vertex   17.027412 20.242384 46.866467
  endloop
endfacet
  facet normal 0.034610 0.201148 -0.978949
  outer loop
    vertex   17.216173 20.574753 46.941433
    vertex   17.027412 20.242384 46.866467
    vertex   17.013470 20.644255 46.948547
  endloop
endfacet
  facet normal -0.110451 0.350778 -0.929922
  outer loop
    vertex   18.900764 20.476801 46.936939
    vertex   18.658321 20.357361 46.920681
    vertex   18.657116 20.694700 47.048073
  endloop
endfacet
  facet normal -0.853966 -0.305424 -0.421257
  outer loop
    vertex   12.609243 20.474392 47.055569
    vertex   12.572195 20.731003 46.944622
    vertex   12.699370 20.582405 46.794552
  endloop
endfacet
  facet normal 0.035580 0.240031 -0.970113
  outer loop
    vertex   17.013470 20.644255 46.948547
    vertex   16.795216 20.534781 46.913456
    vertex   16.766113 20.855015 46.991623
  endloop
endfacet
  facet normal -0.018339 0.300101 -0.953731
  outer loop
    vertex   16.159674 20.827539 46.984394
    vertex   16.434742 20.943298 47.015530
    vertex   16.075159 20.596737 46.913395
  endloop
endfacet
  facet normal -0.000146 0.282828 -0.959171
  outer loop
    vertex   16.463427 20.630949 46.923424
    vertex   16.075159 20.596737 46.913395
    vertex   16.434742 20.943298 47.015530
  endloop
endfacet
  facet normal 0.040547 0.240412 -0.969824
  outer loop
    vertex   16.766113 20.855015 46.991623
    vertex   16.795216 20.534781 46.913456
    vertex   16.463427 20.630949 46.923424
  endloop
endfacet
  facet normal 0.063749 0.253699 -0.965180
  outer loop
    vertex   15.517406 20.786285 46.934132
    vertex   15.828806 20.816622 46.962673
    vertex   15.690377 20.638866 46.906807
  endloop
endfacet
  facet normal 0.060860 0.271048 -0.960640
  outer loop
    vertex   14.812794 20.928894 46.933445
    vertex   15.104881 21.003796 46.973083
    vertex   15.024084 20.698771 46.881901
  endloop
endfacet
  facet normal 0.052357 0.273263 -0.960514
  outer loop
    vertex   15.219602 20.796133 46.920258
    vertex   15.024084 20.698771 46.881901
    vertex   15.104881 21.003796 46.973083
  endloop
endfacet
  facet normal 0.053839 0.276238 -0.959580
  outer loop
    vertex   15.219602 20.796133 46.920258
    vertex   15.336259 21.027569 46.993427
    vertex   15.517406 20.786285 46.934132
  endloop
endfacet
  facet normal 0.056116 0.275148 -0.959763
  outer loop
    vertex   15.104881 21.003796 46.973083
    vertex   15.336259 21.027569 46.993427
    vertex   15.219602 20.796133 46.920258
  endloop
endfacet
  facet normal 0.085074 0.306801 -0.947964
  outer loop
    vertex   14.323658 20.880783 46.907707
    vertex   14.103499 20.985395 46.921806
    vertex   14.281536 21.247128 47.022491
  endloop
endfacet
  facet normal 0.044008 0.303650 -0.951767
  outer loop
    vertex   13.746442 20.875013 46.871635
    vertex   13.479357 21.075020 46.923096
    vertex   13.765688 21.145725 46.958893
  endloop
endfacet
  facet normal 0.049663 0.323234 -0.945015
  outer loop
    vertex   13.765688 21.145725 46.958893
    vertex   14.033387 21.221609 46.998917
    vertex   14.103499 20.985395 46.921806
  endloop
endfacet
  facet normal 0.058991 0.346327 -0.936257
  outer loop
    vertex   13.479357 21.075020 46.923096
    vertex   13.075337 21.139723 46.921574
    vertex   13.398739 21.303646 47.002586
  endloop
endfacet
  facet normal 0.038538 0.344860 -0.937863
  outer loop
    vertex   12.779718 21.177696 46.923389
    vertex   12.989742 21.379482 47.006218
    vertex   13.075337 21.139723 46.921574
  endloop
endfacet
  facet normal 0.029840 -0.298376 -0.953982
  outer loop
    vertex   20.662487 18.909761 47.010319
    vertex   20.406784 18.919535 46.999264
    vertex   20.422255 19.144205 46.929478
  endloop
endfacet
  facet normal -0.054048 -0.304459 -0.950991
  outer loop
    vertex   19.851746 19.217224 46.926987
    vertex   20.125038 19.076305 46.956570
    vertex   19.822086 18.917706 47.024563
  endloop
endfacet
  facet normal 0.012316 -0.349222 -0.936959
  outer loop
    vertex   17.251654 18.945526 47.065411
    vertex   16.973980 18.980766 47.048626
    vertex   17.037806 19.219288 46.960564
  endloop
endfacet
  facet normal -0.012764 -0.366304 -0.930408
  outer loop
    vertex   17.037806 19.219288 46.960564
    vertex   17.381454 19.224056 46.953972
    vertex   17.251654 18.945526 47.065411
  endloop
endfacet
  facet normal -0.008832 -0.260741 -0.965369
  outer loop
    vertex   19.110821 19.030632 46.984730
    vertex   18.661898 19.045952 46.984699
    vertex   18.971649 19.237469 46.930138
  endloop
endfacet
  facet normal -0.008145 -0.301632 -0.953390
  outer loop
    vertex   19.523273 19.207790 46.932777
    vertex   19.851746 19.217224 46.926987
    vertex   19.500797 19.002373 46.997959
  endloop
endfacet
  facet normal -0.002823 -0.309500 -0.950895
  outer loop
    vertex   19.822086 18.917706 47.024563
    vertex   19.500797 19.002373 46.997959
    vertex   19.851746 19.217224 46.926987
  endloop
endfacet
  facet normal 0.031230 -0.333300 -0.942303
  outer loop
    vertex   17.732721 19.216545 46.946384
    vertex   18.055407 19.264414 46.940147
    vertex   17.896898 19.028860 47.018211
  endloop
endfacet
  facet normal -0.033789 -0.293841 -0.955257
  outer loop
    vertex   18.239912 19.034557 47.004326
    vertex   17.896898 19.028860 47.018211
    vertex   18.055407 19.264414 46.940147
  endloop
endfacet
  facet normal -0.039080 -0.228320 -0.972802
  outer loop
    vertex   18.661898 19.045952 46.984699
    vertex   18.239912 19.034557 47.004326
    vertex   18.319315 19.255648 46.949245
  endloop
endfacet
  facet normal -0.052357 -0.249043 -0.967076
  outer loop
    vertex   18.319315 19.255648 46.949245
    vertex   18.677811 19.308754 46.916161
    vertex   18.661898 19.045952 46.984699
  endloop
endfacet
  facet normal -0.055740 -0.247912 -0.967178
  outer loop
    vertex   16.897022 19.498611 46.897079
    vertex   17.037806 19.219288 46.960564
    vertex   16.751438 19.216942 46.977669
  endloop
endfacet
  facet normal -0.035622 -0.321773 -0.946147
  outer loop
    vertex   15.832544 19.263744 47.010994
    vertex   16.216187 19.399710 46.950310
    vertex   15.976620 19.109468 47.058037
  endloop
endfacet
  facet normal -0.044439 -0.285073 -0.957475
  outer loop
    vertex   16.216187 19.399710 46.950310
    vertex   16.599066 19.442741 46.919727
    vertex   16.525768 19.192127 46.997746
  endloop
endfacet
  facet normal -0.054165 -0.282325 -0.957788
  outer loop
    vertex   16.525768 19.192127 46.997746
    vertex   16.599066 19.442741 46.919727
    vertex   16.751438 19.216942 46.977669
  endloop
endfacet
  facet normal -0.039033 -0.313349 -0.948835
  outer loop
    vertex   16.216187 19.399710 46.950310
    vertex   15.832544 19.263744 47.010994
    vertex   15.946493 19.529617 46.918503
  endloop
endfacet
  facet normal -0.041531 -0.312356 -0.949057
  outer loop
    vertex   15.641391 19.380007 46.981094
    vertex   15.946493 19.529617 46.918503
    vertex   15.832544 19.263744 47.010994
  endloop
endfacet
  facet normal -0.048934 -0.339803 -0.939223
  outer loop
    vertex   15.149238 19.470055 46.969311
    vertex   14.851645 19.323963 47.037670
    vertex   14.954790 19.620060 46.925171
  endloop
endfacet
  facet normal -0.052213 -0.351155 -0.934860
  outer loop
    vertex   14.514447 19.449249 46.983414
    vertex   14.077756 19.366802 47.038773
    vertex   14.175397 19.649479 46.927139
  endloop
endfacet
  facet normal 0.039807 -0.304936 -0.951541
  outer loop
    vertex   14.851645 19.323963 47.037670
    vertex   14.514447 19.449249 46.983414
    vertex   14.689756 19.675722 46.918171
  endloop
endfacet
  facet normal -0.056275 -0.349852 -0.935113
  outer loop
    vertex   14.077756 19.366802 47.038773
    vertex   13.794389 19.533831 46.993336
    vertex   14.175397 19.649479 46.927139
  endloop
endfacet
  facet normal -0.046713 -0.340521 -0.939076
  outer loop
    vertex   14.851645 19.323963 47.037670
    vertex   14.689756 19.675722 46.918171
    vertex   14.954790 19.620060 46.925171
  endloop
endfacet
  facet normal -0.023521 -0.368836 -0.929197
  outer loop
    vertex   13.794389 19.533831 46.993336
    vertex   13.371871 19.511734 47.012802
    vertex   13.622473 19.771538 46.903332
  endloop
endfacet
  facet normal 0.183274 0.672143 -0.717381
  outer loop
    vertex   20.107655 20.123571 47.080456
    vertex   20.227139 19.933353 46.932758
    vertex   19.868208 20.017429 46.919834
  endloop
endfacet
  facet normal 0.303170 0.640481 -0.705600
  outer loop
    vertex   19.203165 20.493444 46.961105
    vertex   19.313231 20.614969 47.118706
    vertex   19.519030 20.378967 46.992908
  endloop
endfacet
  facet normal 0.056332 0.353536 -0.933723
  outer loop
    vertex   17.986771 20.469854 46.956127
    vertex   17.644352 20.456066 46.930248
    vertex   17.744787 20.801060 47.066933
  endloop
endfacet
  facet normal 0.009166 0.253105 -0.967395
  outer loop
    vertex   18.368553 20.477360 46.961708
    vertex   17.986771 20.469854 46.956127
    vertex   17.991707 20.679922 47.011135
  endloop
endfacet
  facet normal -0.004485 0.450354 -0.892839
  outer loop
    vertex   18.657116 20.694700 47.048073
    vertex   18.883736 20.721657 47.060532
    vertex   18.900764 20.476801 46.936939
  endloop
endfacet
  facet normal 0.046246 0.452686 -0.890470
  outer loop
    vertex   18.883736 20.721657 47.060532
    vertex   19.203165 20.493444 46.961105
    vertex   18.900764 20.476801 46.936939
  endloop
endfacet
  facet normal 0.095668 0.249504 -0.963637
  outer loop
    vertex   17.216173 20.574753 46.941433
    vertex   17.426476 20.782562 47.016117
    vertex   17.405334 20.331730 46.897289
  endloop
endfacet
  facet normal 0.000776 0.254836 -0.966984
  outer loop
    vertex   17.644352 20.456066 46.930248
    vertex   17.405334 20.331730 46.897289
    vertex   17.426476 20.782562 47.016117
  endloop
endfacet
  facet normal -0.092799 0.254264 -0.962672
  outer loop
    vertex   17.744787 20.801060 47.066933
    vertex   17.991707 20.679922 47.011135
    vertex   17.986771 20.469854 46.956127
  endloop
endfacet
  facet normal 0.060647 0.275096 -0.959502
  outer loop
    vertex   17.013470 20.644255 46.948547
    vertex   17.138456 20.865574 47.019901
    vertex   17.216173 20.574753 46.941433
  endloop
endfacet
  facet normal 0.067124 0.276594 -0.958640
  outer loop
    vertex   17.426476 20.782562 47.016117
    vertex   17.216173 20.574753 46.941433
    vertex   17.138456 20.865574 47.019901
  endloop
endfacet
  facet normal 0.053917 0.275505 -0.959786
  outer loop
    vertex   15.828806 20.816622 46.962673
    vertex   16.159674 20.827539 46.984394
    vertex   16.075159 20.596737 46.913395
  endloop
endfacet
  facet normal -0.997202 0.065829 -0.035436
  outer loop
    vertex   12.572195 20.731003 46.944622
    vertex   12.581417 20.963264 47.116577
    vertex   12.588533 20.956202 46.903194
  endloop
endfacet
  facet normal 0.006308 0.283367 -0.958991
  outer loop
    vertex   16.766113 20.855015 46.991623
    vertex   16.463427 20.630949 46.923424
    vertex   16.434742 20.943298 47.015530
  endloop
endfacet
  facet normal 0.065169 0.272671 -0.959898
  outer loop
    vertex   17.013470 20.644255 46.948547
    vertex   16.766113 20.855015 46.991623
    vertex   17.138456 20.865574 47.019901
  endloop
endfacet
  facet normal 0.053035 0.292386 -0.954829
  outer loop
    vertex   16.159674 20.827539 46.984394
    vertex   15.828806 20.816622 46.962673
    vertex   16.078886 21.051416 47.048462
  endloop
endfacet
  facet normal 0.060555 0.280852 -0.957839
  outer loop
    vertex   15.517406 20.786285 46.934132
    vertex   15.336259 21.027569 46.993427
    vertex   15.680307 21.038694 47.018440
  endloop
endfacet
  facet normal 0.060422 0.280933 -0.957824
  outer loop
    vertex   15.828806 20.816622 46.962673
    vertex   15.517406 20.786285 46.934132
    vertex   15.680307 21.038694 47.018440
  endloop
endfacet
  facet normal 0.058679 0.294997 -0.953695
  outer loop
    vertex   14.595038 20.875010 46.922619
    vertex   14.323658 20.880783 46.907707
    vertex   14.582819 21.153269 47.007938
  endloop
endfacet
  facet normal -0.024740 0.292065 -0.956078
  outer loop
    vertex   14.812794 20.928894 46.933445
    vertex   14.595038 20.875010 46.922619
    vertex   14.582819 21.153269 47.007938
  endloop
endfacet
  facet normal -0.997115 -0.069306 -0.030960
  outer loop
    vertex   12.568715 21.193079 47.011208
    vertex   12.588533 20.956202 46.903194
    vertex   12.581417 20.963264 47.116577
  endloop
endfacet
  facet normal 0.048658 0.303727 -0.951516
  outer loop
    vertex   14.582819 21.153269 47.007938
    vertex   14.323658 20.880783 46.907707
    vertex   14.281536 21.247128 47.022491
  endloop
endfacet
  facet normal 0.056280 0.324891 -0.944075
  outer loop
    vertex   14.033387 21.221609 46.998917
    vertex   14.281536 21.247128 47.022491
    vertex   14.103499 20.985395 46.921806
  endloop
endfacet
  facet normal 0.003950 0.318734 -0.947836
  outer loop
    vertex   14.582819 21.153269 47.007938
    vertex   14.842480 21.167316 47.013744
    vertex   14.812794 20.928894 46.933445
  endloop
endfacet
  facet normal 0.048339 0.313395 -0.948392
  outer loop
    vertex   14.842480 21.167316 47.013744
    vertex   15.104881 21.003796 46.973083
    vertex   14.812794 20.928894 46.933445
  endloop
endfacet
  facet normal 0.050254 0.343753 -0.937714
  outer loop
    vertex   13.398739 21.303646 47.002586
    vertex   13.663973 21.376673 47.043571
    vertex   13.479357 21.075020 46.923096
  endloop
endfacet
  facet normal 0.029053 0.355356 -0.934279
  outer loop
    vertex   13.765688 21.145725 46.958893
    vertex   13.479357 21.075020 46.923096
    vertex   13.663973 21.376673 47.043571
  endloop
endfacet
  facet normal -0.331826 0.379295 -0.863728
  outer loop
    vertex   12.779718 21.177696 46.923389
    vertex   12.568715 21.193079 47.011208
    vertex   12.767607 21.400480 47.025875
  endloop
endfacet
  facet normal -0.041103 0.415724 -0.908562
  outer loop
    vertex   12.767607 21.400480 47.025875
    vertex   12.989742 21.379482 47.006218
    vertex   12.779718 21.177696 46.923389
  endloop
endfacet
  facet normal 0.028731 -0.319626 -0.947108
  outer loop
    vertex   20.440079 18.675747 47.082546
    vertex   20.406784 18.919535 46.999264
    vertex   20.662487 18.909761 47.010319
  endloop
endfacet
  facet normal -0.041453 -0.374406 -0.926338
  outer loop
    vertex   18.655907 18.743292 47.107296
    vertex   18.399023 18.858206 47.072346
    vertex   18.661898 19.045952 46.984699
  endloop
endfacet
  facet normal -0.012539 -0.369281 -0.929233
  outer loop
    vertex   18.661898 19.045952 46.984699
    vertex   19.110821 19.030632 46.984730
    vertex   18.966187 18.726973 47.107357
  endloop
endfacet
  facet normal -0.022253 -0.365228 -0.930652
  outer loop
    vertex   19.216511 18.846941 47.054291
    vertex   18.966187 18.726973 47.107357
    vertex   19.110821 19.030632 46.984730
  endloop
endfacet
  facet normal -0.017014 -0.357913 -0.933600
  outer loop
    vertex   19.500797 19.002373 46.997959
    vertex   19.822086 18.917706 47.024563
    vertex   19.582483 18.754475 47.091507
  endloop
endfacet
  facet normal -0.026609 -0.350519 -0.936177
  outer loop
    vertex   20.134464 18.793646 47.062134
    vertex   19.822086 18.917706 47.024563
    vertex   20.125038 19.076305 46.956570
  endloop
endfacet
  facet normal -0.053602 -0.350930 -0.934866
  outer loop
    vertex   20.406784 18.919535 46.999264
    vertex   20.134464 18.793646 47.062134
    vertex   20.125038 19.076305 46.956570
  endloop
endfacet
  facet normal -0.032500 -0.385066 -0.922317
  outer loop
    vertex   18.239912 19.034557 47.004326
    vertex   18.661898 19.045952 46.984699
    vertex   18.399023 18.858206 47.072346
  endloop
endfacet
  facet normal 0.006334 -0.350946 -0.936374
  outer loop
    vertex   19.110821 19.030632 46.984730
    vertex   19.500797 19.002373 46.997959
    vertex   19.216511 18.846941 47.054291
  endloop
endfacet
  facet normal 0.417429 -0.310759 -0.853922
  outer loop
    vertex   20.740479 19.157555 46.958267
    vertex   20.900608 18.975267 47.102882
    vertex   20.662487 18.909761 47.010319
  endloop
endfacet
  facet normal -0.066219 -0.319403 -0.945303
  outer loop
    vertex   16.525768 19.192127 46.997746
    vertex   16.684706 18.946011 47.069771
    vertex   16.375534 19.039812 47.059734
  endloop
endfacet
  facet normal 0.016033 -0.377852 -0.925727
  outer loop
    vertex   17.585531 18.933702 47.076019
    vertex   17.251654 18.945526 47.065411
    vertex   17.381454 19.224056 46.953972
  endloop
endfacet
  facet normal -0.028391 -0.404236 -0.914214
  outer loop
    vertex   17.381454 19.224056 46.953972
    vertex   17.732721 19.216545 46.946384
    vertex   17.585531 18.933702 47.076019
  endloop
endfacet
  facet normal -0.049736 -0.394631 -0.917493
  outer loop
    vertex   17.896898 19.028860 47.018211
    vertex   17.585531 18.933702 47.076019
    vertex   17.732721 19.216545 46.946384
  endloop
endfacet
  facet normal -0.050333 -0.310314 -0.949301
  outer loop
    vertex   16.525768 19.192127 46.997746
    vertex   16.751438 19.216942 46.977669
    vertex   16.684706 18.946011 47.069771
  endloop
endfacet
  facet normal -0.031530 -0.314727 -0.948658
  outer loop
    vertex   16.973980 18.980766 47.048626
    vertex   16.684706 18.946011 47.069771
    vertex   16.751438 19.216942 46.977669
  endloop
endfacet
  facet normal -0.053497 -0.333224 -0.941329
  outer loop
    vertex   16.751438 19.216942 46.977669
    vertex   17.037806 19.219288 46.960564
    vertex   16.973980 18.980766 47.048626
  endloop
endfacet
  facet normal -0.068119 -0.317706 -0.945739
  outer loop
    vertex   16.525768 19.192127 46.997746
    vertex   16.375534 19.039812 47.059734
    vertex   16.216187 19.399710 46.950310
  endloop
endfacet
  facet normal -0.050235 -0.310822 -0.949140
  outer loop
    vertex   16.216187 19.399710 46.950310
    vertex   16.375534 19.039812 47.059734
    vertex   15.976620 19.109468 47.058037
  endloop
endfacet
  facet normal -0.029028 -0.355085 -0.934383
  outer loop
    vertex   15.641391 19.380007 46.981094
    vertex   15.357476 19.175611 47.067589
    vertex   15.382092 19.465679 46.956593
  endloop
endfacet
  facet normal -0.043284 -0.388350 -0.920495
  outer loop
    vertex   14.542507 19.214705 47.081047
    vertex   14.202096 19.184515 47.109791
    vertex   14.514447 19.449249 46.983414
  endloop
endfacet
  facet normal 0.006030 -0.383679 -0.923447
  outer loop
    vertex   14.514447 19.449249 46.983414
    vertex   14.851645 19.323963 47.037670
    vertex   14.542507 19.214705 47.081047
  endloop
endfacet
  facet normal -0.050575 -0.336908 -0.940178
  outer loop
    vertex   14.851645 19.323963 47.037670
    vertex   15.149238 19.470055 46.969311
    vertex   15.087674 19.150291 47.087208
  endloop
endfacet
  facet normal -0.057640 -0.352520 -0.934027
  outer loop
    vertex   15.149238 19.470055 46.969311
    vertex   15.382092 19.465679 46.956593
    vertex   15.357476 19.175611 47.067589
  endloop
endfacet
  facet normal -0.043396 -0.388238 -0.920537
  outer loop
    vertex   14.077756 19.366802 47.038773
    vertex   14.514447 19.449249 46.983414
    vertex   14.202096 19.184515 47.109791
  endloop
endfacet
  facet normal -0.022576 -0.382175 -0.923814
  outer loop
    vertex   13.371871 19.511734 47.012802
    vertex   13.794389 19.533831 46.993336
    vertex   13.514950 19.332212 47.083572
  endloop
endfacet
  facet normal -0.032932 -0.369910 -0.928484
  outer loop
    vertex   13.847330 19.193878 47.126896
    vertex   13.514950 19.332212 47.083572
    vertex   13.794389 19.533831 46.993336
  endloop
endfacet
  facet normal -0.070320 -0.369651 -0.926506
  outer loop
    vertex   13.371871 19.511734 47.012802
    vertex   13.031617 19.477665 47.052219
    vertex   13.078005 19.779095 46.928436
  endloop
endfacet
  facet normal -0.404329 -0.515495 -0.755501
  outer loop
    vertex   12.816790 19.481657 47.164467
    vertex   12.827169 19.700087 47.009872
    vertex   13.031617 19.477665 47.052219
  endloop
endfacet
  facet normal -0.188494 -0.348100 -0.918312
  outer loop
    vertex   12.827169 19.700087 47.009872
    vertex   13.078005 19.779095 46.928436
    vertex   13.031617 19.477665 47.052219
  endloop
endfacet
  facet normal 0.604270 0.771224 -0.200180
  outer loop
    vertex   20.414001 20.049152 46.853519
    vertex   20.626194 19.948065 47.104595
    vertex   20.711208 19.835869 46.928970
  endloop
endfacet
  facet normal 0.347454 0.456043 -0.819329
  outer loop
    vertex   19.695795 20.230167 46.965130
    vertex   20.107655 20.123571 47.080456
    vertex   19.868208 20.017429 46.919834
  endloop
endfacet
  facet normal 0.346771 0.553328 -0.757349
  outer loop
    vertex   19.695795 20.230167 46.965130
    vertex   19.519030 20.378967 46.992908
    vertex   19.848736 20.399611 47.158955
  endloop
endfacet
  facet normal -0.110186 0.489929 -0.864771
  outer loop
    vertex   18.657116 20.694700 47.048073
    vertex   18.368553 20.477360 46.961708
    vertex   18.380764 20.760965 47.120827
  endloop
endfacet
  facet normal 0.144184 0.479463 -0.865636
  outer loop
    vertex   17.991707 20.679922 47.011135
    vertex   18.380764 20.760965 47.120827
    vertex   18.368553 20.477360 46.961708
  endloop
endfacet
  facet normal 0.129823 0.332325 -0.934187
  outer loop
    vertex   17.426476 20.782562 47.016117
    vertex   17.744787 20.801060 47.066933
    vertex   17.644352 20.456066 46.930248
  endloop
endfacet
  facet normal -0.006047 0.273107 -0.961965
  outer loop
    vertex   16.078886 21.051416 47.048462
    vertex   16.434742 20.943298 47.015530
    vertex   16.159674 20.827539 46.984394
  endloop
endfacet
  facet normal 0.059377 0.379187 -0.923413
  outer loop
    vertex   17.138456 20.865574 47.019901
    vertex   16.766113 20.855015 46.991623
    vertex   16.945326 21.085234 47.097683
  endloop
endfacet
  facet normal 0.063078 0.282547 -0.957177
  outer loop
    vertex   15.680307 21.038694 47.018440
    vertex   16.078886 21.051416 47.048462
    vertex   15.828806 20.816622 46.962673
  endloop
endfacet
  facet normal 0.053827 0.396171 -0.916598
  outer loop
    vertex   15.680307 21.038694 47.018440
    vertex   15.336259 21.027569 46.993427
    vertex   15.578136 21.225536 47.093197
  endloop
endfacet
  facet normal 0.076629 0.354678 -0.931843
  outer loop
    vertex   14.842480 21.167316 47.013744
    vertex   15.051152 21.284113 47.075359
    vertex   15.104881 21.003796 46.973083
  endloop
endfacet
  facet normal 0.046274 0.350204 -0.935530
  outer loop
    vertex   15.336259 21.027569 46.993427
    vertex   15.104881 21.003796 46.973083
    vertex   15.051152 21.284113 47.075359
  endloop
endfacet
  facet normal 0.062192 0.344854 -0.936594
  outer loop
    vertex   14.582819 21.153269 47.007938
    vertex   14.281536 21.247128 47.022491
    vertex   14.510529 21.356440 47.077946
  endloop
endfacet
  facet normal 0.049281 0.362890 -0.930528
  outer loop
    vertex   13.765688 21.145725 46.958893
    vertex   13.663973 21.376673 47.043571
    vertex   13.890385 21.451578 47.084774
  endloop
endfacet
  facet normal 0.034500 0.368312 -0.929062
  outer loop
    vertex   14.033387 21.221609 46.998917
    vertex   13.765688 21.145725 46.958893
    vertex   13.890385 21.451578 47.084774
  endloop
endfacet
  facet normal 0.015856 0.417685 -0.908453
  outer loop
    vertex   13.398739 21.303646 47.002586
    vertex   13.075337 21.139723 46.921574
    vertex   13.176661 21.534988 47.105076
  endloop
endfacet
  facet normal -0.415063 0.453799 -0.788537
  outer loop
    vertex   12.767607 21.400480 47.025875
    vertex   12.568715 21.193079 47.011208
    vertex   12.542975 21.414654 47.152271
  endloop
endfacet
  facet normal 0.165013 0.380199 -0.910066
  outer loop
    vertex   12.989742 21.379482 47.006218
    vertex   13.176661 21.534988 47.105076
    vertex   13.075337 21.139723 46.921574
  endloop
endfacet
  facet normal 0.050042 -0.337666 -0.939935
  outer loop
    vertex   20.440079 18.675747 47.082546
    vertex   20.662487 18.909761 47.010319
    vertex   20.737534 18.634020 47.113373
  endloop
endfacet
  facet normal -0.064605 -0.330490 -0.941596
  outer loop
    vertex   20.134464 18.793646 47.062134
    vertex   20.406784 18.919535 46.999264
    vertex   20.440079 18.675747 47.082546
  endloop
endfacet
  facet normal 0.528147 -0.167388 -0.832491
  outer loop
    vertex   20.662487 18.909761 47.010319
    vertex   20.939606 18.777020 47.212818
    vertex   20.737534 18.634020 47.113373
  endloop
endfacet
  facet normal -0.019542 -0.375030 -0.926807
  outer loop
    vertex   18.966187 18.726973 47.107357
    vertex   18.655907 18.743292 47.107296
    vertex   18.661898 19.045952 46.984699
  endloop
endfacet
  facet normal 0.006482 -0.351184 -0.936284
  outer loop
    vertex   19.216511 18.846941 47.054291
    vertex   19.500797 19.002373 46.997959
    vertex   19.582483 18.754475 47.091507
  endloop
endfacet
  facet normal 0.423611 -0.374145 -0.824966
  outer loop
    vertex   20.662487 18.909761 47.010319
    vertex   20.900608 18.975267 47.102882
    vertex   20.939606 18.777020 47.212818
  endloop
endfacet
  facet normal -0.015056 -0.482696 -0.875659
  outer loop
    vertex   17.585531 18.933702 47.076019
    vertex   17.896898 19.028860 47.018211
    vertex   17.903280 18.794653 47.147205
  endloop
endfacet
  facet normal -0.149045 -0.470029 -0.869976
  outer loop
    vertex   18.399023 18.858206 47.072346
    vertex   18.167400 18.610889 47.245647
    vertex   18.239912 19.034557 47.004326
  endloop
endfacet
  facet normal -0.077925 -0.467726 -0.880432
  outer loop
    vertex   15.976620 19.109468 47.058037
    vertex   16.375534 19.039812 47.059734
    vertex   16.195715 18.815956 47.194572
  endloop
endfacet
  facet normal 0.812705 0.336588 -0.475625
  outer loop
    vertex   20.740479 19.157555 46.958267
    vertex   20.820934 19.222815 47.141926
    vertex   20.900608 18.975267 47.102882
  endloop
endfacet
  facet normal -0.030831 -0.352904 -0.935151
  outer loop
    vertex   15.357476 19.175611 47.067589
    vertex   15.641391 19.380007 46.981094
    vertex   15.614892 19.034813 47.112236
  endloop
endfacet
  facet normal -0.066642 -0.349878 -0.934422
  outer loop
    vertex   15.832544 19.263744 47.010994
    vertex   15.614892 19.034813 47.112236
    vertex   15.641391 19.380007 46.981094
  endloop
endfacet
  facet normal -0.001356 -0.365679 -0.930740
  outer loop
    vertex   14.850286 19.074070 47.135853
    vertex   14.542507 19.214705 47.081047
    vertex   14.851645 19.323963 47.037670
  endloop
endfacet
  facet normal -0.073251 -0.364358 -0.928374
  outer loop
    vertex   14.851645 19.323963 47.037670
    vertex   15.087674 19.150291 47.087208
    vertex   14.850286 19.074070 47.135853
  endloop
endfacet
  facet normal -0.036483 -0.339515 -0.939893
  outer loop
    vertex   15.357476 19.175611 47.067589
    vertex   15.087674 19.150291 47.087208
    vertex   15.149238 19.470055 46.969311
  endloop
endfacet
  facet normal -0.072503 -0.374469 -0.924401
  outer loop
    vertex   14.077756 19.366802 47.038773
    vertex   13.847330 19.193878 47.126896
    vertex   13.794389 19.533831 46.993336
  endloop
endfacet
  facet normal 0.858123 0.276690 0.432512
  outer loop
    vertex   20.711208 19.835869 46.928970
    vertex   20.619698 19.656235 47.225449
    vertex   20.813324 19.472633 46.958740
  endloop
endfacet
  facet normal -0.552193 0.828724 -0.091104
  outer loop
    vertex   20.414001 20.049152 46.853519
    vertex   20.227139 19.933353 46.932758
    vertex   20.463425 20.113287 47.137356
  endloop
endfacet
  facet normal 0.657656 0.702053 -0.273148
  outer loop
    vertex   20.626194 19.948065 47.104595
    vertex   20.414001 20.049152 46.853519
    vertex   20.463425 20.113287 47.137356
  endloop
endfacet
  facet normal -0.935389 -0.320860 0.148647
  outer loop
    vertex   12.742444 19.939034 47.034298
    vertex   12.678130 20.205877 47.205582
    vertex   12.601285 20.280466 46.883022
  endloop
endfacet
  facet normal -0.970230 -0.137545 0.199338
  outer loop
    vertex   12.609243 20.474392 47.055569
    vertex   12.601285 20.280466 46.883022
    vertex   12.678130 20.205877 47.205582
  endloop
endfacet
  facet normal 0.354025 0.547657 -0.758115
  outer loop
    vertex   19.695795 20.230167 46.965130
    vertex   19.848736 20.399611 47.158955
    vertex   20.107655 20.123571 47.080456
  endloop
endfacet
  facet normal 0.060706 0.687728 -0.723426
  outer loop
    vertex   18.007748 20.892002 47.214096
    vertex   18.380764 20.760965 47.120827
    vertex   17.991707 20.679922 47.011135
  endloop
endfacet
  facet normal -0.990289 -0.055157 0.127611
  outer loop
    vertex   12.581417 20.963264 47.116577
    vertex   12.572195 20.731003 46.944622
    vertex   12.613565 20.690840 47.248306
  endloop
endfacet
  facet normal 0.117815 0.449149 -0.885655
  outer loop
    vertex   17.138456 20.865574 47.019901
    vertex   17.297771 21.006727 47.112679
    vertex   17.426476 20.782562 47.016117
  endloop
endfacet
  facet normal 0.115474 0.448154 -0.886467
  outer loop
    vertex   17.744787 20.801060 47.066933
    vertex   17.426476 20.782562 47.016117
    vertex   17.297771 21.006727 47.112679
  endloop
endfacet
  facet normal 0.134525 0.433757 -0.890931
  outer loop
    vertex   16.945326 21.085234 47.097683
    vertex   17.297771 21.006727 47.112679
    vertex   17.138456 20.865574 47.019901
  endloop
endfacet
  facet normal 0.039485 0.396568 -0.917156
  outer loop
    vertex   16.434742 20.943298 47.015530
    vertex   16.731726 21.224258 47.149799
    vertex   16.766113 20.855015 46.991623
  endloop
endfacet
  facet normal 0.034016 0.396217 -0.917526
  outer loop
    vertex   16.945326 21.085234 47.097683
    vertex   16.766113 20.855015 46.991623
    vertex   16.731726 21.224258 47.149799
  endloop
endfacet
  facet normal 0.068368 0.370428 -0.926342
  outer loop
    vertex   16.731726 21.224258 47.149799
    vertex   16.434742 20.943298 47.015530
    vertex   16.467955 21.235146 47.134686
  endloop
endfacet
  facet normal 0.036189 0.388228 -0.920853
  outer loop
    vertex   15.578136 21.225536 47.093197
    vertex   15.897633 21.268375 47.123814
    vertex   15.680307 21.038694 47.018440
  endloop
endfacet
  facet normal 0.058003 0.370429 -0.927048
  outer loop
    vertex   16.078886 21.051416 47.048462
    vertex   15.680307 21.038694 47.018440
    vertex   15.897633 21.268375 47.123814
  endloop
endfacet
  facet normal -0.002894 0.452862 -0.891576
  outer loop
    vertex   15.578136 21.225536 47.093197
    vertex   15.336259 21.027569 46.993427
    vertex   15.366249 21.359659 47.162010
  endloop
endfacet
  facet normal 0.139136 0.438234 -0.888027
  outer loop
    vertex   15.051152 21.284113 47.075359
    vertex   15.366249 21.359659 47.162010
    vertex   15.336259 21.027569 46.993427
  endloop
endfacet
  facet normal -0.004290 0.448660 -0.893692
  outer loop
    vertex   14.842480 21.167316 47.013744
    vertex   14.582819 21.153269 47.007938
    vertex   14.841050 21.482012 47.171738
  endloop
endfacet
  facet normal 0.012717 0.448690 -0.893597
  outer loop
    vertex   15.051152 21.284113 47.075359
    vertex   14.842480 21.167316 47.013744
    vertex   14.841050 21.482012 47.171738
  endloop
endfacet
  facet normal 0.124374 0.362516 -0.923641
  outer loop
    vertex   14.841050 21.482012 47.171738
    vertex   14.582819 21.153269 47.007938
    vertex   14.510529 21.356440 47.077946
  endloop
endfacet
  facet normal 0.049030 0.377497 -0.924712
  outer loop
    vertex   14.281536 21.247128 47.022491
    vertex   14.033387 21.221609 46.998917
    vertex   14.106422 21.500698 47.116722
  endloop
endfacet
  facet normal 0.051042 0.377008 -0.924802
  outer loop
    vertex   13.890385 21.451578 47.084774
    vertex   14.106422 21.500698 47.116722
    vertex   14.033387 21.221609 46.998917
  endloop
endfacet
  facet normal 0.081532 0.468087 -0.879913
  outer loop
    vertex   13.176661 21.534988 47.105076
    vertex   13.480688 21.613489 47.175007
    vertex   13.398739 21.303646 47.002586
  endloop
endfacet
  facet normal 0.001235 0.486008 -0.873953
  outer loop
    vertex   13.663973 21.376673 47.043571
    vertex   13.398739 21.303646 47.002586
    vertex   13.480688 21.613489 47.175007
  endloop
endfacet
  facet normal -0.013763 0.601883 -0.798465
  outer loop
    vertex   12.767607 21.400480 47.025875
    vertex   12.892632 21.645439 47.208370
    vertex   12.989742 21.379482 47.006218
  endloop
endfacet
  facet normal -0.063938 0.588991 -0.805607
  outer loop
    vertex   12.892632 21.645439 47.208370
    vertex   13.176661 21.534988 47.105076
    vertex   12.989742 21.379482 47.006218
  endloop
endfacet
  facet normal -0.114855 -0.450970 -0.885118
  outer loop
    vertex   20.134464 18.793646 47.062134
    vertex   20.440079 18.675747 47.082546
    vertex   20.244202 18.439716 47.228222
  endloop
endfacet
  facet normal -0.027171 -0.519804 -0.853853
  outer loop
    vertex   18.966187 18.726973 47.107357
    vertex   18.683319 18.541573 47.229225
    vertex   18.655907 18.743292 47.107296
  endloop
endfacet
  facet normal -0.042277 -0.385586 -0.921703
  outer loop
    vertex   20.134464 18.793646 47.062134
    vertex   19.843689 18.635221 47.141747
    vertex   19.822086 18.917706 47.024563
  endloop
endfacet
  facet normal -0.027036 -0.463484 -0.885693
  outer loop
    vertex   19.216511 18.846941 47.054291
    vertex   19.582483 18.754475 47.091507
    vertex   19.430454 18.588150 47.183186
  endloop
endfacet
  facet normal 0.002820 -0.382986 -0.923750
  outer loop
    vertex   19.582483 18.754475 47.091507
    vertex   19.822086 18.917706 47.024563
    vertex   19.843689 18.635221 47.141747
  endloop
endfacet
  facet normal -0.112636 -0.510977 -0.852183
  outer loop
    vertex   18.381008 18.651487 47.198677
    vertex   18.399023 18.858206 47.072346
    vertex   18.655907 18.743292 47.107296
  endloop
endfacet
  facet normal -0.042370 -0.514598 -0.856384
  outer loop
    vertex   16.751961 18.712574 47.206715
    vertex   16.491686 18.764832 47.188190
    vertex   16.684706 18.946011 47.069771
  endloop
endfacet
  facet normal -0.002177 -0.506465 -0.862258
  outer loop
    vertex   16.684706 18.946011 47.069771
    vertex   16.973980 18.980766 47.048626
    vertex   16.751961 18.712574 47.206715
  endloop
endfacet
  facet normal -0.024504 -0.492520 -0.869956
  outer loop
    vertex   17.079662 18.778313 47.160267
    vertex   16.751961 18.712574 47.206715
    vertex   16.973980 18.980766 47.048626
  endloop
endfacet
  facet normal -0.008923 -0.486435 -0.873671
  outer loop
    vertex   16.973980 18.980766 47.048626
    vertex   17.251654 18.945526 47.065411
    vertex   17.079662 18.778313 47.160267
  endloop
endfacet
  facet normal -0.024728 -0.473900 -0.880231
  outer loop
    vertex   17.505182 18.718740 47.180386
    vertex   17.079662 18.778313 47.160267
    vertex   17.251654 18.945526 47.065411
  endloop
endfacet
  facet normal 0.012917 -0.440622 -0.897600
  outer loop
    vertex   17.251654 18.945526 47.065411
    vertex   17.585531 18.933702 47.076019
    vertex   17.505182 18.718740 47.180386
  endloop
endfacet
  facet normal -0.027413 -0.482827 -0.875286
  outer loop
    vertex   17.896898 19.028860 47.018211
    vertex   18.239912 19.034557 47.004326
    vertex   17.903280 18.794653 47.147205
  endloop
endfacet
  facet normal -0.018340 -0.492486 -0.870127
  outer loop
    vertex   18.167400 18.610889 47.245647
    vertex   17.903280 18.794653 47.147205
    vertex   18.239912 19.034557 47.004326
  endloop
endfacet
  facet normal -0.110509 -0.458586 -0.881752
  outer loop
    vertex   16.491686 18.764832 47.188190
    vertex   16.375534 19.039812 47.059734
    vertex   16.684706 18.946011 47.069771
  endloop
endfacet
  facet normal -0.046693 -0.428757 -0.902212
  outer loop
    vertex   15.614892 19.034813 47.112236
    vertex   15.976620 19.109468 47.058037
    vertex   15.943317 18.886475 47.165733
  endloop
endfacet
  facet normal -0.017890 -0.432657 -0.901381
  outer loop
    vertex   16.195715 18.815956 47.194572
    vertex   15.943317 18.886475 47.165733
    vertex   15.976620 19.109468 47.058037
  endloop
endfacet
  facet normal -0.029043 -0.400242 -0.915949
  outer loop
    vertex   15.357476 19.175611 47.067589
    vertex   15.206064 18.905531 47.190407
    vertex   15.087674 19.150291 47.087208
  endloop
endfacet
  facet normal -0.068107 -0.348643 -0.934778
  outer loop
    vertex   15.832544 19.263744 47.010994
    vertex   15.976620 19.109468 47.058037
    vertex   15.614892 19.034813 47.112236
  endloop
endfacet
  facet normal -0.030221 -0.489158 -0.871672
  outer loop
    vertex   14.202096 19.184515 47.109791
    vertex   14.542507 19.214705 47.081047
    vertex   14.363836 19.027460 47.192318
  endloop
endfacet
  facet normal -0.054639 -0.394615 -0.917221
  outer loop
    vertex   13.847330 19.193878 47.126896
    vertex   14.077756 19.366802 47.038773
    vertex   14.202096 19.184515 47.109791
  endloop
endfacet
  facet normal -0.064591 -0.408380 -0.910524
  outer loop
    vertex   13.031617 19.477665 47.052219
    vertex   13.371871 19.511734 47.012802
    vertex   13.309141 19.162376 47.173943
  endloop
endfacet
  facet normal -0.062498 -0.408747 -0.910505
  outer loop
    vertex   13.514950 19.332212 47.083572
    vertex   13.309141 19.162376 47.173943
    vertex   13.371871 19.511734 47.012802
  endloop
endfacet
  facet normal -0.426775 -0.418064 -0.801926
  outer loop
    vertex   13.031617 19.477665 47.052219
    vertex   12.913796 19.247829 47.234741
    vertex   12.816790 19.481657 47.164467
  endloop
endfacet
  facet normal 0.857684 0.320786 0.401838
  outer loop
    vertex   20.820934 19.222815 47.141926
    vertex   20.813324 19.472633 46.958740
    vertex   20.619698 19.656235 47.225449
  endloop
endfacet
  facet normal -0.992644 -0.034886 -0.115939
  outer loop
    vertex   12.816790 19.481657 47.164467
    vertex   12.788412 19.745003 47.328190
    vertex   12.827169 19.700087 47.009872
  endloop
endfacet
  facet normal -0.942473 -0.327169 -0.068587
  outer loop
    vertex   12.788412 19.745003 47.328190
    vertex   12.742444 19.939034 47.034298
    vertex   12.827169 19.700087 47.009872
  endloop
endfacet
  facet normal 0.922481 0.129997 0.363496
  outer loop
    vertex   20.711208 19.835869 46.928970
    vertex   20.626194 19.948065 47.104595
    vertex   20.619698 19.656235 47.225449
  endloop
endfacet
  facet normal 0.137230 0.659833 -0.738775
  outer loop
    vertex   20.107655 20.123571 47.080456
    vertex   20.463425 20.113287 47.137356
    vertex   20.227139 19.933353 46.932758
  endloop
endfacet
  facet normal -0.988379 -0.089607 0.122794
  outer loop
    vertex   12.572195 20.731003 46.944622
    vertex   12.609243 20.474392 47.055569
    vertex   12.613565 20.690840 47.248306
  endloop
endfacet
  facet normal 0.168703 0.674804 -0.718456
  outer loop
    vertex   18.007748 20.892002 47.214096
    vertex   17.991707 20.679922 47.011135
    vertex   17.744787 20.801060 47.066933
  endloop
endfacet
  facet normal 0.174753 0.559962 -0.809879
  outer loop
    vertex   17.297771 21.006727 47.112679
    vertex   17.499548 21.084557 47.210030
    vertex   17.744787 20.801060 47.066933
  endloop
endfacet
  facet normal -0.997482 -0.066473 -0.024737
  outer loop
    vertex   12.581417 20.963264 47.116577
    vertex   12.564196 21.154772 47.296383
    vertex   12.568715 21.193079 47.011208
  endloop
endfacet
  facet normal 0.103866 0.402632 -0.909450
  outer loop
    vertex   15.897633 21.268375 47.123814
    vertex   16.160948 21.350548 47.190266
    vertex   16.078886 21.051416 47.048462
  endloop
endfacet
  facet normal 0.043118 0.418276 -0.907296
  outer loop
    vertex   16.434742 20.943298 47.015530
    vertex   16.078886 21.051416 47.048462
    vertex   16.160948 21.350548 47.190266
  endloop
endfacet
  facet normal -0.024442 0.380261 -0.924556
  outer loop
    vertex   16.160948 21.350548 47.190266
    vertex   16.467955 21.235146 47.134686
    vertex   16.434742 20.943298 47.015530
  endloop
endfacet
  facet normal 0.062299 0.385182 -0.920735
  outer loop
    vertex   14.106422 21.500698 47.116722
    vertex   14.390533 21.517227 47.142860
    vertex   14.281536 21.247128 47.022491
  endloop
endfacet
  facet normal 0.033460 0.395531 -0.917843
  outer loop
    vertex   14.510529 21.356440 47.077946
    vertex   14.281536 21.247128 47.022491
    vertex   14.390533 21.517227 47.142860
  endloop
endfacet
  facet normal -0.412725 0.461558 -0.785253
  outer loop
    vertex   12.767607 21.400480 47.025875
    vertex   12.542975 21.414654 47.152271
    vertex   12.651053 21.622763 47.217789
  endloop
endfacet
  facet normal -0.088831 0.623830 -0.776495
  outer loop
    vertex   12.767607 21.400480 47.025875
    vertex   12.651053 21.622763 47.217789
    vertex   12.892632 21.645439 47.208370
  endloop
endfacet
  facet normal -0.001140 0.484603 -0.874733
  outer loop
    vertex   13.663973 21.376673 47.043571
    vertex   13.480688 21.613489 47.175007
    vertex   13.890385 21.451578 47.084774
  endloop
endfacet
  facet normal -0.199933 -0.389084 -0.899244
  outer loop
    vertex   20.244202 18.439716 47.228222
    vertex   20.440079 18.675747 47.082546
    vertex   20.455654 18.401283 47.197838
  endloop
endfacet
  facet normal -0.061694 -0.389517 -0.918951
  outer loop
    vertex   20.667421 18.370298 47.196754
    vertex   20.455654 18.401283 47.197838
    vertex   20.440079 18.675747 47.082546
  endloop
endfacet
  facet normal 0.054170 -0.314086 -0.947848
  outer loop
    vertex   20.440079 18.675747 47.082546
    vertex   20.737534 18.634020 47.113373
    vertex   20.667421 18.370298 47.196754
  endloop
endfacet
  facet normal -0.063385 -0.440003 -0.895756
  outer loop
    vertex   20.244202 18.439716 47.228222
    vertex   19.961922 18.477150 47.229809
    vertex   20.134464 18.793646 47.062134
  endloop
endfacet
  facet normal 0.001222 -0.483584 -0.875297
  outer loop
    vertex   19.595404 18.441090 47.264664
    vertex   19.430454 18.588150 47.183186
    vertex   19.582483 18.754475 47.091507
  endloop
endfacet
  facet normal -0.053322 -0.484618 -0.873099
  outer loop
    vertex   19.582483 18.754475 47.091507
    vertex   19.843689 18.635221 47.141747
    vertex   19.595404 18.441090 47.264664
  endloop
endfacet
  facet normal 0.018575 -0.475954 -0.879274
  outer loop
    vertex   19.843689 18.635221 47.141747
    vertex   20.134464 18.793646 47.062134
    vertex   19.961922 18.477150 47.229809
  endloop
endfacet
  facet normal 0.017228 -0.434314 -0.900597
  outer loop
    vertex   19.430454 18.588150 47.183186
    vertex   18.966187 18.726973 47.107357
    vertex   19.216511 18.846941 47.054291
  endloop
endfacet
  facet normal -0.021270 -0.452939 -0.891288
  outer loop
    vertex   17.505182 18.718740 47.180386
    vertex   17.210638 18.625372 47.234863
    vertex   17.079662 18.778313 47.160267
  endloop
endfacet
  facet normal -0.090011 -0.513621 -0.853283
  outer loop
    vertex   18.167400 18.610889 47.245647
    vertex   18.399023 18.858206 47.072346
    vertex   18.381008 18.651487 47.198677
  endloop
endfacet
  facet normal 0.008931 -0.439438 -0.898229
  outer loop
    vertex   17.903280 18.794653 47.147205
    vertex   17.505182 18.718740 47.180386
    vertex   17.585531 18.933702 47.076019
  endloop
endfacet
  facet normal -0.097645 -0.454779 -0.885235
  outer loop
    vertex   16.195715 18.815956 47.194572
    vertex   16.375534 19.039812 47.059734
    vertex   16.491686 18.764832 47.188190
  endloop
endfacet
  facet normal -0.044994 -0.392524 -0.918641
  outer loop
    vertex   15.455508 18.901569 47.179882
    vertex   15.206064 18.905531 47.190407
    vertex   15.357476 19.175611 47.067589
  endloop
endfacet
  facet normal -0.057745 -0.396153 -0.916367
  outer loop
    vertex   15.357476 19.175611 47.067589
    vertex   15.614892 19.034813 47.112236
    vertex   15.455508 18.901569 47.179882
  endloop
endfacet
  facet normal -0.139591 -0.441275 -0.886448
  outer loop
    vertex   15.206064 18.905531 47.190407
    vertex   14.886355 18.828323 47.279186
    vertex   15.087674 19.150291 47.087208
  endloop
endfacet
  facet normal -0.014537 -0.505360 -0.862786
  outer loop
    vertex   14.886355 18.828323 47.279186
    vertex   14.850286 19.074070 47.135853
    vertex   15.087674 19.150291 47.087208
  endloop
endfacet
  facet normal -0.028863 -0.490150 -0.871160
  outer loop
    vertex   14.363836 19.027460 47.192318
    vertex   14.542507 19.214705 47.081047
    vertex   14.612938 18.992458 47.203758
  endloop
endfacet
  facet normal -0.074877 -0.500080 -0.862736
  outer loop
    vertex   14.850286 19.074070 47.135853
    vertex   14.612938 18.992458 47.203758
    vertex   14.542507 19.214705 47.081047
  endloop
endfacet
  facet normal -0.038985 -0.432158 -0.900955
  outer loop
    vertex   13.514950 19.332212 47.083572
    vertex   13.586625 19.080673 47.201126
    vertex   13.309141 19.162376 47.173943
  endloop
endfacet
  facet normal -0.065276 -0.437687 -0.896755
  outer loop
    vertex   13.847330 19.193878 47.126896
    vertex   13.586625 19.080673 47.201126
    vertex   13.514950 19.332212 47.083572
  endloop
endfacet
  facet normal -0.239173 -0.525696 -0.816358
  outer loop
    vertex   13.031617 19.477665 47.052219
    vertex   13.309141 19.162376 47.173943
    vertex   12.913796 19.247829 47.234741
  endloop
endfacet
  facet normal 0.781021 0.252563 0.571155
  outer loop
    vertex   20.661057 19.312410 47.320930
    vertex   20.820934 19.222815 47.141926
    vertex   20.619698 19.656235 47.225449
  endloop
endfacet
  facet normal 0.154123 0.441699 -0.883826
  outer loop
    vertex   20.107655 20.123571 47.080456
    vertex   20.345905 20.311970 47.216156
    vertex   20.463425 20.113287 47.137356
  endloop
endfacet
  facet normal 0.158222 0.437498 -0.885190
  outer loop
    vertex   20.112793 20.345196 47.190910
    vertex   20.345905 20.311970 47.216156
    vertex   20.107655 20.123571 47.080456
  endloop
endfacet
  facet normal 0.195823 0.433781 -0.879481
  outer loop
    vertex   20.112793 20.345196 47.190910
    vertex   20.107655 20.123571 47.080456
    vertex   19.848736 20.399611 47.158955
  endloop
endfacet
  facet normal 0.322662 0.648745 -0.689216
  outer loop
    vertex   19.313231 20.614969 47.118706
    vertex   19.657183 20.521744 47.191978
    vertex   19.519030 20.378967 46.992908
  endloop
endfacet
  facet normal 0.303762 0.661752 -0.685429
  outer loop
    vertex   19.657183 20.521744 47.191978
    vertex   19.848736 20.399611 47.158955
    vertex   19.519030 20.378967 46.992908
  endloop
endfacet
  facet normal 0.260370 0.668113 -0.697017
  outer loop
    vertex   19.203165 20.493444 46.961105
    vertex   18.883736 20.721657 47.060532
    vertex   19.313231 20.614969 47.118706
  endloop
endfacet
  facet normal -0.088311 0.919477 -0.383097
  outer loop
    vertex   18.657116 20.694700 47.048073
    vertex   18.838255 20.797535 47.253132
    vertex   18.883736 20.721657 47.060532
  endloop
endfacet
  facet normal 0.166575 0.598079 -0.783935
  outer loop
    vertex   16.945326 21.085234 47.097683
    vertex   17.170746 21.248072 47.269814
    vertex   17.297771 21.006727 47.112679
  endloop
endfacet
  facet normal -0.994846 -0.097217 -0.028825
  outer loop
    vertex   12.568715 21.193079 47.011208
    vertex   12.564196 21.154772 47.296383
    vertex   12.542975 21.414654 47.152271
  endloop
endfacet
  facet normal 0.046372 0.513017 -0.857125
  outer loop
    vertex   15.366249 21.359659 47.162010
    vertex   15.725252 21.422752 47.219196
    vertex   15.578136 21.225536 47.093197
  endloop
endfacet
  facet normal 0.009553 0.533296 -0.845875
  outer loop
    vertex   15.897633 21.268375 47.123814
    vertex   15.578136 21.225536 47.093197
    vertex   15.725252 21.422752 47.219196
  endloop
endfacet
  facet normal 0.120812 0.487762 -0.864576
  outer loop
    vertex   15.366249 21.359659 47.162010
    vertex   15.051152 21.284113 47.075359
    vertex   15.111127 21.520813 47.217278
  endloop
endfacet
  facet normal 0.073908 0.498977 -0.863458
  outer loop
    vertex   14.841050 21.482012 47.171738
    vertex   15.111127 21.520813 47.217278
    vertex   15.051152 21.284113 47.075359
  endloop
endfacet
  facet normal 0.187733 0.484952 -0.854153
  outer loop
    vertex   14.390533 21.517227 47.142860
    vertex   14.655967 21.568598 47.230366
    vertex   14.510529 21.356440 47.077946
  endloop
endfacet
  facet normal 0.011942 0.578009 -0.815943
  outer loop
    vertex   14.841050 21.482012 47.171738
    vertex   14.510529 21.356440 47.077946
    vertex   14.655967 21.568598 47.230366
  endloop
endfacet
  facet normal 0.034084 0.550946 -0.833845
  outer loop
    vertex   13.480688 21.613489 47.175007
    vertex   13.953527 21.651562 47.219490
    vertex   13.890385 21.451578 47.084774
  endloop
endfacet
  facet normal -0.004714 0.559712 -0.828674
  outer loop
    vertex   14.106422 21.500698 47.116722
    vertex   13.890385 21.451578 47.084774
    vertex   13.953527 21.651562 47.219490
  endloop
endfacet
  facet normal 0.056091 0.447374 -0.892586
  outer loop
    vertex   14.390533 21.517227 47.142860
    vertex   14.106422 21.500698 47.116722
    vertex   14.216980 21.685833 47.216461
  endloop
endfacet
  facet normal 0.018790 0.623500 -0.781598
  outer loop
    vertex   13.240232 21.755018 47.282127
    vertex   13.480688 21.613489 47.175007
    vertex   13.176661 21.534988 47.105076
  endloop
endfacet
  facet normal 0.543610 -0.380985 -0.747889
  outer loop
    vertex   20.833130 18.312603 47.346592
    vertex   20.667421 18.370298 47.196754
    vertex   20.737534 18.634020 47.113373
  endloop
endfacet
  facet normal 0.818799 -0.157119 -0.552162
  outer loop
    vertex   20.833130 18.312603 47.346592
    vertex   20.737534 18.634020 47.113373
    vertex   20.881212 18.556755 47.348419
  endloop
endfacet
  facet normal -0.032370 -0.504789 -0.862635
  outer loop
    vertex   19.961922 18.477150 47.229809
    vertex   19.595404 18.441090 47.264664
    vertex   19.843689 18.635221 47.141747
  endloop
endfacet
  facet normal -0.024348 -0.540722 -0.840849
  outer loop
    vertex   19.153481 18.462915 47.271740
    vertex   18.966187 18.726973 47.107357
    vertex   19.430454 18.588150 47.183186
  endloop
endfacet
  facet normal -0.105484 -0.524867 -0.844623
  outer loop
    vertex   18.381008 18.651487 47.198677
    vertex   18.655907 18.743292 47.107296
    vertex   18.683319 18.541573 47.229225
  endloop
endfacet
  facet normal 0.643703 -0.517644 -0.563642
  outer loop
    vertex   20.881212 18.556755 47.348419
    vertex   20.737534 18.634020 47.113373
    vertex   20.939606 18.777020 47.212818
  endloop
endfacet
  facet normal 0.022638 -0.497695 -0.867056
  outer loop
    vertex   17.903280 18.794653 47.147205
    vertex   17.909706 18.545324 47.290489
    vertex   17.505182 18.718740 47.180386
  endloop
endfacet
  facet normal 0.030368 -0.481124 -0.876127
  outer loop
    vertex   15.455508 18.901569 47.179882
    vertex   15.614892 19.034813 47.112236
    vertex   15.602827 18.759655 47.262920
  endloop
endfacet
  facet normal -0.072555 -0.476606 -0.876118
  outer loop
    vertex   15.943317 18.886475 47.165733
    vertex   15.602827 18.759655 47.262920
    vertex   15.614892 19.034813 47.112236
  endloop
endfacet
  facet normal -0.060734 -0.512597 -0.856479
  outer loop
    vertex   14.363836 19.027460 47.192318
    vertex   14.166000 18.921429 47.269806
    vertex   14.202096 19.184515 47.109791
  endloop
endfacet
  facet normal -0.025029 -0.507225 -0.861450
  outer loop
    vertex   13.586625 19.080673 47.201126
    vertex   13.847330 19.193878 47.126896
    vertex   13.855457 18.934198 47.279560
  endloop
endfacet
  facet normal -0.195061 -0.222876 -0.955132
  outer loop
    vertex   13.309141 19.162376 47.173943
    vertex   13.003765 19.053265 47.261768
    vertex   12.913796 19.247829 47.234741
  endloop
endfacet
  facet normal 0.967267 0.078413 0.241343
  outer loop
    vertex   20.626194 19.948065 47.104595
    vertex   20.566116 19.898197 47.361580
    vertex   20.619698 19.656235 47.225449
  endloop
endfacet
  facet normal 0.709828 0.641697 0.290464
  outer loop
    vertex   20.566116 19.898197 47.361580
    vertex   20.626194 19.948065 47.104595
    vertex   20.463425 20.113287 47.137356
  endloop
endfacet
  facet normal 0.755565 0.572899 -0.317661
  outer loop
    vertex   20.463425 20.113287 47.137356
    vertex   20.345905 20.311970 47.216156
    vertex   20.518131 20.179552 47.386986
  endloop
endfacet
  facet normal -0.965783 -0.258623 -0.019427
  outer loop
    vertex   12.678130 20.205877 47.205582
    vertex   12.612778 20.443638 47.289280
    vertex   12.609243 20.474392 47.055569
  endloop
endfacet
  facet normal 0.312910 0.540793 -0.780788
  outer loop
    vertex   19.518108 20.780363 47.315369
    vertex   19.657183 20.521744 47.191978
    vertex   19.313231 20.614969 47.118706
  endloop
endfacet
  facet normal 0.267932 0.916285 -0.297716
  outer loop
    vertex   19.313231 20.614969 47.118706
    vertex   18.883736 20.721657 47.060532
    vertex   18.838255 20.797535 47.253132
  endloop
endfacet
  facet normal -0.994340 -0.100029 0.035800
  outer loop
    vertex   12.581417 20.963264 47.116577
    vertex   12.613565 20.690840 47.248306
    vertex   12.597382 20.909012 47.408398
  endloop
endfacet
  facet normal 0.188880 0.567803 -0.801202
  outer loop
    vertex   17.499548 21.084557 47.210030
    vertex   17.752966 21.137899 47.307575
    vertex   17.744787 20.801060 47.066933
  endloop
endfacet
  facet normal -0.992331 -0.119370 0.032095
  outer loop
    vertex   12.597382 20.909012 47.408398
    vertex   12.564196 21.154772 47.296383
    vertex   12.581417 20.963264 47.116577
  endloop
endfacet
  facet normal 0.151884 0.594197 -0.789849
  outer loop
    vertex   17.170746 21.248072 47.269814
    vertex   17.499548 21.084557 47.210030
    vertex   17.297771 21.006727 47.112679
  endloop
endfacet
  facet normal 0.170138 0.564254 -0.807880
  outer loop
    vertex   16.731726 21.224258 47.149799
    vertex   16.913803 21.370907 47.290569
    vertex   16.945326 21.085234 47.097683
  endloop
endfacet
  facet normal 0.204551 0.563158 -0.800632
  outer loop
    vertex   17.170746 21.248072 47.269814
    vertex   16.945326 21.085234 47.097683
    vertex   16.913803 21.370907 47.290569
  endloop
endfacet
  facet normal 0.069608 0.700614 -0.710137
  outer loop
    vertex   16.463284 21.393879 47.290833
    vertex   16.731726 21.224258 47.149799
    vertex   16.467955 21.235146 47.134686
  endloop
endfacet
  facet normal 0.134437 0.696917 -0.704439
  outer loop
    vertex   16.160948 21.350548 47.190266
    vertex   16.463284 21.393879 47.290833
    vertex   16.467955 21.235146 47.134686
  endloop
endfacet
  facet normal 0.036713 0.554616 -0.831296
  outer loop
    vertex   15.725252 21.422752 47.219196
    vertex   16.160948 21.350548 47.190266
    vertex   15.897633 21.268375 47.123814
  endloop
endfacet
  facet normal 0.141965 0.603283 -0.784790
  outer loop
    vertex   14.655967 21.568598 47.230366
    vertex   14.390533 21.517227 47.142860
    vertex   14.447533 21.764286 47.343090
  endloop
endfacet
  facet normal 0.231825 0.579641 -0.781200
  outer loop
    vertex   14.216980 21.685833 47.216461
    vertex   14.447533 21.764286 47.343090
    vertex   14.390533 21.517227 47.142860
  endloop
endfacet
  facet normal -0.075907 0.507674 -0.858199
  outer loop
    vertex   13.953527 21.651562 47.219490
    vertex   14.216980 21.685833 47.216461
    vertex   14.106422 21.500698 47.116722
  endloop
endfacet
  facet normal -0.074643 -0.479583 -0.874316
  outer loop
    vertex   20.455654 18.401283 47.197838
    vertex   20.667421 18.370298 47.196754
    vertex   20.417299 18.214996 47.303295
  endloop
endfacet
  facet normal -0.206574 -0.449460 -0.869087
  outer loop
    vertex   20.244202 18.439716 47.228222
    vertex   20.455654 18.401283 47.197838
    vertex   20.417299 18.214996 47.303295
  endloop
endfacet
  facet normal -0.025304 -0.521864 -0.852653
  outer loop
    vertex   18.683319 18.541573 47.229225
    vertex   18.966187 18.726973 47.107357
    vertex   18.796978 18.378437 47.325699
  endloop
endfacet
  facet normal -0.002787 -0.529911 -0.848049
  outer loop
    vertex   19.153481 18.462915 47.271740
    vertex   18.796978 18.378437 47.325699
    vertex   18.966187 18.726973 47.107357
  endloop
endfacet
  facet normal 0.033568 -0.478720 -0.877326
  outer loop
    vertex   17.909706 18.545324 47.290489
    vertex   17.688284 18.460573 47.328262
    vertex   17.505182 18.718740 47.180386
  endloop
endfacet
  facet normal -0.026131 -0.486690 -0.873184
  outer loop
    vertex   16.751961 18.712574 47.206715
    vertex   17.079662 18.778313 47.160267
    vertex   16.961384 18.519962 47.307804
  endloop
endfacet
  facet normal -0.055656 -0.475802 -0.877790
  outer loop
    vertex   17.210638 18.625372 47.234863
    vertex   16.961384 18.519962 47.307804
    vertex   17.079662 18.778313 47.160267
  endloop
endfacet
  facet normal -0.023929 -0.498583 -0.866512
  outer loop
    vertex   18.167400 18.610889 47.245647
    vertex   17.909706 18.545324 47.290489
    vertex   17.903280 18.794653 47.147205
  endloop
endfacet
  facet normal -0.056946 -0.545720 -0.836030
  outer loop
    vertex   15.964735 18.658964 47.312782
    vertex   15.943317 18.886475 47.165733
    vertex   16.195715 18.815956 47.194572
  endloop
endfacet
  facet normal -0.043505 -0.581973 -0.812044
  outer loop
    vertex   15.206064 18.905531 47.190407
    vertex   15.455508 18.901569 47.179882
    vertex   15.259892 18.690273 47.341793
  endloop
endfacet
  facet normal -0.076023 -0.561179 -0.824195
  outer loop
    vertex   15.455508 18.901569 47.179882
    vertex   15.602827 18.759655 47.262920
    vertex   15.259892 18.690273 47.341793
  endloop
endfacet
  facet normal -0.069810 -0.510218 -0.857207
  outer loop
    vertex   14.612938 18.992458 47.203758
    vertex   14.850286 19.074070 47.135853
    vertex   14.886355 18.828323 47.279186
  endloop
endfacet
  facet normal 0.643041 0.464248 0.609075
  outer loop
    vertex   20.754601 18.851152 47.351635
    vertex   20.939606 18.777020 47.212818
    vertex   20.900608 18.975267 47.102882
  endloop
endfacet
  facet normal -0.037143 -0.539316 -0.841284
  outer loop
    vertex   14.363836 19.027460 47.192318
    vertex   14.612938 18.992458 47.203758
    vertex   14.554068 18.815556 47.319763
  endloop
endfacet
  facet normal -0.054855 -0.507314 -0.860014
  outer loop
    vertex   13.847330 19.193878 47.126896
    vertex   14.202096 19.184515 47.109791
    vertex   13.855457 18.934198 47.279560
  endloop
endfacet
  facet normal -0.048042 -0.514232 -0.856304
  outer loop
    vertex   14.166000 18.921429 47.269806
    vertex   13.855457 18.934198 47.279560
    vertex   14.202096 19.184515 47.109791
  endloop
endfacet
  facet normal 0.809659 0.172093 0.561103
  outer loop
    vertex   20.820934 19.222815 47.141926
    vertex   20.754601 18.851152 47.351635
    vertex   20.900608 18.975267 47.102882
  endloop
endfacet
  facet normal -0.079673 -0.547697 -0.832875
  outer loop
    vertex   13.309141 19.162376 47.173943
    vertex   13.586625 19.080673 47.201126
    vertex   13.433557 18.896658 47.336777
  endloop
endfacet
  facet normal -0.052915 -0.532087 -0.845035
  outer loop
    vertex   13.003765 19.053265 47.261768
    vertex   13.309141 19.162376 47.173943
    vertex   13.197297 18.958302 47.309444
  endloop
endfacet
  facet normal -0.939592 -0.334262 -0.073721
  outer loop
    vertex   12.691705 19.996559 47.420155
    vertex   12.742444 19.939034 47.034298
    vertex   12.788412 19.745003 47.328190
  endloop
endfacet
  facet normal 0.948549 0.184980 -0.256979
  outer loop
    vertex   20.463425 20.113287 47.137356
    vertex   20.518131 20.179552 47.386986
    vertex   20.566116 19.898197 47.361580
  endloop
endfacet
  facet normal 0.199392 0.459219 -0.865656
  outer loop
    vertex   19.957695 20.704498 47.345791
    vertex   20.112793 20.345196 47.190910
    vertex   19.848736 20.399611 47.158955
  endloop
endfacet
  facet normal 0.153986 0.475679 -0.866036
  outer loop
    vertex   19.657183 20.521744 47.191978
    vertex   19.957695 20.704498 47.345791
    vertex   19.848736 20.399611 47.158955
  endloop
endfacet
  facet normal -0.999857 0.005819 0.015886
  outer loop
    vertex   12.612778 20.443638 47.289280
    vertex   12.613565 20.690840 47.248306
    vertex   12.609243 20.474392 47.055569
  endloop
endfacet
  facet normal 0.143810 0.488069 -0.860876
  outer loop
    vertex   19.518108 20.780363 47.315369
    vertex   19.957695 20.704498 47.345791
    vertex   19.657183 20.521744 47.191978
  endloop
endfacet
  facet normal 0.004553 0.747847 -0.663855
  outer loop
    vertex   18.657116 20.694700 47.048073
    vertex   18.380764 20.760965 47.120827
    vertex   18.683340 20.934153 47.318001
  endloop
endfacet
  facet normal 0.337311 0.687725 -0.642850
  outer loop
    vertex   18.683340 20.934153 47.318001
    vertex   18.838255 20.797535 47.253132
    vertex   18.657116 20.694700 47.048073
  endloop
endfacet
  facet normal 0.156954 0.610032 -0.776676
  outer loop
    vertex   18.431391 21.004290 47.322174
    vertex   18.683340 20.934153 47.318001
    vertex   18.380764 20.760965 47.120827
  endloop
endfacet
  facet normal 0.249287 0.558940 -0.790849
  outer loop
    vertex   18.007748 20.892002 47.214096
    vertex   17.744787 20.801060 47.066933
    vertex   17.752966 21.137899 47.307575
  endloop
endfacet
  facet normal 0.026675 0.674819 -0.737501
  outer loop
    vertex   16.670856 21.494221 47.394615
    vertex   16.913803 21.370907 47.290569
    vertex   16.731726 21.224258 47.149799
  endloop
endfacet
  facet normal 0.045665 0.596589 -0.801246
  outer loop
    vertex   16.160948 21.350548 47.190266
    vertex   15.725252 21.422752 47.219196
    vertex   15.907762 21.655455 47.402863
  endloop
endfacet
  facet normal -0.855546 0.493545 -0.156377
  outer loop
    vertex   12.651053 21.622763 47.217789
    vertex   12.542975 21.414654 47.152271
    vertex   12.532576 21.490866 47.449703
  endloop
endfacet
  facet normal 0.023341 0.688396 -0.724960
  outer loop
    vertex   15.111127 21.520813 47.217278
    vertex   14.841050 21.482012 47.171738
    vertex   15.042365 21.719290 47.403530
  endloop
endfacet
  facet normal -0.035303 0.632692 -0.773599
  outer loop
    vertex   12.892632 21.645439 47.208370
    vertex   13.240232 21.755018 47.282127
    vertex   13.176661 21.534988 47.105076
  endloop
endfacet
  facet normal 0.273384 -0.803294 -0.529131
  outer loop
    vertex   20.417299 18.214996 47.303295
    vertex   20.667421 18.370298 47.196754
    vertex   20.621092 18.226738 47.390762
  endloop
endfacet
  facet normal 0.213524 -0.809004 -0.547650
  outer loop
    vertex   20.621092 18.226738 47.390762
    vertex   20.667421 18.370298 47.196754
    vertex   20.833130 18.312603 47.346592
  endloop
endfacet
  facet normal -0.033881 -0.494900 -0.868289
  outer loop
    vertex   19.595404 18.441090 47.264664
    vertex   19.961922 18.477150 47.229809
    vertex   19.806610 18.260723 47.359226
  endloop
endfacet
  facet normal -0.039249 -0.517583 -0.854732
  outer loop
    vertex   19.153481 18.462915 47.271740
    vertex   19.430454 18.588150 47.183186
    vertex   19.595404 18.441090 47.264664
  endloop
endfacet
  facet normal -0.001022 -0.501552 -0.865127
  outer loop
    vertex   17.416712 18.431067 47.347267
    vertex   17.210638 18.625372 47.234863
    vertex   17.505182 18.718740 47.180386
  endloop
endfacet
  facet normal -0.006227 -0.500344 -0.865804
  outer loop
    vertex   17.688284 18.460573 47.328262
    vertex   17.416712 18.431067 47.347267
    vertex   17.505182 18.718740 47.180386
  endloop
endfacet
  facet normal -0.052969 -0.557498 -0.828487
  outer loop
    vertex   16.491686 18.764832 47.188190
    vertex   16.751961 18.712574 47.206715
    vertex   16.452438 18.525850 47.351513
  endloop
endfacet
  facet normal -0.086168 -0.520528 -0.849486
  outer loop
    vertex   16.686670 18.463562 47.365921
    vertex   16.452438 18.525850 47.351513
    vertex   16.751961 18.712574 47.206715
  endloop
endfacet
  facet normal -0.108416 -0.522033 -0.846007
  outer loop
    vertex   16.195715 18.815956 47.194572
    vertex   16.491686 18.764832 47.188190
    vertex   16.220184 18.568214 47.344307
  endloop
endfacet
  facet normal -0.036175 -0.544870 -0.837740
  outer loop
    vertex   15.943317 18.886475 47.165733
    vertex   15.964735 18.658964 47.312782
    vertex   15.602827 18.759655 47.262920
  endloop
endfacet
  facet normal -0.081923 -0.586953 -0.805465
  outer loop
    vertex   15.206064 18.905531 47.190407
    vertex   15.259892 18.690273 47.341793
    vertex   14.886355 18.828323 47.279186
  endloop
endfacet
  facet normal -0.083034 -0.527004 -0.845797
  outer loop
    vertex   14.886355 18.828323 47.279186
    vertex   14.554068 18.815556 47.319763
    vertex   14.612938 18.992458 47.203758
  endloop
endfacet
  facet normal -0.062576 -0.557960 -0.827505
  outer loop
    vertex   13.855457 18.934198 47.279560
    vertex   13.433557 18.896658 47.336777
    vertex   13.586625 19.080673 47.201126
  endloop
endfacet
  facet normal -0.042443 -0.536404 -0.842893
  outer loop
    vertex   13.197297 18.958302 47.309444
    vertex   13.309141 19.162376 47.173943
    vertex   13.433557 18.896658 47.336777
  endloop
endfacet
  facet normal 0.881638 0.102565 0.460646
  outer loop
    vertex   20.820934 19.222815 47.141926
    vertex   20.683033 19.079910 47.437675
    vertex   20.754601 18.851152 47.351635
  endloop
endfacet
  facet normal 0.779630 0.338311 0.526994
  outer loop
    vertex   20.820934 19.222815 47.141926
    vertex   20.661057 19.312410 47.320930
    vertex   20.683033 19.079910 47.437675
  endloop
endfacet
  facet normal -0.925848 -0.377198 0.022969
  outer loop
    vertex   12.816790 19.481657 47.164467
    vertex   12.913796 19.247829 47.234741
    vertex   12.836016 19.452349 47.458134
  endloop
endfacet
  facet normal -0.980034 -0.169725 -0.103569
  outer loop
    vertex   12.678130 20.205877 47.205582
    vertex   12.742444 19.939034 47.034298
    vertex   12.691705 19.996559 47.420155
  endloop
endfacet
  facet normal 0.160439 0.463482 -0.871461
  outer loop
    vertex   20.112793 20.345196 47.190910
    vertex   20.242342 20.541113 47.318958
    vertex   20.345905 20.311970 47.216156
  endloop
endfacet
  facet normal 0.177840 0.453275 -0.873450
  outer loop
    vertex   20.242342 20.541113 47.318958
    vertex   20.112793 20.345196 47.190910
    vertex   19.957695 20.704498 47.345791
  endloop
endfacet
  facet normal 0.169560 0.660102 -0.731789
  outer loop
    vertex   19.313231 20.614969 47.118706
    vertex   19.234695 20.866827 47.327694
    vertex   19.518108 20.780363 47.315369
  endloop
endfacet
  facet normal 0.031202 0.644005 -0.764384
  outer loop
    vertex   18.838255 20.797535 47.253132
    vertex   19.234695 20.866827 47.327694
    vertex   19.313231 20.614969 47.118706
  endloop
endfacet
  facet normal 0.013688 0.605401 -0.795803
  outer loop
    vertex   18.380764 20.760965 47.120827
    vertex   18.007748 20.892002 47.214096
    vertex   18.186001 21.024651 47.318073
  endloop
endfacet
  facet normal 0.065074 0.628099 -0.775408
  outer loop
    vertex   18.186001 21.024651 47.318073
    vertex   18.431391 21.004290 47.322174
    vertex   18.380764 20.760965 47.120827
  endloop
endfacet
  facet normal 0.199009 0.521598 -0.829657
  outer loop
    vertex   17.752966 21.137899 47.307575
    vertex   18.002899 21.128004 47.361305
    vertex   18.007748 20.892002 47.214096
  endloop
endfacet
  facet normal 0.040860 0.676243 -0.735545
  outer loop
    vertex   16.731726 21.224258 47.149799
    vertex   16.463284 21.393879 47.290833
    vertex   16.670856 21.494221 47.394615
  endloop
endfacet
  facet normal -0.007489 0.694611 -0.719346
  outer loop
    vertex   15.725252 21.422752 47.219196
    vertex   15.366249 21.359659 47.162010
    vertex   15.481526 21.570486 47.364388
  endloop
endfacet
  facet normal 0.055680 0.638674 -0.767460
  outer loop
    vertex   14.841050 21.482012 47.171738
    vertex   14.655967 21.568598 47.230366
    vertex   14.786898 21.735355 47.378639
  endloop
endfacet
  facet normal -0.019502 0.852509 -0.522349
  outer loop
    vertex   13.953527 21.651562 47.219490
    vertex   13.480688 21.613489 47.175007
    vertex   13.745156 21.702690 47.310715
  endloop
endfacet
  facet normal 0.021378 0.510705 -0.859490
  outer loop
    vertex   13.240232 21.755018 47.282127
    vertex   12.892632 21.645439 47.208370
    vertex   13.049964 21.884493 47.354328
  endloop
endfacet
  facet normal 0.013589 0.618025 -0.786041
  outer loop
    vertex   13.240232 21.755018 47.282127
    vertex   13.498629 21.905563 47.404961
    vertex   13.480688 21.613489 47.175007
  endloop
endfacet
  facet normal -0.094551 0.661052 -0.744359
  outer loop
    vertex   14.216980 21.685833 47.216461
    vertex   13.953527 21.651562 47.219490
    vertex   14.096106 21.846727 47.374702
  endloop
endfacet
  facet normal -0.010398 -0.507681 -0.861482
  outer loop
    vertex   20.024254 18.180471 47.403893
    vertex   19.806610 18.260723 47.359226
    vertex   19.961922 18.477150 47.229809
  endloop
endfacet
  facet normal -0.073242 -0.516127 -0.853374
  outer loop
    vertex   19.961922 18.477150 47.229809
    vertex   20.244202 18.439716 47.228222
    vertex   20.024254 18.180471 47.403893
  endloop
endfacet
  facet normal -0.040218 -0.542219 -0.839274
  outer loop
    vertex   19.595404 18.441090 47.264664
    vertex   19.332094 18.258099 47.395504
    vertex   19.153481 18.462915 47.271740
  endloop
endfacet
  facet normal -0.038656 -0.528461 -0.848077
  outer loop
    vertex   18.683319 18.541573 47.229225
    vertex   18.796978 18.378437 47.325699
    vertex   18.520676 18.298286 47.388237
  endloop
endfacet
  facet normal 0.014482 -0.580930 -0.813825
  outer loop
    vertex   19.032562 18.302750 47.383919
    vertex   18.796978 18.378437 47.325699
    vertex   19.153481 18.462915 47.271740
  endloop
endfacet
  facet normal -0.103880 -0.494555 -0.862916
  outer loop
    vertex   18.683319 18.541573 47.229225
    vertex   18.520676 18.298286 47.388237
    vertex   18.317059 18.398264 47.355450
  endloop
endfacet
  facet normal -0.029527 -0.520625 -0.853274
  outer loop
    vertex   17.195570 18.360895 47.396755
    vertex   16.961384 18.519962 47.307804
    vertex   17.210638 18.625372 47.234863
  endloop
endfacet
  facet normal -0.025678 -0.520841 -0.853268
  outer loop
    vertex   17.416712 18.431067 47.347267
    vertex   17.195570 18.360895 47.396755
    vertex   17.210638 18.625372 47.234863
  endloop
endfacet
  facet normal -0.092009 -0.507258 -0.856869
  outer loop
    vertex   18.167400 18.610889 47.245647
    vertex   18.381008 18.651487 47.198677
    vertex   18.317059 18.398264 47.355450
  endloop
endfacet
  facet normal -0.097371 -0.505998 -0.857021
  outer loop
    vertex   18.683319 18.541573 47.229225
    vertex   18.317059 18.398264 47.355450
    vertex   18.381008 18.651487 47.198677
  endloop
endfacet
  facet normal -0.072029 -0.523793 -0.848795
  outer loop
    vertex   16.961384 18.519962 47.307804
    vertex   16.686670 18.463562 47.365921
    vertex   16.751961 18.712574 47.206715
  endloop
endfacet
  facet normal -0.075361 -0.554164 -0.828989
  outer loop
    vertex   16.491686 18.764832 47.188190
    vertex   16.452438 18.525850 47.351513
    vertex   16.220184 18.568214 47.344307
  endloop
endfacet
  facet normal -0.080388 -0.521390 -0.849524
  outer loop
    vertex   15.964735 18.658964 47.312782
    vertex   16.195715 18.815956 47.194572
    vertex   16.220184 18.568214 47.344307
  endloop
endfacet
  facet normal -0.028799 -0.524797 -0.850740
  outer loop
    vertex   15.964735 18.658964 47.312782
    vertex   15.714586 18.550268 47.388302
    vertex   15.602827 18.759655 47.262920
  endloop
endfacet
  facet normal -0.054887 -0.520365 -0.852178
  outer loop
    vertex   14.166000 18.921429 47.269806
    vertex   14.363836 19.027460 47.192318
    vertex   14.298375 18.737312 47.373707
  endloop
endfacet
  facet normal -0.017950 -0.527096 -0.849616
  outer loop
    vertex   14.363836 19.027460 47.192318
    vertex   14.554068 18.815556 47.319763
    vertex   14.298375 18.737312 47.373707
  endloop
endfacet
  facet normal -0.048219 -0.522259 -0.851422
  outer loop
    vertex   14.166000 18.921429 47.269806
    vertex   14.059837 18.692913 47.415989
    vertex   13.855457 18.934198 47.279560
  endloop
endfacet
  facet normal -0.169247 -0.695504 -0.698304
  outer loop
    vertex   13.003765 19.053265 47.261768
    vertex   13.197297 18.958302 47.309444
    vertex   12.948208 18.898806 47.429073
  endloop
endfacet
  facet normal -0.690346 -0.402713 -0.601036
  outer loop
    vertex   12.948208 18.898806 47.429073
    vertex   12.913796 19.247829 47.234741
    vertex   13.003765 19.053265 47.261768
  endloop
endfacet
  facet normal -0.989084 -0.138261 0.050956
  outer loop
    vertex   12.836016 19.452349 47.458134
    vertex   12.788412 19.745003 47.328190
    vertex   12.816790 19.481657 47.164467
  endloop
endfacet
  facet normal -0.958593 -0.188267 -0.213672
  outer loop
    vertex   12.612778 20.443638 47.289280
    vertex   12.678130 20.205877 47.205582
    vertex   12.594830 20.283110 47.511242
  endloop
endfacet
  facet normal 0.779083 0.311183 -0.544238
  outer loop
    vertex   20.345905 20.311970 47.216156
    vertex   20.444782 20.512648 47.472443
    vertex   20.518131 20.179552 47.386986
  endloop
endfacet
  facet normal 0.170783 0.442145 -0.880534
  outer loop
    vertex   19.957695 20.704498 47.345791
    vertex   20.157198 20.790781 47.427811
    vertex   20.242342 20.541113 47.318958
  endloop
endfacet
  facet normal 0.147899 0.519500 -0.841573
  outer loop
    vertex   19.518108 20.780363 47.315369
    vertex   19.807003 20.903542 47.442177
    vertex   19.957695 20.704498 47.345791
  endloop
endfacet
  facet normal 0.099863 0.516924 -0.850186
  outer loop
    vertex   18.683340 20.934153 47.318001
    vertex   18.939260 21.026606 47.404274
    vertex   18.838255 20.797535 47.253132
  endloop
endfacet
  facet normal 0.066697 0.528847 -0.846092
  outer loop
    vertex   19.234695 20.866827 47.327694
    vertex   18.838255 20.797535 47.253132
    vertex   18.939260 21.026606 47.404274
  endloop
endfacet
  facet normal 0.098964 0.528108 -0.843391
  outer loop
    vertex   18.186001 21.024651 47.318073
    vertex   18.007748 20.892002 47.214096
    vertex   18.002899 21.128004 47.361305
  endloop
endfacet
  facet normal 0.055777 0.497917 -0.865429
  outer loop
    vertex   18.186001 21.024651 47.318073
    vertex   18.244350 21.229973 47.439964
    vertex   18.431391 21.004290 47.322174
  endloop
endfacet
  facet normal 0.150964 0.647983 -0.746544
  outer loop
    vertex   17.752966 21.137899 47.307575
    vertex   17.499548 21.084557 47.210030
    vertex   17.527126 21.258438 47.366531
  endloop
endfacet
  facet normal -0.996035 -0.088121 -0.012247
  outer loop
    vertex   12.564196 21.154772 47.296383
    vertex   12.532576 21.490866 47.449703
    vertex   12.542975 21.414654 47.152271
  endloop
endfacet
  facet normal -0.060417 0.647184 -0.759936
  outer loop
    vertex   15.481526 21.570486 47.364388
    vertex   15.907762 21.655455 47.402863
    vertex   15.725252 21.422752 47.219196
  endloop
endfacet
  facet normal 0.139650 0.641752 -0.754090
  outer loop
    vertex   16.260696 21.672798 47.482983
    vertex   16.160948 21.350548 47.190266
    vertex   15.907762 21.655455 47.402863
  endloop
endfacet
  facet normal 0.114224 0.642935 -0.757356
  outer loop
    vertex   14.786898 21.735355 47.378639
    vertex   15.042365 21.719290 47.403530
    vertex   14.841050 21.482012 47.171738
  endloop
endfacet
  facet normal 0.139728 0.702891 -0.697438
  outer loop
    vertex   15.042365 21.719290 47.403530
    vertex   15.252219 21.665930 47.391796
    vertex   15.111127 21.520813 47.217278
  endloop
endfacet
  facet normal 0.245374 0.638590 -0.729380
  outer loop
    vertex   15.366249 21.359659 47.162010
    vertex   15.111127 21.520813 47.217278
    vertex   15.252219 21.665930 47.391796
  endloop
endfacet
  facet normal 0.172450 0.631425 -0.756018
  outer loop
    vertex   15.481526 21.570486 47.364388
    vertex   15.366249 21.359659 47.162010
    vertex   15.252219 21.665930 47.391796
  endloop
endfacet
  facet normal 0.133759 0.597784 -0.790419
  outer loop
    vertex   14.786898 21.735355 47.378639
    vertex   14.655967 21.568598 47.230366
    vertex   14.447533 21.764286 47.343090
  endloop
endfacet
  facet normal 0.196255 0.599098 -0.776251
  outer loop
    vertex   13.745156 21.702690 47.310715
    vertex   13.480688 21.613489 47.175007
    vertex   13.498629 21.905563 47.404961
  endloop
endfacet
  facet normal -0.245512 0.490888 -0.835914
  outer loop
    vertex   13.745156 21.702690 47.310715
    vertex   13.790596 21.894440 47.409973
    vertex   13.953527 21.651562 47.219490
  endloop
endfacet
  facet normal 0.006166 0.619667 -0.784840
  outer loop
    vertex   13.953527 21.651562 47.219490
    vertex   13.790596 21.894440 47.409973
    vertex   14.096106 21.846727 47.374702
  endloop
endfacet
  facet normal -0.090541 0.651826 -0.752944
  outer loop
    vertex   12.564026 21.797108 47.379185
    vertex   12.892632 21.645439 47.208370
    vertex   12.651053 21.622763 47.217789
  endloop
endfacet
  facet normal -0.318553 0.316228 -0.893602
  outer loop
    vertex   12.564026 21.797108 47.379185
    vertex   12.713888 21.960468 47.383572
    vertex   12.892632 21.645439 47.208370
  endloop
endfacet
  facet normal 0.288733 -0.769681 -0.569407
  outer loop
    vertex   20.407104 18.076338 47.485554
    vertex   20.417299 18.214996 47.303295
    vertex   20.621092 18.226738 47.390762
  endloop
endfacet
  facet normal -0.186677 -0.437633 -0.879562
  outer loop
    vertex   20.417299 18.214996 47.303295
    vertex   20.024254 18.180471 47.403893
    vertex   20.244202 18.439716 47.228222
  endloop
endfacet
  facet normal -0.069693 -0.511913 -0.856206
  outer loop
    vertex   19.590282 18.164064 47.430710
    vertex   19.332094 18.258099 47.395504
    vertex   19.595404 18.441090 47.264664
  endloop
endfacet
  facet normal -0.054110 -0.512622 -0.856908
  outer loop
    vertex   19.590282 18.164064 47.430710
    vertex   19.595404 18.441090 47.264664
    vertex   19.806610 18.260723 47.359226
  endloop
endfacet
  facet normal -0.049344 -0.547719 -0.835206
  outer loop
    vertex   19.153481 18.462915 47.271740
    vertex   19.332094 18.258099 47.395504
    vertex   19.032562 18.302750 47.383919
  endloop
endfacet
  facet normal -0.002902 -0.522472 -0.852652
  outer loop
    vertex   17.416712 18.431067 47.347267
    vertex   17.688284 18.460573 47.328262
    vertex   17.596031 18.199873 47.488323
  endloop
endfacet
  facet normal -0.027938 -0.487166 -0.872862
  outer loop
    vertex   17.909706 18.545324 47.290489
    vertex   18.167400 18.610889 47.245647
    vertex   18.176661 18.249800 47.446884
  endloop
endfacet
  facet normal -0.052560 -0.487165 -0.871727
  outer loop
    vertex   18.317059 18.398264 47.355450
    vertex   18.176661 18.249800 47.446884
    vertex   18.167400 18.610889 47.245647
  endloop
endfacet
  facet normal -0.079062 -0.518348 -0.851507
  outer loop
    vertex   16.220184 18.568214 47.344307
    vertex   16.024839 18.415911 47.455158
    vertex   15.964735 18.658964 47.312782
  endloop
endfacet
  facet normal -0.060002 -0.536194 -0.841960
  outer loop
    vertex   15.714586 18.550268 47.388302
    vertex   15.478506 18.499325 47.437569
    vertex   15.602827 18.759655 47.262920
  endloop
endfacet
  facet normal 0.644727 0.269464 0.715343
  outer loop
    vertex   20.881212 18.556755 47.348419
    vertex   20.939606 18.777020 47.212818
    vertex   20.754601 18.851152 47.351635
  endloop
endfacet
  facet normal -0.088296 -0.525518 -0.846188
  outer loop
    vertex   15.478506 18.499325 47.437569
    vertex   15.259892 18.690273 47.341793
    vertex   15.602827 18.759655 47.262920
  endloop
endfacet
  facet normal -0.058596 -0.539477 -0.839959
  outer loop
    vertex   15.065137 18.589401 47.420166
    vertex   14.886355 18.828323 47.279186
    vertex   15.259892 18.690273 47.341793
  endloop
endfacet
  facet normal -0.054293 -0.520063 -0.852400
  outer loop
    vertex   14.298375 18.737312 47.373707
    vertex   14.059837 18.692913 47.415989
    vertex   14.166000 18.921429 47.269806
  endloop
endfacet
  facet normal -0.069517 -0.518066 -0.852511
  outer loop
    vertex   13.433557 18.896658 47.336777
    vertex   13.855457 18.934198 47.279560
    vertex   13.735277 18.716721 47.421520
  endloop
endfacet
  facet normal -0.946544 -0.258789 -0.192569
  outer loop
    vertex   12.691705 19.996559 47.420155
    vertex   12.594830 20.283110 47.511242
    vertex   12.678130 20.205877 47.205582
  endloop
endfacet
  facet normal 0.556536 0.536237 -0.634600
  outer loop
    vertex   20.242342 20.541113 47.318958
    vertex   20.444782 20.512648 47.472443
    vertex   20.345905 20.311970 47.216156
  endloop
endfacet
  facet normal -0.995817 -0.011844 -0.090604
  outer loop
    vertex   12.586280 20.626854 47.556564
    vertex   12.613565 20.690840 47.248306
    vertex   12.612778 20.443638 47.289280
  endloop
endfacet
  facet normal 0.570910 0.483875 -0.663270
  outer loop
    vertex   20.444782 20.512648 47.472443
    vertex   20.242342 20.541113 47.318958
    vertex   20.157198 20.790781 47.427811
  endloop
endfacet
  facet normal 0.120156 0.483230 -0.867209
  outer loop
    vertex   18.431391 21.004290 47.322174
    vertex   18.701960 21.135838 47.432964
    vertex   18.683340 20.934153 47.318001
  endloop
endfacet
  facet normal 0.073925 0.493466 -0.866618
  outer loop
    vertex   18.002899 21.128004 47.361305
    vertex   18.244350 21.229973 47.439964
    vertex   18.186001 21.024651 47.318073
  endloop
endfacet
  facet normal 0.162802 0.610702 -0.774945
  outer loop
    vertex   17.170746 21.248072 47.269814
    vertex   17.325966 21.415222 47.434147
    vertex   17.499548 21.084557 47.210030
  endloop
endfacet
  facet normal 0.240661 0.627958 -0.740102
  outer loop
    vertex   17.527126 21.258438 47.366531
    vertex   17.499548 21.084557 47.210030
    vertex   17.325966 21.415222 47.434147
  endloop
endfacet
  facet normal 0.212462 0.577603 -0.788184
  outer loop
    vertex   16.913803 21.370907 47.290569
    vertex   17.325966 21.415222 47.434147
    vertex   17.170746 21.248072 47.269814
  endloop
endfacet
  facet normal 0.159764 0.715963 -0.679612
  outer loop
    vertex   17.325966 21.415222 47.434147
    vertex   16.913803 21.370907 47.290569
    vertex   16.975765 21.513725 47.455593
  endloop
endfacet
  facet normal 0.159904 0.636145 -0.754818
  outer loop
    vertex   16.160948 21.350548 47.190266
    vertex   16.260696 21.672798 47.482983
    vertex   16.463284 21.393879 47.290833
  endloop
endfacet
  facet normal -0.886879 -0.015247 -0.461750
  outer loop
    vertex   12.532576 21.490866 47.449703
    vertex   12.564026 21.797108 47.379185
    vertex   12.651053 21.622763 47.217789
  endloop
endfacet
  facet normal 0.032565 0.453366 -0.890730
  outer loop
    vertex   13.498629 21.905563 47.404961
    vertex   13.790596 21.894440 47.409973
    vertex   13.745156 21.702690 47.310715
  endloop
endfacet
  facet normal 0.113532 0.738720 -0.664382
  outer loop
    vertex   14.447533 21.764286 47.343090
    vertex   14.216980 21.685833 47.216461
    vertex   14.096106 21.846727 47.374702
  endloop
endfacet
  facet normal 0.038363 0.502214 -0.863892
  outer loop
    vertex   13.049964 21.884493 47.354328
    vertex   12.892632 21.645439 47.208370
    vertex   12.713888 21.960468 47.383572
  endloop
endfacet
  facet normal 0.037405 0.528063 -0.848381
  outer loop
    vertex   13.049964 21.884493 47.354328
    vertex   13.271226 22.003252 47.438004
    vertex   13.240232 21.755018 47.282127
  endloop
endfacet
  facet normal 0.100183 0.520112 -0.848202
  outer loop
    vertex   13.271226 22.003252 47.438004
    vertex   13.498629 21.905563 47.404961
    vertex   13.240232 21.755018 47.282127
  endloop
endfacet
  facet normal -0.085726 -0.790617 -0.606280
  outer loop
    vertex   20.024254 18.180471 47.403893
    vertex   20.417299 18.214996 47.303295
    vertex   20.407104 18.076338 47.485554
  endloop
endfacet
  facet normal -0.028365 -0.552554 -0.832994
  outer loop
    vertex   19.687296 17.969389 47.556541
    vertex   19.590282 18.164064 47.430710
    vertex   19.806610 18.260723 47.359226
  endloop
endfacet
  facet normal -0.058360 -0.481258 -0.874634
  outer loop
    vertex   18.744173 18.154297 47.452553
    vertex   18.520676 18.298286 47.388237
    vertex   18.796978 18.378437 47.325699
  endloop
endfacet
  facet normal 0.052435 -0.501196 -0.863744
  outer loop
    vertex   18.744173 18.154297 47.452553
    vertex   18.796978 18.378437 47.325699
    vertex   19.032562 18.302750 47.383919
  endloop
endfacet
  facet normal -0.085184 -0.462847 -0.882336
  outer loop
    vertex   18.520676 18.298286 47.388237
    vertex   18.176661 18.249800 47.446884
    vertex   18.317059 18.398264 47.355450
  endloop
endfacet
  facet normal 0.013339 -0.604019 -0.796858
  outer loop
    vertex   17.195570 18.360895 47.396755
    vertex   17.416712 18.431067 47.347267
    vertex   17.296339 18.145763 47.561512
  endloop
endfacet
  facet normal -0.095829 -0.571548 -0.814954
  outer loop
    vertex   17.596031 18.199873 47.488323
    vertex   17.296339 18.145763 47.561512
    vertex   17.416712 18.431067 47.347267
  endloop
endfacet
  facet normal -0.029494 -0.515392 -0.856447
  outer loop
    vertex   17.878794 18.217529 47.467960
    vertex   17.596031 18.199873 47.488323
    vertex   17.688284 18.460573 47.328262
  endloop
endfacet
  facet normal -0.070168 -0.529415 -0.845456
  outer loop
    vertex   16.686670 18.463562 47.365921
    vertex   16.961384 18.519962 47.307804
    vertex   16.894901 18.304359 47.448330
  endloop
endfacet
  facet normal -0.043833 -0.535991 -0.843085
  outer loop
    vertex   17.195570 18.360895 47.396755
    vertex   16.894901 18.304359 47.448330
    vertex   16.961384 18.519962 47.307804
  endloop
endfacet
  facet normal 0.033354 -0.478274 -0.877577
  outer loop
    vertex   17.688284 18.460573 47.328262
    vertex   17.909706 18.545324 47.290489
    vertex   17.878794 18.217529 47.467960
  endloop
endfacet
  facet normal -0.010757 -0.475296 -0.879760
  outer loop
    vertex   18.176661 18.249800 47.446884
    vertex   17.878794 18.217529 47.467960
    vertex   17.909706 18.545324 47.290489
  endloop
endfacet
  facet normal -0.036706 -0.511848 -0.858292
  outer loop
    vertex   16.024839 18.415911 47.455158
    vertex   15.714586 18.550268 47.388302
    vertex   15.964735 18.658964 47.312782
  endloop
endfacet
  facet normal -0.102236 -0.537039 -0.837339
  outer loop
    vertex   15.478506 18.499325 47.437569
    vertex   15.294382 18.378527 47.537525
    vertex   15.259892 18.690273 47.341793
  endloop
endfacet
  facet normal -0.043581 -0.500483 -0.864649
  outer loop
    vertex   14.560760 18.564547 47.460484
    vertex   14.351811 18.537426 47.486713
    vertex   14.298375 18.737312 47.373707
  endloop
endfacet
  facet normal -0.034070 -0.489421 -0.871382
  outer loop
    vertex   14.298375 18.737312 47.373707
    vertex   14.554068 18.815556 47.319763
    vertex   14.560760 18.564547 47.460484
  endloop
endfacet
  facet normal -0.080585 -0.548244 -0.832427
  outer loop
    vertex   14.886355 18.828323 47.279186
    vertex   14.792221 18.591978 47.443958
    vertex   14.554068 18.815556 47.319763
  endloop
endfacet
  facet normal -0.077726 -0.549154 -0.832099
  outer loop
    vertex   14.886355 18.828323 47.279186
    vertex   15.065137 18.589401 47.420166
    vertex   14.792221 18.591978 47.443958
  endloop
endfacet
  facet normal -0.052996 -0.525142 -0.849363
  outer loop
    vertex   13.855457 18.934198 47.279560
    vertex   14.059837 18.692913 47.415989
    vertex   13.735277 18.716721 47.421520
  endloop
endfacet
  facet normal -0.098805 -0.554751 -0.826129
  outer loop
    vertex   13.288231 18.687237 47.494785
    vertex   13.433557 18.896658 47.336777
    vertex   13.735277 18.716721 47.421520
  endloop
endfacet
  facet normal -0.225193 -0.600279 -0.767433
  outer loop
    vertex   13.288231 18.687237 47.494785
    vertex   12.948208 18.898806 47.429073
    vertex   13.197297 18.958302 47.309444
  endloop
endfacet
  facet normal -0.056037 -0.576281 -0.815329
  outer loop
    vertex   13.433557 18.896658 47.336777
    vertex   13.288231 18.687237 47.494785
    vertex   13.197297 18.958302 47.309444
  endloop
endfacet
  facet normal -0.976950 -0.168962 -0.130464
  outer loop
    vertex   12.948208 18.898806 47.429073
    vertex   12.888826 19.167305 47.526009
    vertex   12.913796 19.247829 47.234741
  endloop
endfacet
  facet normal 0.982534 0.149107 0.111331
  outer loop
    vertex   20.661057 19.312410 47.320930
    vertex   20.619698 19.656235 47.225449
    vertex   20.595543 19.573416 47.549541
  endloop
endfacet
  facet normal 0.981632 0.154065 0.112531
  outer loop
    vertex   20.619698 19.656235 47.225449
    vertex   20.566116 19.898197 47.361580
    vertex   20.595543 19.573416 47.549541
  endloop
endfacet
  facet normal -0.995870 -0.012920 -0.089871
  outer loop
    vertex   12.594830 20.283110 47.511242
    vertex   12.586280 20.626854 47.556564
    vertex   12.612778 20.443638 47.289280
  endloop
endfacet
  facet normal 0.376959 0.246496 -0.892828
  outer loop
    vertex   20.157198 20.790781 47.427811
    vertex   20.377342 20.879261 47.545185
    vertex   20.444782 20.512648 47.472443
  endloop
endfacet
  facet normal 0.155081 0.508329 -0.847084
  outer loop
    vertex   19.807003 20.903542 47.442177
    vertex   19.518108 20.780363 47.315369
    vertex   19.484962 21.107695 47.505730
  endloop
endfacet
  facet normal 0.117911 0.508111 -0.853182
  outer loop
    vertex   19.234695 20.866827 47.327694
    vertex   19.484962 21.107695 47.505730
    vertex   19.518108 20.780363 47.315369
  endloop
endfacet
  facet normal 0.117714 0.483546 -0.867368
  outer loop
    vertex   18.939260 21.026606 47.404274
    vertex   18.683340 20.934153 47.318001
    vertex   18.701960 21.135838 47.432964
  endloop
endfacet
  facet normal 0.201625 0.491105 -0.847445
  outer loop
    vertex   17.924623 21.346909 47.469540
    vertex   18.002899 21.128004 47.361305
    vertex   17.752966 21.137899 47.307575
  endloop
endfacet
  facet normal 0.182056 0.576967 -0.796219
  outer loop
    vertex   17.325966 21.415222 47.434147
    vertex   17.708199 21.491371 47.576725
    vertex   17.527126 21.258438 47.366531
  endloop
endfacet
  facet normal 0.121937 0.611021 -0.782166
  outer loop
    vertex   17.708199 21.491371 47.576725
    vertex   17.752966 21.137899 47.307575
    vertex   17.527126 21.258438 47.366531
  endloop
endfacet
  facet normal 0.011294 0.606679 -0.794867
  outer loop
    vertex   17.708199 21.491371 47.576725
    vertex   17.924623 21.346909 47.469540
    vertex   17.752966 21.137899 47.307575
  endloop
endfacet
  facet normal 0.086930 0.736903 -0.670386
  outer loop
    vertex   16.670856 21.494221 47.394615
    vertex   16.975765 21.513725 47.455593
    vertex   16.913803 21.370907 47.290569
  endloop
endfacet
  facet normal 0.097040 0.611476 -0.785290
  outer loop
    vertex   16.260696 21.672798 47.482983
    vertex   16.670856 21.494221 47.394615
    vertex   16.463284 21.393879 47.290833
  endloop
endfacet
  facet normal -0.059388 0.643480 -0.763156
  outer loop
    vertex   15.907762 21.655455 47.402863
    vertex   15.481526 21.570486 47.364388
    vertex   15.610575 21.703377 47.466396
  endloop
endfacet
  facet normal -0.435303 0.420708 -0.795937
  outer loop
    vertex   12.713888 21.960468 47.383572
    vertex   12.564026 21.797108 47.379185
    vertex   12.458760 21.999699 47.543839
  endloop
endfacet
  facet normal 0.058632 0.573790 -0.816901
  outer loop
    vertex   13.049964 21.884493 47.354328
    vertex   12.713888 21.960468 47.383572
    vertex   12.960116 22.150949 47.535038
  endloop
endfacet
  facet normal 0.024926 -0.558539 -0.829104
  outer loop
    vertex   20.407104 18.076338 47.485554
    vertex   20.082787 17.898680 47.595486
    vertex   20.024254 18.180471 47.403893
  endloop
endfacet
  facet normal -0.032234 -0.551395 -0.833621
  outer loop
    vertex   20.024254 18.180471 47.403893
    vertex   19.687296 17.969389 47.556541
    vertex   19.806610 18.260723 47.359226
  endloop
endfacet
  facet normal -0.064333 -0.499980 -0.863644
  outer loop
    vertex   19.590282 18.164064 47.430710
    vertex   19.206648 18.062630 47.518009
    vertex   19.332094 18.258099 47.395504
  endloop
endfacet
  facet normal -0.058089 -0.574976 -0.816106
  outer loop
    vertex   18.176661 18.249800 47.446884
    vertex   18.520676 18.298286 47.388237
    vertex   18.370474 18.061460 47.565781
  endloop
endfacet
  facet normal 0.037073 -0.477799 -0.877687
  outer loop
    vertex   18.934406 18.033255 47.526482
    vertex   18.744173 18.154297 47.452553
    vertex   19.032562 18.302750 47.383919
  endloop
endfacet
  facet normal 0.023780 -0.474225 -0.880083
  outer loop
    vertex   19.206648 18.062630 47.518009
    vertex   18.934406 18.033255 47.526482
    vertex   19.032562 18.302750 47.383919
  endloop
endfacet
  facet normal -0.042908 -0.510644 -0.858721
  outer loop
    vertex   19.032562 18.302750 47.383919
    vertex   19.332094 18.258099 47.395504
    vertex   19.206648 18.062630 47.518009
  endloop
endfacet
  facet normal -0.309370 -0.723865 -0.616692
  outer loop
    vertex   16.686670 18.463562 47.365921
    vertex   16.894901 18.304359 47.448330
    vertex   16.730034 18.228273 47.620346
  endloop
endfacet
  facet normal -0.009647 -0.675269 -0.737508
  outer loop
    vertex   16.730034 18.228273 47.620346
    vertex   16.417492 18.289808 47.568092
    vertex   16.452438 18.525850 47.351513
  endloop
endfacet
  facet normal -0.155970 -0.738302 -0.656188
  outer loop
    vertex   16.452438 18.525850 47.351513
    vertex   16.686670 18.463562 47.365921
    vertex   16.730034 18.228273 47.620346
  endloop
endfacet
  facet normal 0.030119 -0.613166 -0.789380
  outer loop
    vertex   16.417492 18.289808 47.568092
    vertex   16.024839 18.415911 47.455158
    vertex   16.220184 18.568214 47.344307
  endloop
endfacet
  facet normal -0.098300 -0.664862 -0.740470
  outer loop
    vertex   16.220184 18.568214 47.344307
    vertex   16.452438 18.525850 47.351513
    vertex   16.417492 18.289808 47.568092
  endloop
endfacet
  facet normal -0.061515 -0.535603 -0.842226
  outer loop
    vertex   15.065137 18.589401 47.420166
    vertex   15.259892 18.690273 47.341793
    vertex   15.294382 18.378527 47.537525
  endloop
endfacet
  facet normal -0.024899 -0.616022 -0.787336
  outer loop
    vertex   14.059837 18.692913 47.415989
    vertex   14.298375 18.737312 47.373707
    vertex   14.131026 18.445200 47.607552
  endloop
endfacet
  facet normal -0.229441 -0.524778 -0.819735
  outer loop
    vertex   14.351811 18.537426 47.486713
    vertex   14.131026 18.445200 47.607552
    vertex   14.298375 18.737312 47.373707
  endloop
endfacet
  facet normal -0.004307 -0.489097 -0.872219
  outer loop
    vertex   14.792221 18.591978 47.443958
    vertex   14.560760 18.564547 47.460484
    vertex   14.554068 18.815556 47.319763
  endloop
endfacet
  facet normal -0.056391 -0.579937 -0.812707
  outer loop
    vertex   13.735277 18.716721 47.421520
    vertex   14.059837 18.692913 47.415989
    vertex   13.914143 18.505543 47.559803
  endloop
endfacet
  facet normal -0.915336 -0.231406 -0.329562
  outer loop
    vertex   12.691705 19.996559 47.420155
    vertex   12.788412 19.745003 47.328190
    vertex   12.697066 19.805109 47.539692
  endloop
endfacet
  facet normal -0.995927 -0.007976 -0.089810
  outer loop
    vertex   12.597382 20.909012 47.408398
    vertex   12.613565 20.690840 47.248306
    vertex   12.586280 20.626854 47.556564
  endloop
endfacet
  facet normal 0.129236 0.509729 -0.850573
  outer loop
    vertex   20.157198 20.790781 47.427811
    vertex   19.957695 20.704498 47.345791
    vertex   19.807003 20.903542 47.442177
  endloop
endfacet
  facet normal -0.009397 0.600668 -0.799444
  outer loop
    vertex   19.241398 21.047148 47.463100
    vertex   19.484962 21.107695 47.505730
    vertex   19.234695 20.866827 47.327694
  endloop
endfacet
  facet normal 0.066257 0.528234 -0.846510
  outer loop
    vertex   19.222851 21.313791 47.605679
    vertex   19.234695 20.866827 47.327694
    vertex   18.939260 21.026606 47.404274
  endloop
endfacet
  facet normal 0.859103 0.286521 -0.424084
  outer loop
    vertex   19.241398 21.047148 47.463100
    vertex   19.234695 20.866827 47.327694
    vertex   19.222851 21.313791 47.605679
  endloop
endfacet
  facet normal 0.066984 0.558536 -0.826771
  outer loop
    vertex   18.431391 21.004290 47.322174
    vertex   18.536200 21.273993 47.512867
    vertex   18.701960 21.135838 47.432964
  endloop
endfacet
  facet normal 0.126590 0.539406 -0.832476
  outer loop
    vertex   18.431391 21.004290 47.322174
    vertex   18.244350 21.229973 47.439964
    vertex   18.536200 21.273993 47.512867
  endloop
endfacet
  facet normal 0.089402 0.466950 -0.879753
  outer loop
    vertex   17.924623 21.346909 47.469540
    vertex   18.244350 21.229973 47.439964
    vertex   18.002899 21.128004 47.361305
  endloop
endfacet
  facet normal -0.996324 -0.080940 -0.028048
  outer loop
    vertex   12.532576 21.490866 47.449703
    vertex   12.564196 21.154772 47.296383
    vertex   12.547847 21.247761 47.608788
  endloop
endfacet
  facet normal 0.171782 0.749835 -0.638936
  outer loop
    vertex   16.975765 21.513725 47.455593
    vertex   17.203688 21.601532 47.619919
    vertex   17.325966 21.415222 47.434147
  endloop
endfacet
  facet normal 0.172083 0.630731 -0.756681
  outer loop
    vertex   15.252219 21.665930 47.391796
    vertex   15.300570 21.842789 47.550213
    vertex   15.481526 21.570486 47.364388
  endloop
endfacet
  facet normal 0.042291 0.582195 -0.811948
  outer loop
    vertex   15.610575 21.703377 47.466396
    vertex   15.481526 21.570486 47.364388
    vertex   15.300570 21.842789 47.550213
  endloop
endfacet
  facet normal 0.121410 0.643646 -0.755632
  outer loop
    vertex   15.042365 21.719290 47.403530
    vertex   15.300570 21.842789 47.550213
    vertex   15.252219 21.665930 47.391796
  endloop
endfacet
  facet normal 0.114571 0.622974 -0.773807
  outer loop
    vertex   15.042365 21.719290 47.403530
    vertex   14.786898 21.735355 47.378639
    vertex   14.750385 21.919899 47.521805
  endloop
endfacet
  facet normal 0.133842 0.623839 -0.770008
  outer loop
    vertex   14.750385 21.919899 47.521805
    vertex   14.786898 21.735355 47.378639
    vertex   14.447533 21.764286 47.343090
  endloop
endfacet
  facet normal 0.009905 0.563547 -0.826025
  outer loop
    vertex   12.960116 22.150949 47.535038
    vertex   13.271226 22.003252 47.438004
    vertex   13.049964 21.884493 47.354328
  endloop
endfacet
  facet normal -0.415423 0.472868 -0.777058
  outer loop
    vertex   12.458760 21.999699 47.543839
    vertex   12.622828 22.228989 47.595657
    vertex   12.713888 21.960468 47.383572
  endloop
endfacet
  facet normal 0.002570 0.620351 -0.784320
  outer loop
    vertex   12.622828 22.228989 47.595657
    vertex   12.960116 22.150949 47.535038
    vertex   12.713888 21.960468 47.383572
  endloop
endfacet
  facet normal -0.242511 -0.150350 -0.958427
  outer loop
    vertex   20.461239 17.845938 47.507999
    vertex   20.082787 17.898680 47.595486
    vertex   20.407104 18.076338 47.485554
  endloop
endfacet
  facet normal -0.038388 -0.583693 -0.811066
  outer loop
    vertex   18.595863 17.998199 47.600639
    vertex   18.370474 18.061460 47.565781
    vertex   18.520676 18.298286 47.388237
  endloop
endfacet
  facet normal -0.157870 -0.596532 -0.786910
  outer loop
    vertex   18.595863 17.998199 47.600639
    vertex   18.520676 18.298286 47.388237
    vertex   18.744173 18.154297 47.452553
  endloop
endfacet
  facet normal -0.122596 -0.638991 -0.759382
  outer loop
    vertex   17.195570 18.360895 47.396755
    vertex   17.296339 18.145763 47.561512
    vertex   17.013512 18.170786 47.586117
  endloop
endfacet
  facet normal 0.058465 -0.865064 -0.498243
  outer loop
    vertex   17.878794 18.217529 47.467960
    vertex   18.176661 18.249800 47.446884
    vertex   17.974972 18.101347 47.680965
  endloop
endfacet
  facet normal 0.013493 -0.712104 -0.701944
  outer loop
    vertex   17.013512 18.170786 47.586117
    vertex   16.894901 18.304359 47.448330
    vertex   17.195570 18.360895 47.396755
  endloop
endfacet
  facet normal -0.120864 -0.844132 -0.522334
  outer loop
    vertex   16.149492 18.262093 47.674896
    vertex   16.024839 18.415911 47.455158
    vertex   16.417492 18.289808 47.568092
  endloop
endfacet
  facet normal 0.343984 -0.926843 -0.150457
  outer loop
    vertex   20.833130 18.312603 47.346592
    vertex   20.736015 18.228550 47.642345
    vertex   20.621092 18.226738 47.390762
  endloop
endfacet
  facet normal -0.073740 -0.575543 -0.814440
  outer loop
    vertex   15.714586 18.550268 47.388302
    vertex   16.024839 18.415911 47.455158
    vertex   15.840143 18.294910 47.557388
  endloop
endfacet
  facet normal 0.017151 -0.584014 -0.811562
  outer loop
    vertex   14.992277 18.368071 47.609314
    vertex   14.607048 18.375671 47.595703
    vertex   14.792221 18.591978 47.443958
  endloop
endfacet
  facet normal -0.073107 -0.633918 -0.769937
  outer loop
    vertex   14.792221 18.591978 47.443958
    vertex   15.065137 18.589401 47.420166
    vertex   14.992277 18.368071 47.609314
  endloop
endfacet
  facet normal 0.010644 -0.580359 -0.814291
  outer loop
    vertex   14.560760 18.564547 47.460484
    vertex   14.792221 18.591978 47.443958
    vertex   14.607048 18.375671 47.595703
  endloop
endfacet
  facet normal 0.004301 -0.610964 -0.791647
  outer loop
    vertex   14.131026 18.445200 47.607552
    vertex   13.914143 18.505543 47.559803
    vertex   14.059837 18.692913 47.415989
  endloop
endfacet
  facet normal 0.992962 0.112479 0.037085
  outer loop
    vertex   20.654739 19.287739 47.564899
    vertex   20.683033 19.079910 47.437675
    vertex   20.661057 19.312410 47.320930
  endloop
endfacet
  facet normal -0.966749 -0.212860 -0.141726
  outer loop
    vertex   12.888826 19.167305 47.526009
    vertex   12.836016 19.452349 47.458134
    vertex   12.913796 19.247829 47.234741
  endloop
endfacet
  facet normal -0.916474 -0.277184 -0.288522
  outer loop
    vertex   12.788412 19.745003 47.328190
    vertex   12.836016 19.452349 47.458134
    vertex   12.751564 19.586935 47.597092
  endloop
endfacet
  facet normal 0.991769 0.118263 0.049080
  outer loop
    vertex   20.566116 19.898197 47.361580
    vertex   20.559464 19.845327 47.623409
    vertex   20.595543 19.573416 47.549541
  endloop
endfacet
  facet normal 0.991295 0.121881 0.049799
  outer loop
    vertex   20.566116 19.898197 47.361580
    vertex   20.524994 20.112181 47.656448
    vertex   20.559464 19.845327 47.623409
  endloop
endfacet
  facet normal 0.985878 0.166646 0.016557
  outer loop
    vertex   20.524994 20.112181 47.656448
    vertex   20.566116 19.898197 47.361580
    vertex   20.518131 20.179552 47.386986
  endloop
endfacet
  facet normal 0.306598 0.389362 -0.868559
  outer loop
    vertex   20.377342 20.879261 47.545185
    vertex   20.157198 20.790781 47.427811
    vertex   20.188875 20.983971 47.525597
  endloop
endfacet
  facet normal -0.990299 -0.138549 -0.010585
  outer loop
    vertex   12.597382 20.909012 47.408398
    vertex   12.547847 21.247761 47.608788
    vertex   12.564196 21.154772 47.296383
  endloop
endfacet
  facet normal 0.190306 0.695561 -0.692804
  outer loop
    vertex   17.924623 21.346909 47.469540
    vertex   18.057716 21.521553 47.681438
    vertex   18.244350 21.229973 47.439964
  endloop
endfacet
  facet normal 0.035335 0.650749 -0.758470
  outer loop
    vertex   18.057716 21.521553 47.681438
    vertex   18.379429 21.398132 47.590534
    vertex   18.244350 21.229973 47.439964
  endloop
endfacet
  facet normal -0.023899 0.741200 -0.670859
  outer loop
    vertex   15.907762 21.655455 47.402863
    vertex   15.610575 21.703377 47.466396
    vertex   15.773737 21.835140 47.606163
  endloop
endfacet
  facet normal 0.107056 0.719483 -0.686209
  outer loop
    vertex   14.263096 22.022753 47.585316
    vertex   14.447533 21.764286 47.343090
    vertex   14.096106 21.846727 47.374702
  endloop
endfacet
  facet normal 0.023993 0.689063 -0.724304
  outer loop
    vertex   14.096106 21.846727 47.374702
    vertex   13.790596 21.894440 47.409973
    vertex   14.024229 22.082043 47.596188
  endloop
endfacet
  facet normal 0.142221 0.701105 -0.698731
  outer loop
    vertex   14.263096 22.022753 47.585316
    vertex   14.096106 21.846727 47.374702
    vertex   14.024229 22.082043 47.596188
  endloop
endfacet
  facet normal 0.037810 0.650652 -0.758434
  outer loop
    vertex   13.498629 21.905563 47.404961
    vertex   13.731331 22.118942 47.599617
    vertex   13.790596 21.894440 47.409973
  endloop
endfacet
  facet normal 0.196079 0.691581 -0.695175
  outer loop
    vertex   13.498629 21.905563 47.404961
    vertex   13.271226 22.003252 47.438004
    vertex   13.297780 22.176172 47.617519
  endloop
endfacet
  facet normal -0.019781 -0.564956 -0.824884
  outer loop
    vertex   19.687296 17.969389 47.556541
    vertex   20.024254 18.180471 47.403893
    vertex   20.082787 17.898680 47.595486
  endloop
endfacet
  facet normal -0.102997 -0.631335 -0.768640
  outer loop
    vertex   18.744173 18.154297 47.452553
    vertex   18.934406 18.033255 47.526482
    vertex   18.595863 17.998199 47.600639
  endloop
endfacet
  facet normal -0.041528 -0.556887 -0.829549
  outer loop
    vertex   19.206648 18.062630 47.518009
    vertex   19.590282 18.164064 47.430710
    vertex   19.687296 17.969389 47.556541
  endloop
endfacet
  facet normal 0.034200 -0.939807 -0.339990
  outer loop
    vertex   17.878794 18.217529 47.467960
    vertex   17.612284 18.116745 47.719742
    vertex   17.596031 18.199873 47.488323
  endloop
endfacet
  facet normal -0.085596 -0.890417 -0.447024
  outer loop
    vertex   17.878794 18.217529 47.467960
    vertex   17.974972 18.101347 47.680965
    vertex   17.612284 18.116745 47.719742
  endloop
endfacet
  facet normal -0.228885 -0.789986 -0.568799
  outer loop
    vertex   16.894901 18.304359 47.448330
    vertex   17.013512 18.170786 47.586117
    vertex   16.730034 18.228273 47.620346
  endloop
endfacet
  facet normal -0.020931 -0.643214 -0.765401
  outer loop
    vertex   15.478506 18.499325 47.437569
    vertex   15.714586 18.550268 47.388302
    vertex   15.580418 18.279472 47.619537
  endloop
endfacet
  facet normal -0.153007 -0.596793 -0.787672
  outer loop
    vertex   15.840143 18.294910 47.557388
    vertex   15.580418 18.279472 47.619537
    vertex   15.714586 18.550268 47.388302
  endloop
endfacet
  facet normal 0.949933 -0.165897 0.264775
  outer loop
    vertex   20.833130 18.312603 47.346592
    vertex   20.763655 18.460672 47.688622
    vertex   20.736015 18.228550 47.642345
  endloop
endfacet
  facet normal -0.163290 -0.609339 -0.775914
  outer loop
    vertex   15.294382 18.378527 47.537525
    vertex   14.992277 18.368071 47.609314
    vertex   15.065137 18.589401 47.420166
  endloop
endfacet
  facet normal -0.025595 -0.586067 -0.809859
  outer loop
    vertex   14.351811 18.537426 47.486713
    vertex   14.560760 18.564547 47.460484
    vertex   14.607048 18.375671 47.595703
  endloop
endfacet
  facet normal 0.943502 -0.187853 0.272974
  outer loop
    vertex   20.763655 18.460672 47.688622
    vertex   20.833130 18.312603 47.346592
    vertex   20.881212 18.556755 47.348419
  endloop
endfacet
  facet normal -0.313834 -0.691716 -0.650414
  outer loop
    vertex   13.735277 18.716721 47.421520
    vertex   13.914143 18.505543 47.559803
    vertex   13.634672 18.475878 47.726200
  endloop
endfacet
  facet normal -0.052107 -0.774992 -0.629820
  outer loop
    vertex   13.634672 18.475878 47.726200
    vertex   13.288231 18.687237 47.494785
    vertex   13.735277 18.716721 47.421520
  endloop
endfacet
  facet normal 0.896696 0.383223 0.221530
  outer loop
    vertex   20.725840 18.694263 47.739452
    vertex   20.881212 18.556755 47.348419
    vertex   20.754601 18.851152 47.351635
  endloop
endfacet
  facet normal -0.951741 -0.225820 -0.207832
  outer loop
    vertex   12.814347 19.299719 47.723202
    vertex   12.836016 19.452349 47.458134
    vertex   12.888826 19.167305 47.526009
  endloop
endfacet
  facet normal 0.977665 0.205062 0.046052
  outer loop
    vertex   20.661057 19.312410 47.320930
    vertex   20.595543 19.573416 47.549541
    vertex   20.654739 19.287739 47.564899
  endloop
endfacet
  facet normal -0.902736 -0.305247 -0.303136
  outer loop
    vertex   12.697066 19.805109 47.539692
    vertex   12.788412 19.745003 47.328190
    vertex   12.751564 19.586935 47.597092
  endloop
endfacet
  facet normal 0.103582 0.435607 -0.894157
  outer loop
    vertex   19.807003 20.903542 47.442177
    vertex   20.188875 20.983971 47.525597
    vertex   20.157198 20.790781 47.427811
  endloop
endfacet
  facet normal 0.086705 0.488727 -0.868118
  outer loop
    vertex   20.188875 20.983971 47.525597
    vertex   19.807003 20.903542 47.442177
    vertex   20.029995 21.170113 47.614521
  endloop
endfacet
  facet normal 0.082990 0.491175 -0.867098
  outer loop
    vertex   19.808533 21.203518 47.612247
    vertex   20.029995 21.170113 47.614521
    vertex   19.807003 20.903542 47.442177
  endloop
endfacet
  facet normal 0.139209 0.487858 -0.861752
  outer loop
    vertex   19.484962 21.107695 47.505730
    vertex   19.808533 21.203518 47.612247
    vertex   19.807003 20.903542 47.442177
  endloop
endfacet
  facet normal 0.036426 0.473192 -0.880206
  outer loop
    vertex   19.484962 21.107695 47.505730
    vertex   19.241398 21.047148 47.463100
    vertex   19.222851 21.313791 47.605679
  endloop
endfacet
  facet normal 0.141893 0.528153 -0.837210
  outer loop
    vertex   18.939260 21.026606 47.404274
    vertex   18.701960 21.135838 47.432964
    vertex   18.938063 21.318359 47.588123
  endloop
endfacet
  facet normal 0.060588 0.532329 -0.844367
  outer loop
    vertex   18.938063 21.318359 47.588123
    vertex   19.222851 21.313791 47.605679
    vertex   18.939260 21.026606 47.404274
  endloop
endfacet
  facet normal 0.193415 0.654687 -0.730737
  outer loop
    vertex   18.536200 21.273993 47.512867
    vertex   18.788567 21.420923 47.711304
    vertex   18.701960 21.135838 47.432964
  endloop
endfacet
  facet normal -0.089162 0.709544 -0.698998
  outer loop
    vertex   18.788567 21.420923 47.711304
    vertex   18.938063 21.318359 47.588123
    vertex   18.701960 21.135838 47.432964
  endloop
endfacet
  facet normal 0.101890 0.616924 -0.780400
  outer loop
    vertex   18.244350 21.229973 47.439964
    vertex   18.379429 21.398132 47.590534
    vertex   18.536200 21.273993 47.512867
  endloop
endfacet
  facet normal 0.069475 0.795567 -0.601869
  outer loop
    vertex   16.670856 21.494221 47.394615
    vertex   16.855408 21.687262 47.671085
    vertex   16.975765 21.513725 47.455593
  endloop
endfacet
  facet normal 0.188169 0.747456 -0.637105
  outer loop
    vertex   16.260696 21.672798 47.482983
    vertex   16.628790 21.698647 47.622025
    vertex   16.670856 21.494221 47.394615
  endloop
endfacet
  facet normal 0.088127 0.819898 -0.565687
  outer loop
    vertex   15.907762 21.655455 47.402863
    vertex   16.076607 21.852644 47.714970
    vertex   16.260696 21.672798 47.482983
  endloop
endfacet
  facet normal 0.193403 0.740833 -0.643243
  outer loop
    vertex   14.263096 22.022753 47.585316
    vertex   14.481366 22.060625 47.694561
    vertex   14.447533 21.764286 47.343090
  endloop
endfacet
  facet normal -0.013208 0.765081 -0.643799
  outer loop
    vertex   14.481366 22.060625 47.694561
    vertex   14.750385 21.919899 47.521805
    vertex   14.447533 21.764286 47.343090
  endloop
endfacet
  facet normal 0.052973 0.640861 -0.765827
  outer loop
    vertex   13.297780 22.176172 47.617519
    vertex   13.731331 22.118942 47.599617
    vertex   13.498629 21.905563 47.404961
  endloop
endfacet
  facet normal 0.073690 0.654834 -0.752172
  outer loop
    vertex   13.731331 22.118942 47.599617
    vertex   14.024229 22.082043 47.596188
    vertex   13.790596 21.894440 47.409973
  endloop
endfacet
  facet normal 0.117708 0.706450 -0.697906
  outer loop
    vertex   12.960116 22.150949 47.535038
    vertex   13.297780 22.176172 47.617519
    vertex   13.271226 22.003252 47.438004
  endloop
endfacet
  facet normal -0.050125 -0.591082 -0.805053
  outer loop
    vertex   19.206648 18.062630 47.518009
    vertex   19.687296 17.969389 47.556541
    vertex   19.481356 17.804804 47.690205
  endloop
endfacet
  facet normal 0.494004 -0.841270 -0.219603
  outer loop
    vertex   20.736015 18.228550 47.642345
    vertex   20.407104 18.076338 47.485554
    vertex   20.621092 18.226738 47.390762
  endloop
endfacet
  facet normal 0.000085 -0.637590 -0.770376
  outer loop
    vertex   15.478506 18.499325 47.437569
    vertex   15.580418 18.279472 47.619537
    vertex   15.294382 18.378527 47.537525
  endloop
endfacet
  facet normal 0.155935 -0.765469 -0.624292
  outer loop
    vertex   16.024839 18.415911 47.455158
    vertex   16.149492 18.262093 47.674896
    vertex   15.840143 18.294910 47.557388
  endloop
endfacet
  facet normal -0.311884 -0.817903 -0.483490
  outer loop
    vertex   14.382524 18.358597 47.769421
    vertex   14.351811 18.537426 47.486713
    vertex   14.607048 18.375671 47.595703
  endloop
endfacet
  facet normal 0.935540 0.076408 0.344857
  outer loop
    vertex   20.763655 18.460672 47.688622
    vertex   20.881212 18.556755 47.348419
    vertex   20.725840 18.694263 47.739452
  endloop
endfacet
  facet normal -0.377878 -0.767940 -0.517180
  outer loop
    vertex   13.137165 18.607746 47.723194
    vertex   12.948208 18.898806 47.429073
    vertex   13.288231 18.687237 47.494785
  endloop
endfacet
  facet normal 0.975561 0.168820 0.140644
  outer loop
    vertex   20.754601 18.851152 47.351635
    vertex   20.682484 18.969984 47.709229
    vertex   20.725840 18.694263 47.739452
  endloop
endfacet
  facet normal 0.959663 0.259928 0.107162
  outer loop
    vertex   20.683033 19.079910 47.437675
    vertex   20.682484 18.969984 47.709229
    vertex   20.754601 18.851152 47.351635
  endloop
endfacet
  facet normal 0.993178 0.107373 0.045474
  outer loop
    vertex   20.682484 18.969984 47.709229
    vertex   20.683033 19.079910 47.437675
    vertex   20.654739 19.287739 47.564899
  endloop
endfacet
  facet normal -0.996554 -0.062185 -0.054897
  outer loop
    vertex   12.697066 19.805109 47.539692
    vertex   12.678816 19.868368 47.799339
    vertex   12.691705 19.996559 47.420155
  endloop
endfacet
  facet normal 0.975095 0.220602 -0.022926
  outer loop
    vertex   20.444782 20.512648 47.472443
    vertex   20.470848 20.421198 47.701118
    vertex   20.518131 20.179552 47.386986
  endloop
endfacet
  facet normal 0.433311 0.662002 -0.611551
  outer loop
    vertex   20.029995 21.170113 47.614521
    vertex   20.297855 21.157276 47.790417
    vertex   20.188875 20.983971 47.525597
  endloop
endfacet
  facet normal 0.431876 0.662926 -0.611565
  outer loop
    vertex   20.377342 20.879261 47.545185
    vertex   20.188875 20.983971 47.525597
    vertex   20.297855 21.157276 47.790417
  endloop
endfacet
  facet normal 0.142054 0.718214 -0.681167
  outer loop
    vertex   17.708199 21.491371 47.576725
    vertex   18.057716 21.521553 47.681438
    vertex   17.924623 21.346909 47.469540
  endloop
endfacet
  facet normal 0.037745 0.835876 -0.547619
  outer loop
    vertex   17.708199 21.491371 47.576725
    vertex   17.325966 21.415222 47.434147
    vertex   17.534100 21.614090 47.752041
  endloop
endfacet
  facet normal 0.176105 0.748040 -0.639862
  outer loop
    vertex   16.628790 21.698647 47.622025
    vertex   16.855408 21.687262 47.671085
    vertex   16.670856 21.494221 47.394615
  endloop
endfacet
  facet normal 0.111913 0.803563 -0.584605
  outer loop
    vertex   17.203688 21.601532 47.619919
    vertex   16.975765 21.513725 47.455593
    vertex   16.855408 21.687262 47.671085
  endloop
endfacet
  facet normal -0.976299 0.051879 -0.210118
  outer loop
    vertex   12.532576 21.490866 47.449703
    vertex   12.490977 21.700474 47.694740
    vertex   12.564026 21.797108 47.379185
  endloop
endfacet
  facet normal 0.136631 0.844019 -0.518618
  outer loop
    vertex   16.628790 21.698647 47.622025
    vertex   16.260696 21.672798 47.482983
    vertex   16.417656 21.771360 47.684738
  endloop
endfacet
  facet normal 0.166030 0.790637 -0.589344
  outer loop
    vertex   15.773737 21.835140 47.606163
    vertex   16.076607 21.852644 47.714970
    vertex   15.907762 21.655455 47.402863
  endloop
endfacet
  facet normal -0.925189 -0.245544 -0.289368
  outer loop
    vertex   12.458760 21.999699 47.543839
    vertex   12.564026 21.797108 47.379185
    vertex   12.490977 21.700474 47.694740
  endloop
endfacet
  facet normal 0.034952 0.733342 -0.678961
  outer loop
    vertex   15.064317 21.981321 47.687679
    vertex   15.300570 21.842789 47.550213
    vertex   15.042365 21.719290 47.403530
  endloop
endfacet
  facet normal 0.075445 -0.989494 -0.123324
  outer loop
    vertex   18.739525 17.985565 47.789898
    vertex   18.595863 17.998199 47.600639
    vertex   18.934406 18.033255 47.526482
  endloop
endfacet
  facet normal -0.264830 -0.694710 -0.668763
  outer loop
    vertex   17.974972 18.101347 47.680965
    vertex   18.176661 18.249800 47.446884
    vertex   18.370474 18.061460 47.565781
  endloop
endfacet
  facet normal 0.085399 -0.935763 -0.342133
  outer loop
    vertex   17.596031 18.199873 47.488323
    vertex   17.612284 18.116745 47.719742
    vertex   17.296339 18.145763 47.561512
  endloop
endfacet
  facet normal -0.226230 -0.863775 -0.450235
  outer loop
    vertex   13.137165 18.607746 47.723194
    vertex   13.288231 18.687237 47.494785
    vertex   13.634672 18.475878 47.726200
  endloop
endfacet
  facet normal -0.915462 -0.311804 -0.254377
  outer loop
    vertex   12.814347 19.299719 47.723202
    vertex   12.751564 19.586935 47.597092
    vertex   12.836016 19.452349 47.458134
  endloop
endfacet
  facet normal 0.985269 0.170117 0.017440
  outer loop
    vertex   20.470848 20.421198 47.701118
    vertex   20.524994 20.112181 47.656448
    vertex   20.518131 20.179552 47.386986
  endloop
endfacet
  facet normal 0.985860 0.160493 -0.048191
  outer loop
    vertex   20.444782 20.512648 47.472443
    vertex   20.423716 20.718952 47.728539
    vertex   20.470848 20.421198 47.701118
  endloop
endfacet
  facet normal 0.977779 0.195091 -0.076727
  outer loop
    vertex   20.423716 20.718952 47.728539
    vertex   20.444782 20.512648 47.472443
    vertex   20.377342 20.879261 47.545185
  endloop
endfacet
  facet normal 0.077438 0.612756 -0.786469
  outer loop
    vertex   19.808533 21.203518 47.612247
    vertex   19.484962 21.107695 47.505730
    vertex   19.581656 21.330759 47.689045
  endloop
endfacet
  facet normal 0.157099 0.585491 -0.795311
  outer loop
    vertex   19.222851 21.313791 47.605679
    vertex   19.581656 21.330759 47.689045
    vertex   19.484962 21.107695 47.505730
  endloop
endfacet
  facet normal 0.175107 0.671569 -0.719953
  outer loop
    vertex   18.379429 21.398132 47.590534
    vertex   18.788567 21.420923 47.711304
    vertex   18.536200 21.273993 47.512867
  endloop
endfacet
  facet normal -0.993762 -0.097661 -0.053845
  outer loop
    vertex   12.547847 21.247761 47.608788
    vertex   12.515796 21.450888 47.831905
    vertex   12.532576 21.490866 47.449703
  endloop
endfacet
  facet normal 0.217567 0.757064 -0.616050
  outer loop
    vertex   17.534100 21.614090 47.752041
    vertex   17.325966 21.415222 47.434147
    vertex   17.203688 21.601532 47.619919
  endloop
endfacet
  facet normal 0.183435 0.773011 -0.607294
  outer loop
    vertex   15.610575 21.703377 47.466396
    vertex   15.300570 21.842789 47.550213
    vertex   15.548800 21.938036 47.746429
  endloop
endfacet
  facet normal -0.057288 0.758955 -0.648619
  outer loop
    vertex   15.548800 21.938036 47.746429
    vertex   15.773737 21.835140 47.606163
    vertex   15.610575 21.703377 47.466396
  endloop
endfacet
  facet normal 0.215683 0.709475 -0.670914
  outer loop
    vertex   14.750385 21.919899 47.521805
    vertex   15.064317 21.981321 47.687679
    vertex   15.042365 21.719290 47.403530
  endloop
endfacet
  facet normal 0.199547 0.888564 -0.413080
  outer loop
    vertex   14.481366 22.060625 47.694561
    vertex   14.706764 22.061760 47.805885
    vertex   14.750385 21.919899 47.521805
  endloop
endfacet
  facet normal -0.621514 0.566914 -0.540674
  outer loop
    vertex   12.458760 21.999699 47.543839
    vertex   12.443576 22.267241 47.841820
    vertex   12.622828 22.228989 47.595657
  endloop
endfacet
  facet normal 0.098399 0.886729 -0.451695
  outer loop
    vertex   13.731331 22.118942 47.599617
    vertex   13.297780 22.176172 47.617519
    vertex   13.557453 22.245367 47.809925
  endloop
endfacet
  facet normal 0.062050 0.854706 -0.515391
  outer loop
    vertex   13.080357 22.271786 47.749905
    vertex   13.297780 22.176172 47.617519
    vertex   12.960116 22.150949 47.535038
  endloop
endfacet
  facet normal 0.079534 -0.874895 -0.477737
  outer loop
    vertex   19.061262 17.892187 47.805943
    vertex   18.934406 18.033255 47.526482
    vertex   19.206648 18.062630 47.518009
  endloop
endfacet
  facet normal -0.510745 -0.601710 -0.614073
  outer loop
    vertex   19.206648 18.062630 47.518009
    vertex   19.278984 17.753450 47.760799
    vertex   19.061262 17.892187 47.805943
  endloop
endfacet
  facet normal -0.108619 -0.629548 -0.769332
  outer loop
    vertex   19.206648 18.062630 47.518009
    vertex   19.481356 17.804804 47.690205
    vertex   19.278984 17.753450 47.760799
  endloop
endfacet
  facet normal -0.077957 -0.778817 -0.622388
  outer loop
    vertex   19.789410 17.793354 47.764030
    vertex   19.687296 17.969389 47.556541
    vertex   20.082787 17.898680 47.595486
  endloop
endfacet
  facet normal 0.400412 -0.907045 0.130151
  outer loop
    vertex   20.082787 17.898680 47.595486
    vertex   20.016369 17.907402 47.860607
    vertex   19.789410 17.793354 47.764030
  endloop
endfacet
  facet normal -0.003735 -0.863467 0.504392
  outer loop
    vertex   20.461239 17.845938 47.507999
    vertex   20.468437 17.993982 47.761490
    vertex   20.082787 17.898680 47.595486
  endloop
endfacet
  facet normal 0.965465 0.212105 -0.151291
  outer loop
    vertex   20.468437 17.993982 47.761490
    vertex   20.461239 17.845938 47.507999
    vertex   20.407104 18.076338 47.485554
  endloop
endfacet
  facet normal -0.323845 -0.946019 -0.013122
  outer loop
    vertex   15.580418 18.279472 47.619537
    vertex   15.528224 18.294479 47.825741
    vertex   15.294382 18.378527 47.537525
  endloop
endfacet
  facet normal 0.033079 -0.993539 -0.108560
  outer loop
    vertex   15.859728 18.268003 47.809608
    vertex   15.580418 18.279472 47.619537
    vertex   15.840143 18.294910 47.557388
  endloop
endfacet
  facet normal 0.056763 -0.840954 -0.538121
  outer loop
    vertex   14.351811 18.537426 47.486713
    vertex   14.382524 18.358597 47.769421
    vertex   14.131026 18.445200 47.607552
  endloop
endfacet
  facet normal -0.923891 -0.381787 -0.025749
  outer loop
    vertex   12.948208 18.898806 47.429073
    vertex   12.972696 18.819387 47.727962
    vertex   12.884657 19.026819 47.811226
  endloop
endfacet
  facet normal -0.978420 -0.179334 -0.102635
  outer loop
    vertex   12.884657 19.026819 47.811226
    vertex   12.888826 19.167305 47.526009
    vertex   12.948208 18.898806 47.429073
  endloop
endfacet
  facet normal 0.985121 0.134569 0.106899
  outer loop
    vertex   20.623365 19.349113 47.776764
    vertex   20.682484 18.969984 47.709229
    vertex   20.654739 19.287739 47.564899
  endloop
endfacet
  facet normal 0.974782 0.206533 0.084521
  outer loop
    vertex   20.623365 19.349113 47.776764
    vertex   20.654739 19.287739 47.564899
    vertex   20.595543 19.573416 47.549541
  endloop
endfacet
  facet normal -0.969621 -0.244463 -0.008594
  outer loop
    vertex   12.751564 19.586935 47.597092
    vertex   12.678816 19.868368 47.799339
    vertex   12.697066 19.805109 47.539692
  endloop
endfacet
  facet normal 0.991731 0.127411 0.015385
  outer loop
    vertex   20.595543 19.573416 47.549541
    vertex   20.559464 19.845327 47.623409
    vertex   20.580063 19.662058 47.813309
  endloop
endfacet
  facet normal -0.992402 -0.024292 -0.120618
  outer loop
    vertex   12.597382 20.909012 47.408398
    vertex   12.586280 20.626854 47.556564
    vertex   12.553330 20.784626 47.795887
  endloop
endfacet
  facet normal -0.994164 0.025659 -0.104784
  outer loop
    vertex   12.553330 20.784626 47.795887
    vertex   12.564200 21.061909 47.760654
    vertex   12.597382 20.909012 47.408398
  endloop
endfacet
  facet normal 0.961100 0.276195 -0.001597
  outer loop
    vertex   20.377342 20.879261 47.545185
    vertex   20.297855 21.157276 47.790417
    vertex   20.423716 20.718952 47.728539
  endloop
endfacet
  facet normal -0.991832 -0.120779 -0.041003
  outer loop
    vertex   12.547847 21.247761 47.608788
    vertex   12.597382 20.909012 47.408398
    vertex   12.564200 21.061909 47.760654
  endloop
endfacet
  facet normal 0.043451 0.878167 -0.476377
  outer loop
    vertex   19.222851 21.313791 47.605679
    vertex   18.938063 21.318359 47.588123
    vertex   19.071754 21.431034 47.808025
  endloop
endfacet
  facet normal -0.989901 -0.129779 -0.057035
  outer loop
    vertex   12.515796 21.450888 47.831905
    vertex   12.490977 21.700474 47.694740
    vertex   12.532576 21.490866 47.449703
  endloop
endfacet
  facet normal 0.169839 0.912334 -0.372560
  outer loop
    vertex   17.203688 21.601532 47.619919
    vertex   16.855408 21.687262 47.671085
    vertex   17.059872 21.731796 47.873352
  endloop
endfacet
  facet normal 0.152530 0.836017 -0.527077
  outer loop
    vertex   16.417656 21.771360 47.684738
    vertex   16.260696 21.672798 47.482983
    vertex   16.076607 21.852644 47.714970
  endloop
endfacet
  facet normal 0.056564 0.896665 -0.439081
  outer loop
    vertex   14.750385 21.919899 47.521805
    vertex   14.706764 22.061760 47.805885
    vertex   15.064317 21.981321 47.687679
  endloop
endfacet
  facet normal 0.119053 0.876654 -0.466160
  outer loop
    vertex   12.960116 22.150949 47.535038
    vertex   12.622828 22.228989 47.595657
    vertex   12.711644 22.331696 47.811489
  endloop
endfacet
  facet normal 0.053741 0.857213 -0.512151
  outer loop
    vertex   12.711644 22.331696 47.811489
    vertex   13.080357 22.271786 47.749905
    vertex   12.960116 22.150949 47.535038
  endloop
endfacet
  facet normal -0.245608 -0.905644 -0.345666
  outer loop
    vertex   18.739525 17.985565 47.789898
    vertex   18.934406 18.033255 47.526482
    vertex   19.061262 17.892187 47.805943
  endloop
endfacet
  facet normal 0.135904 -0.721467 -0.678981
  outer loop
    vertex   19.481356 17.804804 47.690205
    vertex   19.687296 17.969389 47.556541
    vertex   19.789410 17.793354 47.764030
  endloop
endfacet
  facet normal -0.287759 -0.947162 0.141698
  outer loop
    vertex   18.452127 18.076857 47.834515
    vertex   18.370474 18.061460 47.565781
    vertex   18.595863 17.998199 47.600639
  endloop
endfacet
  facet normal -0.076844 -0.993806 0.080285
  outer loop
    vertex   18.370474 18.061460 47.565781
    vertex   18.452127 18.076857 47.834515
    vertex   17.974972 18.101347 47.680965
  endloop
endfacet
  facet normal 0.174965 -0.932117 -0.317088
  outer loop
    vertex   20.407104 18.076338 47.485554
    vertex   20.722395 18.008209 47.859798
    vertex   20.468437 17.993982 47.761490
  endloop
endfacet
  facet normal 0.553113 -0.602268 -0.575621
  outer loop
    vertex   20.407104 18.076338 47.485554
    vertex   20.736015 18.228550 47.642345
    vertex   20.722395 18.008209 47.859798
  endloop
endfacet
  facet normal -0.081285 -0.993767 0.076283
  outer loop
    vertex   17.013512 18.170786 47.586117
    vertex   17.296339 18.145763 47.561512
    vertex   17.045036 18.186224 47.820827
  endloop
endfacet
  facet normal -0.022523 -0.990890 0.132780
  outer loop
    vertex   17.296339 18.145763 47.561512
    vertex   17.284586 18.183804 47.843399
    vertex   17.045036 18.186224 47.820827
  endloop
endfacet
  facet normal -0.153072 -0.980164 0.125889
  outer loop
    vertex   17.612284 18.116745 47.719742
    vertex   17.284586 18.183804 47.843399
    vertex   17.296339 18.145763 47.561512
  endloop
endfacet
  facet normal -0.067060 -0.992655 -0.100690
  outer loop
    vertex   15.840143 18.294910 47.557388
    vertex   16.149492 18.262093 47.674896
    vertex   15.859728 18.268003 47.809608
  endloop
endfacet
  facet normal -0.172345 -0.977644 -0.120456
  outer loop
    vertex   16.487076 18.237024 47.896938
    vertex   16.417492 18.289808 47.568092
    vertex   16.730034 18.228273 47.620346
  endloop
endfacet
  facet normal -0.010090 -0.967032 -0.254453
  outer loop
    vertex   14.607048 18.375671 47.595703
    vertex   14.992277 18.368071 47.609314
    vertex   14.710477 18.325916 47.780693
  endloop
endfacet
  facet normal -0.006027 -0.985612 -0.168918
  outer loop
    vertex   15.215860 18.324146 47.857628
    vertex   14.992277 18.368071 47.609314
    vertex   15.294382 18.378527 47.537525
  endloop
endfacet
  facet normal -0.112291 -0.974725 -0.193136
  outer loop
    vertex   15.528224 18.294479 47.825741
    vertex   15.215860 18.324146 47.857628
    vertex   15.294382 18.378527 47.537525
  endloop
endfacet
  facet normal -0.027457 -0.975123 -0.219958
  outer loop
    vertex   13.914143 18.505543 47.559803
    vertex   14.041474 18.422104 47.913811
    vertex   13.634672 18.475878 47.726200
  endloop
endfacet
  facet normal -0.250662 -0.949938 -0.186513
  outer loop
    vertex   13.137165 18.607746 47.723194
    vertex   13.634672 18.475878 47.726200
    vertex   13.373669 18.528683 47.808029
  endloop
endfacet
  facet normal -0.786913 -0.609324 -0.097431
  outer loop
    vertex   12.972696 18.819387 47.727962
    vertex   12.948208 18.898806 47.429073
    vertex   13.137165 18.607746 47.723194
  endloop
endfacet
  facet normal -0.942559 -0.293993 -0.158587
  outer loop
    vertex   12.884657 19.026819 47.811226
    vertex   12.814347 19.299719 47.723202
    vertex   12.888826 19.167305 47.526009
  endloop
endfacet
  facet normal -0.950489 -0.272976 -0.148508
  outer loop
    vertex   12.742599 19.499548 47.815102
    vertex   12.751564 19.586935 47.597092
    vertex   12.814347 19.299719 47.723202
  endloop
endfacet
  facet normal -0.978598 -0.173935 -0.109964
  outer loop
    vertex   12.678816 19.868368 47.799339
    vertex   12.751564 19.586935 47.597092
    vertex   12.742599 19.499548 47.815102
  endloop
endfacet
  facet normal 0.991785 0.124449 0.029563
  outer loop
    vertex   20.532391 20.002541 47.869850
    vertex   20.559464 19.845327 47.623409
    vertex   20.524994 20.112181 47.656448
  endloop
endfacet
  facet normal -0.999481 -0.021721 -0.023803
  outer loop
    vertex   12.586280 20.626854 47.556564
    vertex   12.594830 20.283110 47.511242
    vertex   12.585884 20.395847 47.783978
  endloop
endfacet
  facet normal 0.394759 0.737993 -0.547296
  outer loop
    vertex   20.297855 21.157276 47.790417
    vertex   20.029995 21.170113 47.614521
    vertex   20.108816 21.290529 47.833748
  endloop
endfacet
  facet normal 0.125146 0.788695 -0.601913
  outer loop
    vertex   19.826571 21.338709 47.793140
    vertex   20.029995 21.170113 47.614521
    vertex   19.808533 21.203518 47.612247
  endloop
endfacet
  facet normal 0.228914 0.768664 -0.597290
  outer loop
    vertex   19.826571 21.338709 47.793140
    vertex   19.808533 21.203518 47.612247
    vertex   19.581656 21.330759 47.689045
  endloop
endfacet
  facet normal 0.147824 0.840841 -0.520706
  outer loop
    vertex   19.071754 21.431034 47.808025
    vertex   18.938063 21.318359 47.588123
    vertex   18.788567 21.420923 47.711304
  endloop
endfacet
  facet normal 0.111197 0.837641 -0.534784
  outer loop
    vertex   18.379429 21.398132 47.590534
    vertex   18.476204 21.513712 47.791691
    vertex   18.788567 21.420923 47.711304
  endloop
endfacet
  facet normal 0.159880 0.820731 -0.548488
  outer loop
    vertex   18.057716 21.521553 47.681438
    vertex   18.476204 21.513712 47.791691
    vertex   18.379429 21.398132 47.590534
  endloop
endfacet
  facet normal -0.989151 -0.135326 -0.057160
  outer loop
    vertex   12.490977 21.700474 47.694740
    vertex   12.457305 21.885540 47.839294
    vertex   12.458760 21.999699 47.543839
  endloop
endfacet
  facet normal 0.242232 0.859580 -0.449940
  outer loop
    vertex   15.300570 21.842789 47.550213
    vertex   15.064317 21.981321 47.687679
    vertex   15.281782 22.012529 47.864376
  endloop
endfacet
  facet normal 0.036454 0.880122 -0.473345
  outer loop
    vertex   15.548800 21.938036 47.746429
    vertex   15.300570 21.842789 47.550213
    vertex   15.281782 22.012529 47.864376
  endloop
endfacet
  facet normal -0.999182 -0.035815 -0.018760
  outer loop
    vertex   12.443576 22.267241 47.841820
    vertex   12.458760 21.999699 47.543839
    vertex   12.457305 21.885540 47.839294
  endloop
endfacet
  facet normal 0.194721 0.868185 -0.456441
  outer loop
    vertex   14.263096 22.022753 47.585316
    vertex   14.024229 22.082043 47.596188
    vertex   14.187457 22.168570 47.830402
  endloop
endfacet
  facet normal 0.105090 0.877640 -0.467658
  outer loop
    vertex   14.024229 22.082043 47.596188
    vertex   13.731331 22.118942 47.599617
    vertex   13.881095 22.191730 47.769871
  endloop
endfacet
  facet normal 0.137527 -0.988232 0.066965
  outer loop
    vertex   20.082787 17.898680 47.595486
    vertex   20.201462 17.941275 47.980350
    vertex   20.016369 17.907402 47.860607
  endloop
endfacet
  facet normal 0.223990 -0.973822 0.038709
  outer loop
    vertex   20.201462 17.941275 47.980350
    vertex   20.082787 17.898680 47.595486
    vertex   20.468437 17.993982 47.761490
  endloop
endfacet
  facet normal -0.278460 -0.948973 0.148022
  outer loop
    vertex   18.595863 17.998199 47.600639
    vertex   18.739525 17.985565 47.789898
    vertex   18.452127 18.076857 47.834515
  endloop
endfacet
  facet normal -0.095697 -0.985488 0.140198
  outer loop
    vertex   18.452127 18.076857 47.834515
    vertex   18.224524 18.114077 47.940784
    vertex   17.974972 18.101347 47.680965
  endloop
endfacet
  facet normal -0.187555 -0.978165 0.089530
  outer loop
    vertex   17.045036 18.186224 47.820827
    vertex   16.730034 18.228273 47.620346
    vertex   17.013512 18.170786 47.586117
  endloop
endfacet
  facet normal -0.076938 -0.995627 0.052985
  outer loop
    vertex   15.528224 18.294479 47.825741
    vertex   15.580418 18.279472 47.619537
    vertex   15.859728 18.268003 47.809608
  endloop
endfacet
  facet normal -0.089709 -0.973230 -0.211604
  outer loop
    vertex   14.382524 18.358597 47.769421
    vertex   14.607048 18.375671 47.595703
    vertex   14.710477 18.325916 47.780693
  endloop
endfacet
  facet normal -0.236291 -0.961311 -0.141589
  outer loop
    vertex   14.041474 18.422104 47.913811
    vertex   13.914143 18.505543 47.559803
    vertex   14.131026 18.445200 47.607552
  endloop
endfacet
  facet normal -0.984442 -0.153572 -0.085380
  outer loop
    vertex   12.678816 19.868368 47.799339
    vertex   12.627512 20.151667 47.881313
    vertex   12.691705 19.996559 47.420155
  endloop
endfacet
  facet normal -0.949562 -0.312407 -0.027102
  outer loop
    vertex   12.594830 20.283110 47.511242
    vertex   12.691705 19.996559 47.420155
    vertex   12.627512 20.151667 47.881313
  endloop
endfacet
  facet normal -0.992487 -0.116881 -0.036163
  outer loop
    vertex   12.564200 21.061909 47.760654
    vertex   12.515796 21.450888 47.831905
    vertex   12.547847 21.247761 47.608788
  endloop
endfacet
  facet normal 0.216177 0.820875 -0.528614
  outer loop
    vertex   19.826571 21.338709 47.793140
    vertex   20.108816 21.290529 47.833748
    vertex   20.029995 21.170113 47.614521
  endloop
endfacet
  facet normal 0.122449 0.895670 -0.427530
  outer loop
    vertex   19.071754 21.431034 47.808025
    vertex   19.277403 21.451868 47.910572
    vertex   19.222851 21.313791 47.605679
  endloop
endfacet
  facet normal 0.054754 0.905856 -0.420031
  outer loop
    vertex   19.581656 21.330759 47.689045
    vertex   19.222851 21.313791 47.605679
    vertex   19.277403 21.451868 47.910572
  endloop
endfacet
  facet normal 0.209127 0.911868 -0.353219
  outer loop
    vertex   16.417656 21.771360 47.684738
    vertex   16.589542 21.822241 47.917858
    vertex   16.628790 21.698647 47.622025
  endloop
endfacet
  facet normal 0.185527 0.913293 -0.362596
  outer loop
    vertex   16.417656 21.771360 47.684738
    vertex   16.076607 21.852644 47.714970
    vertex   16.328074 21.863438 47.870823
  endloop
endfacet
  facet normal 0.194858 0.913349 -0.357525
  outer loop
    vertex   15.548800 21.938036 47.746429
    vertex   15.902084 21.941048 47.946671
    vertex   15.773737 21.835140 47.606163
  endloop
endfacet
  facet normal 0.059067 0.946682 -0.316709
  outer loop
    vertex   16.076607 21.852644 47.714970
    vertex   15.773737 21.835140 47.606163
    vertex   15.902084 21.941048 47.946671
  endloop
endfacet
  facet normal 0.093438 0.868044 -0.487615
  outer loop
    vertex   14.187457 22.168570 47.830402
    vertex   14.481366 22.060625 47.694561
    vertex   14.263096 22.022753 47.585316
  endloop
endfacet
  facet normal 0.152951 0.887590 -0.434500
  outer loop
    vertex   13.881095 22.191730 47.769871
    vertex   14.187457 22.168570 47.830402
    vertex   14.024229 22.082043 47.596188
  endloop
endfacet
  facet normal 0.090009 0.884691 -0.457407
  outer loop
    vertex   13.881095 22.191730 47.769871
    vertex   13.731331 22.118942 47.599617
    vertex   13.557453 22.245367 47.809925
  endloop
endfacet
  facet normal -0.255758 0.909550 -0.327578
  outer loop
    vertex   12.711644 22.331696 47.811489
    vertex   12.622828 22.228989 47.595657
    vertex   12.443576 22.267241 47.841820
  endloop
endfacet
  facet normal 0.985023 -0.148073 -0.088341
  outer loop
    vertex   20.736015 18.228550 47.642345
    vertex   20.773628 18.304245 47.934860
    vertex   20.722395 18.008209 47.859798
  endloop
endfacet
  facet normal 0.035854 -0.985512 -0.165774
  outer loop
    vertex   16.417492 18.289808 47.568092
    vertex   16.487076 18.237024 47.896938
    vertex   16.149492 18.262093 47.674896
  endloop
endfacet
  facet normal 0.989986 -0.097534 -0.102058
  outer loop
    vertex   20.773628 18.304245 47.934860
    vertex   20.736015 18.228550 47.642345
    vertex   20.763655 18.460672 47.688622
  endloop
endfacet
  facet normal -0.239124 -0.960497 -0.142356
  outer loop
    vertex   14.041474 18.422104 47.913811
    vertex   14.131026 18.445200 47.607552
    vertex   14.382524 18.358597 47.769421
  endloop
endfacet
  facet normal 0.988267 0.152460 0.009220
  outer loop
    vertex   20.669291 19.040447 47.958206
    vertex   20.682484 18.969984 47.709229
    vertex   20.623365 19.349113 47.776764
  endloop
endfacet
  facet normal 0.990682 0.135615 0.012567
  outer loop
    vertex   20.623365 19.349113 47.776764
    vertex   20.595543 19.573416 47.549541
    vertex   20.580063 19.662058 47.813309
  endloop
endfacet
  facet normal 0.983710 0.171461 0.053996
  outer loop
    vertex   20.524994 20.112181 47.656448
    vertex   20.481316 20.274872 47.935574
    vertex   20.532391 20.002541 47.869850
  endloop
endfacet
  facet normal 0.984712 0.164092 0.058448
  outer loop
    vertex   20.481316 20.274872 47.935574
    vertex   20.524994 20.112181 47.656448
    vertex   20.470848 20.421198 47.701118
  endloop
endfacet
  facet normal -0.987306 -0.155587 0.031931
  outer loop
    vertex   12.594830 20.283110 47.511242
    vertex   12.627512 20.151667 47.881313
    vertex   12.585884 20.395847 47.783978
  endloop
endfacet
  facet normal -0.990730 -0.094435 -0.097652
  outer loop
    vertex   12.548166 20.616207 47.953545
    vertex   12.586280 20.626854 47.556564
    vertex   12.585884 20.395847 47.783978
  endloop
endfacet
  facet normal 0.987353 0.152206 0.044364
  outer loop
    vertex   20.470848 20.421198 47.701118
    vertex   20.423716 20.718952 47.728539
    vertex   20.440826 20.541218 47.957500
  endloop
endfacet
  facet normal -0.993454 -0.060339 -0.096999
  outer loop
    vertex   12.553330 20.784626 47.795887
    vertex   12.586280 20.626854 47.556564
    vertex   12.548166 20.616207 47.953545
  endloop
endfacet
  facet normal 0.957263 0.283173 -0.058824
  outer loop
    vertex   20.365557 20.968105 47.981495
    vertex   20.423716 20.718952 47.728539
    vertex   20.297855 21.157276 47.790417
  endloop
endfacet
  facet normal -0.976329 0.010826 -0.216019
  outer loop
    vertex   12.553330 20.784626 47.795887
    vertex   12.510760 20.913120 47.994728
    vertex   12.564200 21.061909 47.760654
  endloop
endfacet
  facet normal 0.118493 0.929315 -0.349762
  outer loop
    vertex   19.826571 21.338709 47.793140
    vertex   19.581656 21.330759 47.689045
    vertex   19.590141 21.420132 47.929382
  endloop
endfacet
  facet normal 0.173292 0.909898 -0.376903
  outer loop
    vertex   18.476204 21.513712 47.791691
    vertex   18.827488 21.515520 47.957569
    vertex   18.788567 21.420923 47.711304
  endloop
endfacet
  facet normal 0.149097 0.873521 -0.463391
  outer loop
    vertex   17.534100 21.614090 47.752041
    vertex   17.753124 21.648367 47.887127
    vertex   17.708199 21.491371 47.576725
  endloop
endfacet
  facet normal 0.060444 0.887172 -0.457464
  outer loop
    vertex   18.057716 21.521553 47.681438
    vertex   17.708199 21.491371 47.576725
    vertex   17.753124 21.648367 47.887127
  endloop
endfacet
  facet normal 0.385184 -0.713727 0.585001
  outer loop
    vertex   19.390465 17.919756 47.890297
    vertex   19.278984 17.753450 47.760799
    vertex   19.481356 17.804804 47.690205
  endloop
endfacet
  facet normal -0.044666 -0.874859 0.482313
  outer loop
    vertex   19.481356 17.804804 47.690205
    vertex   19.674286 17.930706 47.936443
    vertex   19.390465 17.919756 47.890297
  endloop
endfacet
  facet normal -0.161548 -0.821618 0.546669
  outer loop
    vertex   19.674286 17.930706 47.936443
    vertex   19.481356 17.804804 47.690205
    vertex   19.789410 17.793354 47.764030
  endloop
endfacet
  facet normal -0.167821 -0.533174 0.829194
  outer loop
    vertex   19.278984 17.753450 47.760799
    vertex   19.390465 17.919756 47.890297
    vertex   19.061262 17.892187 47.805943
  endloop
endfacet
  facet normal -0.029806 -0.992863 0.115480
  outer loop
    vertex   17.974972 18.101347 47.680965
    vertex   17.866116 18.136106 47.951721
    vertex   17.612284 18.116745 47.719742
  endloop
endfacet
  facet normal -0.108684 -0.993366 -0.037584
  outer loop
    vertex   16.775791 18.211494 47.931507
    vertex   16.730034 18.228273 47.620346
    vertex   17.045036 18.186224 47.820827
  endloop
endfacet
  facet normal -0.134350 -0.975701 0.173082
  outer loop
    vertex   17.612284 18.116745 47.719742
    vertex   17.560780 18.170738 47.984135
    vertex   17.284586 18.183804 47.843399
  endloop
endfacet
  facet normal -0.083078 -0.995680 -0.041474
  outer loop
    vertex   16.730034 18.228273 47.620346
    vertex   16.775791 18.211494 47.931507
    vertex   16.487076 18.237024 47.896938
  endloop
endfacet
  facet normal -0.170453 -0.984891 0.030574
  outer loop
    vertex   14.382524 18.358597 47.769421
    vertex   14.328109 18.376413 48.039978
    vertex   14.041474 18.422104 47.913811
  endloop
endfacet
  facet normal 0.996002 0.087969 0.015542
  outer loop
    vertex   20.763655 18.460672 47.688622
    vertex   20.753710 18.525902 47.956730
    vertex   20.773628 18.304245 47.934860
  endloop
endfacet
  facet normal -0.208046 -0.977571 -0.032752
  outer loop
    vertex   13.634672 18.475878 47.726200
    vertex   13.507181 18.493124 48.021282
    vertex   13.373669 18.528683 47.808029
  endloop
endfacet
  facet normal 0.987064 0.160312 -0.002390
  outer loop
    vertex   20.725840 18.694263 47.739452
    vertex   20.753710 18.525902 47.956730
    vertex   20.763655 18.460672 47.688622
  endloop
endfacet
  facet normal -0.779393 -0.601743 -0.174508
  outer loop
    vertex   13.137165 18.607746 47.723194
    vertex   12.977487 18.738163 47.986649
    vertex   12.972696 18.819387 47.727962
  endloop
endfacet
  facet normal 0.990595 0.134919 0.022753
  outer loop
    vertex   20.559464 19.845327 47.623409
    vertex   20.532391 20.002541 47.869850
    vertex   20.580063 19.662058 47.813309
  endloop
endfacet
  facet normal 0.115383 0.929694 -0.349793
  outer loop
    vertex   19.277403 21.451868 47.910572
    vertex   19.590141 21.420132 47.929382
    vertex   19.581656 21.330759 47.689045
  endloop
endfacet
  facet normal 0.093311 0.924401 -0.369833
  outer loop
    vertex   19.071754 21.431034 47.808025
    vertex   18.788567 21.420923 47.711304
    vertex   18.827488 21.515520 47.957569
  endloop
endfacet
  facet normal 0.102652 0.940911 -0.322721
  outer loop
    vertex   18.476204 21.513712 47.791691
    vertex   18.057716 21.521553 47.681438
    vertex   18.227917 21.597868 47.958076
  endloop
endfacet
  facet normal -0.994167 -0.106866 -0.014570
  outer loop
    vertex   12.515796 21.450888 47.831905
    vertex   12.487534 21.678610 48.090073
    vertex   12.490977 21.700474 47.694740
  endloop
endfacet
  facet normal 0.078272 0.954877 -0.286504
  outer loop
    vertex   17.534100 21.614090 47.752041
    vertex   17.203688 21.601532 47.619919
    vertex   17.373459 21.716587 48.049763
  endloop
endfacet
  facet normal -0.986042 -0.165547 -0.017745
  outer loop
    vertex   12.457305 21.885540 47.839294
    vertex   12.490977 21.700474 47.694740
    vertex   12.487534 21.678610 48.090073
  endloop
endfacet
  facet normal 0.144460 0.925609 -0.349828
  outer loop
    vertex   16.814249 21.787945 47.920486
    vertex   17.059872 21.731796 47.873352
    vertex   16.855408 21.687262 47.671085
  endloop
endfacet
  facet normal 0.125980 0.921194 -0.368146
  outer loop
    vertex   16.855408 21.687262 47.671085
    vertex   16.628790 21.698647 47.622025
    vertex   16.589542 21.822241 47.917858
  endloop
endfacet
  facet normal 0.145350 0.925536 -0.349652
  outer loop
    vertex   16.589542 21.822241 47.917858
    vertex   16.814249 21.787945 47.920486
    vertex   16.855408 21.687262 47.671085
  endloop
endfacet
  facet normal 0.207134 0.912811 -0.351955
  outer loop
    vertex   16.589542 21.822241 47.917858
    vertex   16.417656 21.771360 47.684738
    vertex   16.328074 21.863438 47.870823
  endloop
endfacet
  facet normal 0.086628 0.957332 -0.275699
  outer loop
    vertex   15.281782 22.012529 47.864376
    vertex   15.064317 21.981321 47.687679
    vertex   14.937645 22.092701 48.034630
  endloop
endfacet
  facet normal 0.129330 0.956915 -0.259975
  outer loop
    vertex   15.064317 21.981321 47.687679
    vertex   14.706764 22.061760 47.805885
    vertex   14.937645 22.092701 48.034630
  endloop
endfacet
  facet normal 0.120141 0.967615 -0.222008
  outer loop
    vertex   13.080357 22.271786 47.749905
    vertex   12.711644 22.331696 47.811489
    vertex   12.978946 22.333424 47.963673
  endloop
endfacet
  facet normal 0.095079 -0.746694 0.658337
  outer loop
    vertex   19.789410 17.793354 47.764030
    vertex   20.016369 17.907402 47.860607
    vertex   19.674286 17.930706 47.936443
  endloop
endfacet
  facet normal -0.038010 -0.959959 -0.277551
  outer loop
    vertex   20.468437 17.993982 47.761490
    vertex   20.447428 17.934370 47.970547
    vertex   20.201462 17.941275 47.980350
  endloop
endfacet
  facet normal -0.259964 -0.803762 0.535149
  outer loop
    vertex   19.061262 17.892187 47.805943
    vertex   19.024147 18.021708 47.982445
    vertex   18.739525 17.985565 47.789898
  endloop
endfacet
  facet normal -0.052581 -0.996203 -0.069389
  outer loop
    vertex   16.183098 18.241142 47.950211
    vertex   15.859728 18.268003 47.809608
    vertex   16.149492 18.262093 47.674896
  endloop
endfacet
  facet normal -0.026241 -0.997011 -0.072665
  outer loop
    vertex   16.149492 18.262093 47.674896
    vertex   16.487076 18.237024 47.896938
    vertex   16.183098 18.241142 47.950211
  endloop
endfacet
  facet normal -0.095748 -0.995335 -0.011904
  outer loop
    vertex   15.528224 18.294479 47.825741
    vertex   15.440403 18.299829 48.084770
    vertex   15.215860 18.324146 47.857628
  endloop
endfacet
  facet normal -0.100168 -0.994486 0.031054
  outer loop
    vertex   14.710477 18.325916 47.780693
    vertex   14.609728 18.344376 48.046867
    vertex   14.382524 18.358597 47.769421
  endloop
endfacet
  facet normal -0.262896 -0.952349 -0.154653
  outer loop
    vertex   13.164630 18.561239 47.962894
    vertex   13.137165 18.607746 47.723194
    vertex   13.373669 18.528683 47.808029
  endloop
endfacet
  facet normal -0.929490 -0.356479 -0.094718
  outer loop
    vertex   12.977487 18.738163 47.986649
    vertex   12.884657 19.026819 47.811226
    vertex   12.972696 18.819387 47.727962
  endloop
endfacet
  facet normal -0.952993 -0.281600 -0.111831
  outer loop
    vertex   12.884657 19.026819 47.811226
    vertex   12.792923 19.255899 48.016113
    vertex   12.814347 19.299719 47.723202
  endloop
endfacet
  facet normal -0.950535 -0.289405 -0.112819
  outer loop
    vertex   12.742599 19.499548 47.815102
    vertex   12.814347 19.299719 47.723202
    vertex   12.792923 19.255899 48.016113
  endloop
endfacet
  facet normal -0.985400 -0.170079 0.007797
  outer loop
    vertex   12.678816 19.868368 47.799339
    vertex   12.742599 19.499548 47.815102
    vertex   12.717860 19.650244 47.975815
  endloop
endfacet
  facet normal -0.983724 -0.179614 0.005071
  outer loop
    vertex   12.627512 20.151667 47.881313
    vertex   12.678816 19.868368 47.799339
    vertex   12.678768 19.877359 48.108578
  endloop
endfacet
  facet normal -0.987583 -0.150776 0.044120
  outer loop
    vertex   12.585884 20.395847 47.783978
    vertex   12.627512 20.151667 47.881313
    vertex   12.603587 20.358160 48.051453
  endloop
endfacet
  facet normal 0.126398 0.952212 -0.278056
  outer loop
    vertex   18.827488 21.515520 47.957569
    vertex   18.476204 21.513712 47.791691
    vertex   18.588795 21.559948 48.001209
  endloop
endfacet
  facet normal 0.233502 0.912305 -0.336418
  outer loop
    vertex   17.203688 21.601532 47.619919
    vertex   17.059872 21.731796 47.873352
    vertex   17.373459 21.716587 48.049763
  endloop
endfacet
  facet normal -0.998253 -0.035593 -0.047155
  outer loop
    vertex   12.443576 22.267241 47.841820
    vertex   12.457305 21.885540 47.839294
    vertex   12.441105 22.065041 48.046753
  endloop
endfacet
  facet normal 0.172793 0.917124 -0.359203
  outer loop
    vertex   14.706764 22.061760 47.805885
    vertex   14.481366 22.060625 47.694561
    vertex   14.473543 22.176514 47.986687
  endloop
endfacet
  facet normal 0.170845 0.917422 -0.359373
  outer loop
    vertex   14.481366 22.060625 47.694561
    vertex   14.187457 22.168570 47.830402
    vertex   14.473543 22.176514 47.986687
  endloop
endfacet
  facet normal 0.131681 0.964741 -0.227891
  outer loop
    vertex   13.557453 22.245367 47.809925
    vertex   13.803003 22.269430 48.053677
    vertex   13.881095 22.191730 47.769871
  endloop
endfacet
  facet normal 0.118765 0.965520 -0.231659
  outer loop
    vertex   14.187457 22.168570 47.830402
    vertex   13.881095 22.191730 47.769871
    vertex   13.803003 22.269430 48.053677
  endloop
endfacet
  facet normal 0.262467 0.933757 -0.243329
  outer loop
    vertex   13.297780 22.176172 47.617519
    vertex   13.080357 22.271786 47.749905
    vertex   13.248507 22.313822 48.092590
  endloop
endfacet
  facet normal -0.046075 0.958187 -0.282409
  outer loop
    vertex   13.248507 22.313822 48.092590
    vertex   13.557453 22.245367 47.809925
    vertex   13.297780 22.176172 47.617519
  endloop
endfacet
  facet normal 0.152854 -0.954311 -0.256759
  outer loop
    vertex   20.447428 17.934370 47.970547
    vertex   20.468437 17.993982 47.761490
    vertex   20.722395 18.008209 47.859798
  endloop
endfacet
  facet normal -0.080312 -0.811595 0.578674
  outer loop
    vertex   19.024147 18.021708 47.982445
    vertex   19.061262 17.892187 47.805943
    vertex   19.390465 17.919756 47.890297
  endloop
endfacet
  facet normal -0.264304 -0.939197 0.219208
  outer loop
    vertex   18.739525 17.985565 47.789898
    vertex   18.682026 18.064405 48.058361
    vertex   18.452127 18.076857 47.834515
  endloop
endfacet
  facet normal 0.985107 -0.148520 -0.086636
  outer loop
    vertex   20.722395 18.008209 47.859798
    vertex   20.773628 18.304245 47.934860
    vertex   20.743587 18.013433 48.091816
  endloop
endfacet
  facet normal -0.113957 -0.992579 0.042443
  outer loop
    vertex   14.382524 18.358597 47.769421
    vertex   14.609728 18.344376 48.046867
    vertex   14.328109 18.376413 48.039978
  endloop
endfacet
  facet normal 0.106919 -0.991928 -0.068178
  outer loop
    vertex   14.829368 18.323801 47.997917
    vertex   14.710477 18.325916 47.780693
    vertex   14.992277 18.368071 47.609314
  endloop
endfacet
  facet normal -0.130721 -0.991418 0.001466
  outer loop
    vertex   13.634672 18.475878 47.726200
    vertex   13.764844 18.459185 48.044312
    vertex   13.507181 18.493124 48.021282
  endloop
endfacet
  facet normal -0.131941 -0.991256 0.001974
  outer loop
    vertex   13.764844 18.459185 48.044312
    vertex   13.634672 18.475878 47.726200
    vertex   14.041474 18.422104 47.913811
  endloop
endfacet
  facet normal -0.187203 -0.981224 -0.046410
  outer loop
    vertex   13.373669 18.528683 47.808029
    vertex   13.507181 18.493124 48.021282
    vertex   13.164630 18.561239 47.962894
  endloop
endfacet
  facet normal -0.689784 -0.721446 -0.060940
  outer loop
    vertex   13.137165 18.607746 47.723194
    vertex   13.164630 18.561239 47.962894
    vertex   12.977487 18.738163 47.986649
  endloop
endfacet
  facet normal 0.985736 0.168254 0.003935
  outer loop
    vertex   20.707508 18.794300 48.054195
    vertex   20.753710 18.525902 47.956730
    vertex   20.725840 18.694263 47.739452
  endloop
endfacet
  facet normal 0.987698 0.156176 0.007888
  outer loop
    vertex   20.682484 18.969984 47.709229
    vertex   20.707508 18.794300 48.054195
    vertex   20.725840 18.694263 47.739452
  endloop
endfacet
  facet normal 0.987648 0.156484 0.008048
  outer loop
    vertex   20.707508 18.794300 48.054195
    vertex   20.682484 18.969984 47.709229
    vertex   20.669291 19.040447 47.958206
  endloop
endfacet
  facet normal 0.989601 0.143716 -0.005992
  outer loop
    vertex   20.623365 19.349113 47.776764
    vertex   20.612806 19.433535 48.057701
    vertex   20.669291 19.040447 47.958206
  endloop
endfacet
  facet normal 0.988110 0.146324 0.047207
  outer loop
    vertex   20.470848 20.421198 47.701118
    vertex   20.440826 20.541218 47.957500
    vertex   20.481316 20.274872 47.935574
  endloop
endfacet
  facet normal 0.991473 0.127861 0.025158
  outer loop
    vertex   20.423716 20.718952 47.728539
    vertex   20.414602 20.723749 48.063309
    vertex   20.440826 20.541218 47.957500
  endloop
endfacet
  facet normal -0.984456 -0.095507 -0.147394
  outer loop
    vertex   12.515796 21.450888 47.831905
    vertex   12.564200 21.061909 47.760654
    vertex   12.488605 21.300037 48.111263
  endloop
endfacet
  facet normal 0.193308 0.959424 -0.205276
  outer loop
    vertex   20.108816 21.290529 47.833748
    vertex   19.826571 21.338709 47.793140
    vertex   19.989933 21.355949 48.027557
  endloop
endfacet
  facet normal 0.133487 0.950251 -0.281432
  outer loop
    vertex   18.227917 21.597868 47.958076
    vertex   18.588795 21.559948 48.001209
    vertex   18.476204 21.513712 47.791691
  endloop
endfacet
  facet normal -0.030294 0.979448 -0.199409
  outer loop
    vertex   17.753124 21.648367 47.887127
    vertex   17.534100 21.614090 47.752041
    vertex   17.609041 21.688240 48.104862
  endloop
endfacet
  facet normal 0.264324 0.945258 -0.191361
  outer loop
    vertex   17.753124 21.648367 47.887127
    vertex   17.895138 21.655697 48.119495
    vertex   18.057716 21.521553 47.681438
  endloop
endfacet
  facet normal 0.029509 0.958770 -0.282647
  outer loop
    vertex   18.057716 21.521553 47.681438
    vertex   17.895138 21.655697 48.119495
    vertex   18.227917 21.597868 47.958076
  endloop
endfacet
  facet normal 0.192359 0.956347 -0.219998
  outer loop
    vertex   15.902084 21.941048 47.946671
    vertex   16.139587 21.918482 48.056240
    vertex   16.076607 21.852644 47.714970
  endloop
endfacet
  facet normal 0.084412 0.975378 -0.203748
  outer loop
    vertex   16.328074 21.863438 47.870823
    vertex   16.076607 21.852644 47.714970
    vertex   16.139587 21.918482 48.056240
  endloop
endfacet
  facet normal 0.120104 0.966593 -0.226437
  outer loop
    vertex   15.574132 22.006771 48.053276
    vertex   15.902084 21.941048 47.946671
    vertex   15.548800 21.938036 47.746429
  endloop
endfacet
  facet normal 0.092600 0.986148 -0.137612
  outer loop
    vertex   13.248507 22.313822 48.092590
    vertex   13.536629 22.288982 48.108467
    vertex   13.557453 22.245367 47.809925
  endloop
endfacet
  facet normal 0.043498 0.988989 -0.141452
  outer loop
    vertex   13.536629 22.288982 48.108467
    vertex   13.803003 22.269430 48.053677
    vertex   13.557453 22.245367 47.809925
  endloop
endfacet
  facet normal -0.245631 -0.965057 0.091268
  outer loop
    vertex   19.390465 17.919756 47.890297
    vertex   19.232544 17.987392 48.180462
    vertex   19.024147 18.021708 47.982445
  endloop
endfacet
  facet normal -0.091713 -0.979001 0.182062
  outer loop
    vertex   17.560780 18.170738 47.984135
    vertex   17.612284 18.116745 47.719742
    vertex   17.866116 18.136106 47.951721
  endloop
endfacet
  facet normal -0.065369 -0.997054 -0.040140
  outer loop
    vertex   15.947532 18.249268 48.132004
    vertex   15.859728 18.268003 47.809608
    vertex   16.183098 18.241142 47.950211
  endloop
endfacet
  facet normal -0.085057 -0.995694 0.036857
  outer loop
    vertex   14.710477 18.325916 47.780693
    vertex   14.829368 18.323801 47.997917
    vertex   14.609728 18.344376 48.046867
  endloop
endfacet
  facet normal 0.056670 -0.994371 -0.089521
  outer loop
    vertex   14.992277 18.368071 47.609314
    vertex   15.017980 18.324978 48.104244
    vertex   14.829368 18.323801 47.997917
  endloop
endfacet
  facet normal -0.104930 -0.991187 -0.080852
  outer loop
    vertex   15.017980 18.324978 48.104244
    vertex   14.992277 18.368071 47.609314
    vertex   15.215860 18.324146 47.857628
  endloop
endfacet
  facet normal -0.983330 -0.180908 0.018270
  outer loop
    vertex   12.717860 19.650244 47.975815
    vertex   12.742599 19.499548 47.815102
    vertex   12.741994 19.537544 48.158802
  endloop
endfacet
  facet normal 0.990489 0.137534 -0.004101
  outer loop
    vertex   20.612806 19.433535 48.057701
    vertex   20.623365 19.349113 47.776764
    vertex   20.580063 19.662058 47.813309
  endloop
endfacet
  facet normal 0.981975 0.184516 0.040971
  outer loop
    vertex   20.580063 19.662058 47.813309
    vertex   20.564796 19.674871 48.121502
    vertex   20.612806 19.433535 48.057701
  endloop
endfacet
  facet normal -0.985017 -0.172386 0.004860
  outer loop
    vertex   12.717860 19.650244 47.975815
    vertex   12.678768 19.877359 48.108578
    vertex   12.678816 19.868368 47.799339
  endloop
endfacet
  facet normal -0.979833 -0.196329 0.037188
  outer loop
    vertex   12.548166 20.616207 47.953545
    vertex   12.585884 20.395847 47.783978
    vertex   12.603587 20.358160 48.051453
  endloop
endfacet
  facet normal 0.978609 0.204359 0.023712
  outer loop
    vertex   20.414602 20.723749 48.063309
    vertex   20.423716 20.718952 47.728539
    vertex   20.365557 20.968105 47.981495
  endloop
endfacet
  facet normal -0.976155 0.009422 -0.216871
  outer loop
    vertex   12.510760 20.913120 47.994728
    vertex   12.488605 21.300037 48.111263
    vertex   12.564200 21.061909 47.760654
  endloop
endfacet
  facet normal 0.931082 0.363570 0.030047
  outer loop
    vertex   20.365557 20.968105 47.981495
    vertex   20.297855 21.157276 47.790417
    vertex   20.248621 21.252220 48.167244
  endloop
endfacet
  facet normal 0.587384 0.804425 0.088770
  outer loop
    vertex   20.297855 21.157276 47.790417
    vertex   20.108816 21.290529 47.833748
    vertex   19.989933 21.355949 48.027557
  endloop
endfacet
  facet normal 0.442290 0.881684 -0.164358
  outer loop
    vertex   19.989933 21.355949 48.027557
    vertex   20.248621 21.252220 48.167244
    vertex   20.297855 21.157276 47.790417
  endloop
endfacet
  facet normal 0.205777 0.954994 -0.213640
  outer loop
    vertex   19.590141 21.420132 47.929382
    vertex   19.989933 21.355949 48.027557
    vertex   19.826571 21.338709 47.793140
  endloop
endfacet
  facet normal 0.170560 0.956366 -0.237221
  outer loop
    vertex   17.373459 21.716587 48.049763
    vertex   17.609041 21.688240 48.104862
    vertex   17.534100 21.614090 47.752041
  endloop
endfacet
  facet normal 0.185908 0.964235 -0.188917
  outer loop
    vertex   16.589542 21.822241 47.917858
    vertex   16.328074 21.863438 47.870823
    vertex   16.434475 21.879328 48.056633
  endloop
endfacet
  facet normal 0.124228 0.953138 -0.275855
  outer loop
    vertex   14.473543 22.176514 47.986687
    vertex   14.187457 22.168570 47.830402
    vertex   14.162506 22.230045 48.031578
  endloop
endfacet
  facet normal 0.087411 0.955662 -0.281192
  outer loop
    vertex   14.187457 22.168570 47.830402
    vertex   13.803003 22.269430 48.053677
    vertex   14.162506 22.230045 48.031578
  endloop
endfacet
  facet normal 0.165781 0.965709 -0.199807
  outer loop
    vertex   12.978946 22.333424 47.963673
    vertex   13.248507 22.313822 48.092590
    vertex   13.080357 22.271786 47.749905
  endloop
endfacet
  facet normal 0.045467 0.994798 -0.091157
  outer loop
    vertex   12.978946 22.333424 47.963673
    vertex   12.711644 22.331696 47.811489
    vertex   12.514311 22.366802 48.096184
  endloop
endfacet
  facet normal -0.254637 0.922451 -0.290249
  outer loop
    vertex   12.711644 22.331696 47.811489
    vertex   12.443576 22.267241 47.841820
    vertex   12.514311 22.366802 48.096184
  endloop
endfacet
  facet normal 0.258645 -0.965971 -0.001874
  outer loop
    vertex   20.743587 18.013433 48.091816
    vertex   20.447428 17.934370 47.970547
    vertex   20.722395 18.008209 47.859798
  endloop
endfacet
  facet normal 0.054156 -0.979624 0.193401
  outer loop
    vertex   20.016369 17.907402 47.860607
    vertex   20.201462 17.941275 47.980350
    vertex   19.898157 17.954187 48.130688
  endloop
endfacet
  facet normal -0.158116 -0.987394 0.007179
  outer loop
    vertex   18.452127 18.076857 47.834515
    vertex   18.440626 18.080484 48.080158
    vertex   18.224524 18.114077 47.940784
  endloop
endfacet
  facet normal -0.065406 -0.997790 0.011673
  outer loop
    vertex   18.452127 18.076857 47.834515
    vertex   18.682026 18.064405 48.058361
    vertex   18.440626 18.080484 48.080158
  endloop
endfacet
  facet normal -0.196999 -0.979299 0.046519
  outer loop
    vertex   18.014191 18.116598 48.168106
    vertex   17.866116 18.136106 47.951721
    vertex   17.974972 18.101347 47.680965
  endloop
endfacet
  facet normal 0.020086 -0.999358 0.029670
  outer loop
    vertex   18.014191 18.116598 48.168106
    vertex   17.974972 18.101347 47.680965
    vertex   18.224524 18.114077 47.940784
  endloop
endfacet
  facet normal -0.083837 -0.995855 -0.035263
  outer loop
    vertex   16.555977 18.220692 48.194378
    vertex   16.487076 18.237024 47.896938
    vertex   16.775791 18.211494 47.931507
  endloop
endfacet
  facet normal -0.013328 -0.999323 0.034286
  outer loop
    vertex   17.201368 18.196102 48.169518
    vertex   17.045036 18.186224 47.820827
    vertex   17.284586 18.183804 47.843399
  endloop
endfacet
  facet normal -0.058750 -0.998016 0.022646
  outer loop
    vertex   17.201368 18.196102 48.169518
    vertex   17.284586 18.183804 47.843399
    vertex   17.560780 18.170738 47.984135
  endloop
endfacet
  facet normal -0.080865 -0.996373 -0.026486
  outer loop
    vertex   15.859728 18.268003 47.809608
    vertex   15.652149 18.277332 48.092434
    vertex   15.528224 18.294479 47.825741
  endloop
endfacet
  facet normal -0.090111 -0.995375 -0.033304
  outer loop
    vertex   15.859728 18.268003 47.809608
    vertex   15.947532 18.249268 48.132004
    vertex   15.652149 18.277332 48.092434
  endloop
endfacet
  facet normal -0.105099 -0.994347 -0.015095
  outer loop
    vertex   15.528224 18.294479 47.825741
    vertex   15.652149 18.277332 48.092434
    vertex   15.440403 18.299829 48.084770
  endloop
endfacet
  facet normal -0.949510 -0.313454 -0.013325
  outer loop
    vertex   12.884657 19.026819 47.811226
    vertex   12.977487 18.738163 47.986649
    vertex   12.899599 18.967865 48.133293
  endloop
endfacet
  facet normal -0.934638 -0.354943 -0.021610
  outer loop
    vertex   12.899599 18.967865 48.133293
    vertex   12.792923 19.255899 48.016113
    vertex   12.884657 19.026819 47.811226
  endloop
endfacet
  facet normal 0.990367 0.131426 0.043594
  outer loop
    vertex   20.564796 19.674871 48.121502
    vertex   20.580063 19.662058 47.813309
    vertex   20.532391 20.002541 47.869850
  endloop
endfacet
  facet normal 0.991371 0.125947 0.036331
  outer loop
    vertex   20.532391 20.002541 47.869850
    vertex   20.531109 19.922474 48.182388
    vertex   20.564796 19.674871 48.121502
  endloop
endfacet
  facet normal -0.984170 -0.104093 -0.143435
  outer loop
    vertex   12.548166 20.616207 47.953545
    vertex   12.510760 20.913120 47.994728
    vertex   12.553330 20.784626 47.795887
  endloop
endfacet
  facet normal -0.994808 -0.008491 -0.101414
  outer loop
    vertex   12.488605 21.300037 48.111263
    vertex   12.487534 21.678610 48.090073
    vertex   12.515796 21.450888 47.831905
  endloop
endfacet
  facet normal 0.178934 0.952630 -0.245924
  outer loop
    vertex   19.104029 21.495258 48.080292
    vertex   19.071754 21.431034 47.808025
    vertex   18.827488 21.515520 47.957569
  endloop
endfacet
  facet normal 0.016868 0.972701 -0.231448
  outer loop
    vertex   19.277403 21.451868 47.910572
    vertex   19.071754 21.431034 47.808025
    vertex   19.104029 21.495258 48.080292
  endloop
endfacet
  facet normal 0.173080 0.983400 -0.054478
  outer loop
    vertex   18.768103 21.540747 48.224274
    vertex   18.827488 21.515520 47.957569
    vertex   18.588795 21.559948 48.001209
  endloop
endfacet
  facet normal 0.117620 0.987698 -0.103041
  outer loop
    vertex   17.609041 21.688240 48.104862
    vertex   17.895138 21.655697 48.119495
    vertex   17.753124 21.648367 47.887127
  endloop
endfacet
  facet normal 0.166607 0.959156 -0.228610
  outer loop
    vertex   15.281782 22.012529 47.864376
    vertex   15.574132 22.006771 48.053276
    vertex   15.548800 21.938036 47.746429
  endloop
endfacet
  facet normal 0.200569 0.923374 -0.327341
  outer loop
    vertex   14.473543 22.176514 47.986687
    vertex   14.937645 22.092701 48.034630
    vertex   14.706764 22.061760 47.805885
  endloop
endfacet
  facet normal -0.961087 0.202349 0.188062
  outer loop
    vertex   12.514311 22.366802 48.096184
    vertex   12.443576 22.267241 47.841820
    vertex   12.441105 22.065041 48.046753
  endloop
endfacet
  facet normal -0.060181 -0.961153 0.269375
  outer loop
    vertex   18.682026 18.064405 48.058361
    vertex   18.739525 17.985565 47.789898
    vertex   19.024147 18.021708 47.982445
  endloop
endfacet
  facet normal -0.032401 -0.993614 -0.108080
  outer loop
    vertex   16.305544 18.217152 48.134056
    vertex   16.183098 18.241142 47.950211
    vertex   16.487076 18.237024 47.896938
  endloop
endfacet
  facet normal 0.028912 -0.997689 -0.061481
  outer loop
    vertex   16.305544 18.217152 48.134056
    vertex   16.487076 18.237024 47.896938
    vertex   16.555977 18.220692 48.194378
  endloop
endfacet
  facet normal -0.068873 -0.995830 0.059824
  outer loop
    vertex   16.883505 18.221903 48.228775
    vertex   16.775791 18.211494 47.931507
    vertex   17.045036 18.186224 47.820827
  endloop
endfacet
  facet normal -0.982137 -0.187207 0.018968
  outer loop
    vertex   12.741994 19.537544 48.158802
    vertex   12.742599 19.499548 47.815102
    vertex   12.792923 19.255899 48.016113
  endloop
endfacet
  facet normal 0.983764 0.172842 0.048314
  outer loop
    vertex   20.531109 19.922474 48.182388
    vertex   20.532391 20.002541 47.869850
    vertex   20.481316 20.274872 47.935574
  endloop
endfacet
  facet normal 0.983680 0.140258 0.112702
  outer loop
    vertex   20.448578 20.347374 48.131084
    vertex   20.481316 20.274872 47.935574
    vertex   20.440826 20.541218 47.957500
  endloop
endfacet
  facet normal 0.105456 0.991109 -0.081128
  outer loop
    vertex   19.277403 21.451868 47.910572
    vertex   19.358627 21.469360 48.229851
    vertex   19.590141 21.420132 47.929382
  endloop
endfacet
  facet normal 0.203555 0.973993 -0.099516
  outer loop
    vertex   16.814249 21.787945 47.920486
    vertex   17.059811 21.762718 48.175869
    vertex   17.059872 21.731796 47.873352
  endloop
endfacet
  facet normal -0.992895 -0.116669 0.023413
  outer loop
    vertex   12.487534 21.678610 48.090073
    vertex   12.441105 22.065041 48.046753
    vertex   12.457305 21.885540 47.839294
  endloop
endfacet
  facet normal 0.273326 0.961891 -0.007703
  outer loop
    vertex   16.139587 21.918482 48.056240
    vertex   16.214191 21.898993 48.269756
    vertex   16.328074 21.863438 47.870823
  endloop
endfacet
  facet normal 0.004187 0.996148 -0.087586
  outer loop
    vertex   16.434475 21.879328 48.056633
    vertex   16.328074 21.863438 47.870823
    vertex   16.214191 21.898993 48.269756
  endloop
endfacet
  facet normal 0.203706 0.977820 -0.048695
  outer loop
    vertex   15.281782 22.012529 47.864376
    vertex   14.937645 22.092701 48.034630
    vertex   15.173102 22.052412 48.210598
  endloop
endfacet
  facet normal 0.177108 0.984173 0.006045
  outer loop
    vertex   14.642310 22.144730 48.216782
    vertex   14.937645 22.092701 48.034630
    vertex   14.473543 22.176514 47.986687
  endloop
endfacet
  facet normal 0.259231 -0.965809 -0.003411
  outer loop
    vertex   20.467381 17.938978 48.182163
    vertex   20.447428 17.934370 47.970547
    vertex   20.743587 18.013433 48.091816
  endloop
endfacet
  facet normal -0.032490 -0.987100 0.156772
  outer loop
    vertex   19.898157 17.954187 48.130688
    vertex   19.674286 17.930706 47.936443
    vertex   20.016369 17.907402 47.860607
  endloop
endfacet
  facet normal -0.027084 -0.999337 0.024315
  outer loop
    vertex   20.467381 17.938978 48.182163
    vertex   20.201462 17.941275 47.980350
    vertex   20.447428 17.934370 47.970547
  endloop
endfacet
  facet normal 0.000022 -0.999388 0.034984
  outer loop
    vertex   16.883505 18.221903 48.228775
    vertex   16.555977 18.220692 48.194378
    vertex   16.775791 18.211494 47.931507
  endloop
endfacet
  facet normal -0.069739 -0.995791 0.059477
  outer loop
    vertex   17.045036 18.186224 47.820827
    vertex   17.201368 18.196102 48.169518
    vertex   16.883505 18.221903 48.228775
  endloop
endfacet
  facet normal -0.088724 -0.993554 -0.070560
  outer loop
    vertex   16.183098 18.241142 47.950211
    vertex   16.305544 18.217152 48.134056
    vertex   15.947532 18.249268 48.132004
  endloop
endfacet
  facet normal 0.992200 -0.120241 -0.032882
  outer loop
    vertex   20.773628 18.304245 47.934860
    vertex   20.777567 18.261675 48.209373
    vertex   20.743587 18.013433 48.091816
  endloop
endfacet
  facet normal -0.074630 -0.995608 -0.056525
  outer loop
    vertex   15.215860 18.324146 47.857628
    vertex   15.221924 18.302193 48.236305
    vertex   15.017980 18.324978 48.104244
  endloop
endfacet
  facet normal -0.050321 -0.997105 -0.057001
  outer loop
    vertex   15.221924 18.302193 48.236305
    vertex   15.215860 18.324146 47.857628
    vertex   15.440403 18.299829 48.084770
  endloop
endfacet
  facet normal -0.114861 -0.988499 0.098368
  outer loop
    vertex   14.498102 18.385248 48.327255
    vertex   14.328109 18.376413 48.039978
    vertex   14.609728 18.344376 48.046867
  endloop
endfacet
  facet normal -0.164583 -0.986221 0.016757
  outer loop
    vertex   14.041474 18.422104 47.913811
    vertex   14.328109 18.376413 48.039978
    vertex   14.072939 18.422045 48.219376
  endloop
endfacet
  facet normal 0.995983 0.089541 -0.000405
  outer loop
    vertex   20.777567 18.261675 48.209373
    vertex   20.773628 18.304245 47.934860
    vertex   20.753710 18.525902 47.956730
  endloop
endfacet
  facet normal -0.126877 -0.991835 0.012873
  outer loop
    vertex   14.072939 18.422045 48.219376
    vertex   13.764844 18.459185 48.044312
    vertex   14.041474 18.422104 47.913811
  endloop
endfacet
  facet normal -0.687658 -0.725958 -0.010588
  outer loop
    vertex   13.127696 18.592308 48.231441
    vertex   12.977487 18.738163 47.986649
    vertex   13.164630 18.561239 47.962894
  endloop
endfacet
  facet normal 0.986177 0.165224 0.012488
  outer loop
    vertex   20.730133 18.647301 48.212391
    vertex   20.753710 18.525902 47.956730
    vertex   20.707508 18.794300 48.054195
  endloop
endfacet
  facet normal -0.926290 -0.367431 0.083557
  outer loop
    vertex   12.987153 18.770212 48.234741
    vertex   12.899599 18.967865 48.133293
    vertex   12.977487 18.738163 47.986649
  endloop
endfacet
  facet normal -0.984709 -0.173770 0.012348
  outer loop
    vertex   12.678768 19.877359 48.108578
    vertex   12.634075 20.143536 48.290291
    vertex   12.627512 20.151667 47.881313
  endloop
endfacet
  facet normal -0.991942 -0.125981 0.013414
  outer loop
    vertex   12.603587 20.358160 48.051453
    vertex   12.627512 20.151667 47.881313
    vertex   12.634075 20.143536 48.290291
  endloop
endfacet
  facet normal 0.975680 0.200271 0.089107
  outer loop
    vertex   20.481316 20.274872 47.935574
    vertex   20.448578 20.347374 48.131084
    vertex   20.531109 19.922474 48.182388
  endloop
endfacet
  facet normal -0.990532 -0.130641 0.042180
  outer loop
    vertex   12.510760 20.913120 47.994728
    vertex   12.548166 20.616207 47.953545
    vertex   12.566108 20.579086 48.259903
  endloop
endfacet
  facet normal -0.994413 -0.026138 -0.102276
  outer loop
    vertex   12.488605 21.300037 48.111263
    vertex   12.510760 20.913120 47.994728
    vertex   12.487191 20.978041 48.207294
  endloop
endfacet
  facet normal 0.187626 0.973952 -0.127331
  outer loop
    vertex   19.989933 21.355949 48.027557
    vertex   19.590141 21.420132 47.929382
    vertex   19.741726 21.426268 48.199680
  endloop
endfacet
  facet normal 0.104860 0.989334 -0.101104
  outer loop
    vertex   17.373459 21.716587 48.049763
    vertex   17.059872 21.731796 47.873352
    vertex   17.059811 21.762718 48.175869
  endloop
endfacet
  facet normal 0.168233 0.983628 -0.064601
  outer loop
    vertex   17.059811 21.762718 48.175869
    vertex   16.814249 21.787945 47.920486
    vertex   16.710657 21.822300 48.173813
  endloop
endfacet
  facet normal 0.151310 0.985873 -0.071826
  outer loop
    vertex   16.814249 21.787945 47.920486
    vertex   16.589542 21.822241 47.917858
    vertex   16.710657 21.822300 48.173813
  endloop
endfacet
  facet normal 0.248510 0.961438 -0.117814
  outer loop
    vertex   16.434475 21.879328 48.056633
    vertex   16.710657 21.822300 48.173813
    vertex   16.589542 21.822241 47.917858
  endloop
endfacet
  facet normal 0.077701 0.992907 -0.089986
  outer loop
    vertex   15.173102 22.052412 48.210598
    vertex   15.574132 22.006771 48.053276
    vertex   15.281782 22.012529 47.864376
  endloop
endfacet
  facet normal 0.049069 0.995686 -0.078753
  outer loop
    vertex   12.514311 22.366802 48.096184
    vertex   12.866343 22.357901 48.202980
    vertex   12.978946 22.333424 47.963673
  endloop
endfacet
  facet normal -0.094238 -0.979676 0.177071
  outer loop
    vertex   19.390465 17.919756 47.890297
    vertex   19.600319 17.963917 48.246311
    vertex   19.232544 17.987392 48.180462
  endloop
endfacet
  facet normal 0.020234 -0.993579 0.111319
  outer loop
    vertex   19.600319 17.963917 48.246311
    vertex   19.390465 17.919756 47.890297
    vertex   19.674286 17.930706 47.936443
  endloop
endfacet
  facet normal 0.009795 -0.994007 0.108873
  outer loop
    vertex   19.600319 17.963917 48.246311
    vertex   19.674286 17.930706 47.936443
    vertex   19.898157 17.954187 48.130688
  endloop
endfacet
  facet normal -0.111316 -0.993699 0.013106
  outer loop
    vertex   17.804314 18.147667 48.303318
    vertex   17.560780 18.170738 47.984135
    vertex   17.866116 18.136106 47.951721
  endloop
endfacet
  facet normal -0.141604 -0.989894 0.007657
  outer loop
    vertex   17.866116 18.136106 47.951721
    vertex   18.014191 18.116598 48.168106
    vertex   17.804314 18.147667 48.303318
  endloop
endfacet
  facet normal -0.067125 -0.991052 0.115366
  outer loop
    vertex   14.829368 18.323801 47.997917
    vertex   14.747237 18.367744 48.327625
    vertex   14.609728 18.344376 48.046867
  endloop
endfacet
  facet normal 0.991989 0.121756 0.033665
  outer loop
    vertex   20.753710 18.525902 47.956730
    vertex   20.730133 18.647301 48.212391
    vertex   20.777567 18.261675 48.209373
  endloop
endfacet
  facet normal -0.208110 -0.974482 0.084118
  outer loop
    vertex   13.164630 18.561239 47.962894
    vertex   13.507181 18.493124 48.021282
    vertex   13.127696 18.592308 48.231441
  endloop
endfacet
  facet normal -0.778919 -0.617383 0.110104
  outer loop
    vertex   12.987153 18.770212 48.234741
    vertex   12.977487 18.738163 47.986649
    vertex   13.127696 18.592308 48.231441
  endloop
endfacet
  facet normal -0.940917 -0.260408 0.216479
  outer loop
    vertex   12.899599 18.967865 48.133293
    vertex   12.863978 19.301817 48.380188
    vertex   12.792923 19.255899 48.016113
  endloop
endfacet
  facet normal 0.989812 0.124956 0.068247
  outer loop
    vertex   20.633362 19.198231 48.190403
    vertex   20.669291 19.040447 47.958206
    vertex   20.612806 19.433535 48.057701
  endloop
endfacet
  facet normal -0.983449 -0.180214 0.018713
  outer loop
    vertex   12.678768 19.877359 48.108578
    vertex   12.717860 19.650244 47.975815
    vertex   12.741994 19.537544 48.158802
  endloop
endfacet
  facet normal -0.979687 -0.197729 0.033416
  outer loop
    vertex   12.603587 20.358160 48.051453
    vertex   12.566108 20.579086 48.259903
    vertex   12.548166 20.616207 47.953545
  endloop
endfacet
  facet normal 0.220183 0.972200 -0.079666
  outer loop
    vertex   19.741726 21.426268 48.199680
    vertex   19.977943 21.376085 48.240147
    vertex   19.989933 21.355949 48.027557
  endloop
endfacet
  facet normal 0.105074 0.991125 -0.081425
  outer loop
    vertex   19.358627 21.469360 48.229851
    vertex   19.741726 21.426268 48.199680
    vertex   19.590141 21.420132 47.929382
  endloop
endfacet
  facet normal 0.154838 0.983527 -0.093275
  outer loop
    vertex   19.104029 21.495258 48.080292
    vertex   19.358627 21.469360 48.229851
    vertex   19.277403 21.451868 47.910572
  endloop
endfacet
  facet normal 0.110168 0.992704 -0.049005
  outer loop
    vertex   18.227917 21.597868 47.958076
    vertex   18.447737 21.587515 48.242527
    vertex   18.588795 21.559948 48.001209
  endloop
endfacet
  facet normal 0.106631 0.985340 -0.133173
  outer loop
    vertex   18.194227 21.633610 48.195553
    vertex   18.227917 21.597868 47.958076
    vertex   17.895138 21.655697 48.119495
  endloop
endfacet
  facet normal -0.960340 -0.142265 -0.239808
  outer loop
    vertex   12.386528 21.909687 48.357475
    vertex   12.441105 22.065041 48.046753
    vertex   12.487534 21.678610 48.090073
  endloop
endfacet
  facet normal 0.163767 0.983368 0.078534
  outer loop
    vertex   16.214191 21.898993 48.269756
    vertex   16.453644 21.854879 48.322792
    vertex   16.434475 21.879328 48.056633
  endloop
endfacet
  facet normal 0.132781 0.987543 -0.084432
  outer loop
    vertex   16.139587 21.918482 48.056240
    vertex   15.902084 21.941048 47.946671
    vertex   15.836195 21.974005 48.228527
  endloop
endfacet
  facet normal 0.172617 0.982168 -0.074491
  outer loop
    vertex   15.574132 22.006771 48.053276
    vertex   15.836195 21.974005 48.228527
    vertex   15.902084 21.941048 47.946671
  endloop
endfacet
  facet normal 0.164581 0.985738 -0.035138
  outer loop
    vertex   14.473543 22.176514 47.986687
    vertex   14.162506 22.230045 48.031578
    vertex   14.385000 22.198723 48.195004
  endloop
endfacet
  facet normal 0.113975 0.989310 0.090972
  outer loop
    vertex   13.803003 22.269430 48.053677
    vertex   14.091402 22.219570 48.234577
    vertex   14.162506 22.230045 48.031578
  endloop
endfacet
  facet normal 0.057561 0.997849 0.031365
  outer loop
    vertex   13.248507 22.313822 48.092590
    vertex   12.978946 22.333424 47.963673
    vertex   13.077992 22.317356 48.293079
  endloop
endfacet
  facet normal -0.019776 -0.998751 0.045886
  outer loop
    vertex   20.011606 17.960123 48.308777
    vertex   19.898157 17.954187 48.130688
    vertex   20.201462 17.941275 47.980350
  endloop
endfacet
  facet normal 0.010294 -0.997946 0.063223
  outer loop
    vertex   20.201462 17.941275 47.980350
    vertex   20.311207 17.964243 48.325024
    vertex   20.011606 17.960123 48.308777
  endloop
endfacet
  facet normal -0.077517 -0.992844 0.090843
  outer loop
    vertex   20.311207 17.964243 48.325024
    vertex   20.201462 17.941275 47.980350
    vertex   20.467381 17.938978 48.182163
  endloop
endfacet
  facet normal -0.113853 -0.992473 0.045117
  outer loop
    vertex   18.875332 18.052414 48.282383
    vertex   18.682026 18.064405 48.058361
    vertex   19.024147 18.021708 47.982445
  endloop
endfacet
  facet normal -0.175243 -0.984428 0.013834
  outer loop
    vertex   19.232544 17.987392 48.180462
    vertex   18.875332 18.052414 48.282383
    vertex   19.024147 18.021708 47.982445
  endloop
endfacet
  facet normal -0.072251 -0.997380 -0.003617
  outer loop
    vertex   17.560780 18.170738 47.984135
    vertex   17.536461 18.171448 48.274265
    vertex   17.201368 18.196102 48.169518
  endloop
endfacet
  facet normal -0.089216 -0.985176 0.146524
  outer loop
    vertex   16.206589 18.259132 48.356068
    vertex   15.947532 18.249268 48.132004
    vertex   16.305544 18.217152 48.134056
  endloop
endfacet
  facet normal -0.069779 -0.990720 0.116639
  outer loop
    vertex   14.609728 18.344376 48.046867
    vertex   14.747237 18.367744 48.327625
    vertex   14.498102 18.385248 48.327255
  endloop
endfacet
  facet normal -0.059886 -0.991301 0.117203
  outer loop
    vertex   14.747237 18.367744 48.327625
    vertex   14.829368 18.323801 47.997917
    vertex   15.017980 18.324978 48.104244
  endloop
endfacet
  facet normal 0.985924 0.164573 0.029479
  outer loop
    vertex   20.669291 19.040447 47.958206
    vertex   20.674400 18.952621 48.277618
    vertex   20.707508 18.794300 48.054195
  endloop
endfacet
  facet normal 0.983851 0.175984 0.032650
  outer loop
    vertex   20.674400 18.952621 48.277618
    vertex   20.669291 19.040447 47.958206
    vertex   20.633362 19.198231 48.190403
  endloop
endfacet
  facet normal 0.993103 0.109857 0.040965
  outer loop
    vertex   20.612806 19.433535 48.057701
    vertex   20.603062 19.428911 48.306335
    vertex   20.633362 19.198231 48.190403
  endloop
endfacet
  facet normal 0.981982 0.184268 0.041913
  outer loop
    vertex   20.612806 19.433535 48.057701
    vertex   20.564796 19.674871 48.121502
    vertex   20.603062 19.428911 48.306335
  endloop
endfacet
  facet normal 0.997824 0.061401 0.024009
  outer loop
    vertex   20.432247 20.541870 48.312393
    vertex   20.448578 20.347374 48.131084
    vertex   20.440826 20.541218 47.957500
  endloop
endfacet
  facet normal 0.991402 0.128678 0.023730
  outer loop
    vertex   20.432247 20.541870 48.312393
    vertex   20.440826 20.541218 47.957500
    vertex   20.414602 20.723749 48.063309
  endloop
endfacet
  facet normal 0.986013 0.159924 0.046927
  outer loop
    vertex   20.414602 20.723749 48.063309
    vertex   20.386269 20.806183 48.377720
    vertex   20.432247 20.541870 48.312393
  endloop
endfacet
  facet normal 0.977652 0.207510 0.033697
  outer loop
    vertex   20.386269 20.806183 48.377720
    vertex   20.414602 20.723749 48.063309
    vertex   20.365557 20.968105 47.981495
  endloop
endfacet
  facet normal 0.400969 0.913857 -0.063944
  outer loop
    vertex   19.989933 21.355949 48.027557
    vertex   19.977943 21.376085 48.240147
    vertex   20.248621 21.252220 48.167244
  endloop
endfacet
  facet normal 0.054961 0.995374 0.078800
  outer loop
    vertex   19.071074 21.472227 48.394199
    vertex   19.358627 21.469360 48.229851
    vertex   19.104029 21.495258 48.080292
  endloop
endfacet
  facet normal 0.104047 0.992059 -0.070668
  outer loop
    vertex   19.104029 21.495258 48.080292
    vertex   18.827488 21.515520 47.957569
    vertex   18.768103 21.540747 48.224274
  endloop
endfacet
  facet normal 0.198803 0.972883 -0.118222
  outer loop
    vertex   18.194227 21.633610 48.195553
    vertex   18.447737 21.587515 48.242527
    vertex   18.227917 21.597868 47.958076
  endloop
endfacet
  facet normal 0.169751 0.982394 0.078014
  outer loop
    vertex   16.710657 21.822300 48.173813
    vertex   16.434475 21.879328 48.056633
    vertex   16.453644 21.854879 48.322792
  endloop
endfacet
  facet normal -0.974722 -0.077033 -0.209720
  outer loop
    vertex   12.386528 21.909687 48.357475
    vertex   12.384228 22.163906 48.274788
    vertex   12.441105 22.065041 48.046753
  endloop
endfacet
  facet normal 0.206671 0.978272 -0.016453
  outer loop
    vertex   14.385000 22.198723 48.195004
    vertex   14.642310 22.144730 48.216782
    vertex   14.473543 22.176514 47.986687
  endloop
endfacet
  facet normal 0.002409 0.997167 0.075176
  outer loop
    vertex   12.866343 22.357901 48.202980
    vertex   12.514311 22.366802 48.096184
    vertex   12.709086 22.347317 48.348408
  endloop
endfacet
  facet normal -0.020618 -0.999756 -0.007988
  outer loop
    vertex   18.224524 18.114077 47.940784
    vertex   18.403568 18.107347 48.320858
    vertex   18.014191 18.116598 48.168106
  endloop
endfacet
  facet normal -0.201977 -0.976290 0.077862
  outer loop
    vertex   18.403568 18.107347 48.320858
    vertex   18.224524 18.114077 47.940784
    vertex   18.440626 18.080484 48.080158
  endloop
endfacet
  facet normal -0.056934 -0.993146 0.102074
  outer loop
    vertex   18.403568 18.107347 48.320858
    vertex   18.440626 18.080484 48.080158
    vertex   18.682026 18.064405 48.058361
  endloop
endfacet
  facet normal 0.913747 0.404027 -0.042748
  outer loop
    vertex   20.332039 21.078716 48.310467
    vertex   20.365557 20.968105 47.981495
    vertex   20.248621 21.252220 48.167244
  endloop
endfacet
  facet normal 0.171415 0.981081 0.089977
  outer loop
    vertex   18.768103 21.540747 48.224274
    vertex   19.071074 21.472227 48.394199
    vertex   19.104029 21.495258 48.080292
  endloop
endfacet
  facet normal 0.142739 0.989318 -0.029579
  outer loop
    vertex   18.447737 21.587515 48.242527
    vertex   18.768103 21.540747 48.224274
    vertex   18.588795 21.559948 48.001209
  endloop
endfacet
  facet normal 0.100528 0.991683 0.080373
  outer loop
    vertex   17.609041 21.688240 48.104862
    vertex   17.373459 21.716587 48.049763
    vertex   17.392534 21.690760 48.344574
  endloop
endfacet
  facet normal 0.174451 0.981826 0.074727
  outer loop
    vertex   17.059811 21.762718 48.175869
    vertex   17.392534 21.690760 48.344574
    vertex   17.373459 21.716587 48.049763
  endloop
endfacet
  facet normal 0.192254 0.981090 0.022377
  outer loop
    vertex   15.836195 21.974005 48.228527
    vertex   16.214191 21.898993 48.269756
    vertex   16.139587 21.918482 48.056240
  endloop
endfacet
  facet normal -0.898461 0.274140 -0.342951
  outer loop
    vertex   12.514311 22.366802 48.096184
    vertex   12.441105 22.065041 48.046753
    vertex   12.384228 22.163906 48.274788
  endloop
endfacet
  facet normal -0.901079 0.322888 -0.289481
  outer loop
    vertex   12.384228 22.163906 48.274788
    vertex   12.434943 22.377117 48.354740
    vertex   12.514311 22.366802 48.096184
  endloop
endfacet
  facet normal 0.123992 0.978013 0.167682
  outer loop
    vertex   13.370815 22.268011 48.353394
    vertex   13.639375 22.227510 48.391029
    vertex   13.536629 22.288982 48.108467
  endloop
endfacet
  facet normal 0.107606 0.978879 0.173829
  outer loop
    vertex   13.803003 22.269430 48.053677
    vertex   13.536629 22.288982 48.108467
    vertex   13.639375 22.227510 48.391029
  endloop
endfacet
  facet normal 0.077582 0.987518 0.137076
  outer loop
    vertex   13.536629 22.288982 48.108467
    vertex   13.248507 22.313822 48.092590
    vertex   13.370815 22.268011 48.353394
  endloop
endfacet
  facet normal 0.192210 0.981304 -0.009929
  outer loop
    vertex   12.866343 22.357901 48.202980
    vertex   13.077992 22.317356 48.293079
    vertex   12.978946 22.333424 47.963673
  endloop
endfacet
  facet normal -0.015799 -0.998935 0.043359
  outer loop
    vertex   19.898157 17.954187 48.130688
    vertex   20.011606 17.960123 48.308777
    vertex   19.600319 17.963917 48.246311
  endloop
endfacet
  facet normal -0.112047 -0.992748 0.043544
  outer loop
    vertex   18.682026 18.064405 48.058361
    vertex   18.875332 18.052414 48.282383
    vertex   18.403568 18.107347 48.320858
  endloop
endfacet
  facet normal -0.087903 -0.996117 -0.004932
  outer loop
    vertex   17.536461 18.171448 48.274265
    vertex   17.560780 18.170738 47.984135
    vertex   17.804314 18.147667 48.303318
  endloop
endfacet
  facet normal -0.020231 -0.973701 0.226928
  outer loop
    vertex   16.555977 18.220692 48.194378
    vertex   16.883505 18.221903 48.228775
    vertex   16.727911 18.281189 48.469288
  endloop
endfacet
  facet normal -0.104030 -0.991886 0.073073
  outer loop
    vertex   15.638756 18.298986 48.367298
    vertex   15.652149 18.277332 48.092434
    vertex   15.947532 18.249268 48.132004
  endloop
endfacet
  facet normal 0.110286 -0.978503 0.174267
  outer loop
    vertex   15.440403 18.299829 48.084770
    vertex   15.377984 18.364227 48.485863
    vertex   15.221924 18.302193 48.236305
  endloop
endfacet
  facet normal -0.185772 -0.974284 0.127517
  outer loop
    vertex   15.440403 18.299829 48.084770
    vertex   15.638756 18.298986 48.367298
    vertex   15.377984 18.364227 48.485863
  endloop
endfacet
  facet normal -0.107977 -0.991481 0.072849
  outer loop
    vertex   15.638756 18.298986 48.367298
    vertex   15.440403 18.299829 48.084770
    vertex   15.652149 18.277332 48.092434
  endloop
endfacet
  facet normal -0.219177 -0.960261 0.172800
  outer loop
    vertex   15.221924 18.302193 48.236305
    vertex   15.056148 18.374231 48.426361
    vertex   15.017980 18.324978 48.104244
  endloop
endfacet
  facet normal -0.072106 -0.986308 0.148315
  outer loop
    vertex   14.072939 18.422045 48.219376
    vertex   14.328109 18.376413 48.039978
    vertex   14.256486 18.438026 48.414890
  endloop
endfacet
  facet normal -0.166824 -0.977541 0.128779
  outer loop
    vertex   14.328109 18.376413 48.039978
    vertex   14.498102 18.385248 48.327255
    vertex   14.256486 18.438026 48.414890
  endloop
endfacet
  facet normal 0.991747 0.121674 0.040411
  outer loop
    vertex   20.752275 18.399595 48.414799
    vertex   20.777567 18.261675 48.209373
    vertex   20.730133 18.647301 48.212391
  endloop
endfacet
  facet normal -0.133077 -0.990684 0.028911
  outer loop
    vertex   13.507181 18.493124 48.021282
    vertex   13.764844 18.459185 48.044312
    vertex   13.697031 18.475145 48.279087
  endloop
endfacet
  facet normal -0.194013 -0.974841 0.109744
  outer loop
    vertex   13.507181 18.493124 48.021282
    vertex   13.350948 18.566319 48.395260
    vertex   13.127696 18.592308 48.231441
  endloop
endfacet
  facet normal 0.984324 0.175010 0.021846
  outer loop
    vertex   20.707508 18.794300 48.054195
    vertex   20.674400 18.952621 48.277618
    vertex   20.730133 18.647301 48.212391
  endloop
endfacet
  facet normal -0.930257 -0.319336 0.180684
  outer loop
    vertex   12.936714 19.011580 48.401642
    vertex   12.899599 18.967865 48.133293
    vertex   12.987153 18.770212 48.234741
  endloop
endfacet
  facet normal -0.958817 -0.227742 0.169713
  outer loop
    vertex   12.936714 19.011580 48.401642
    vertex   12.863978 19.301817 48.380188
    vertex   12.899599 18.967865 48.133293
  endloop
endfacet
  facet normal -0.935152 -0.279420 0.217752
  outer loop
    vertex   12.792923 19.255899 48.016113
    vertex   12.863978 19.301817 48.380188
    vertex   12.741994 19.537544 48.158802
  endloop
endfacet
  facet normal 0.981321 0.192022 0.011710
  outer loop
    vertex   20.466969 20.242044 48.317120
    vertex   20.531109 19.922474 48.182388
    vertex   20.448578 20.347374 48.131084
  endloop
endfacet
  facet normal -0.990048 -0.140728 -0.000080
  outer loop
    vertex   12.603587 20.358160 48.051453
    vertex   12.634075 20.143536 48.290291
    vertex   12.605437 20.344978 48.344627
  endloop
endfacet
  facet normal 0.992869 0.114454 -0.033349
  outer loop
    vertex   20.466969 20.242044 48.317120
    vertex   20.448578 20.347374 48.131084
    vertex   20.432247 20.541870 48.312393
  endloop
endfacet
  facet normal -0.989612 -0.140755 0.029248
  outer loop
    vertex   12.566108 20.579086 48.259903
    vertex   12.528633 20.869450 48.389301
    vertex   12.510760 20.913120 47.994728
  endloop
endfacet
  facet normal -0.936219 -0.351400 0.003515
  outer loop
    vertex   12.487191 20.978041 48.207294
    vertex   12.510760 20.913120 47.994728
    vertex   12.528633 20.869450 48.389301
  endloop
endfacet
  facet normal 0.978760 0.202559 0.031616
  outer loop
    vertex   20.365557 20.968105 47.981495
    vertex   20.332039 21.078716 48.310467
    vertex   20.386269 20.806183 48.377720
  endloop
endfacet
  facet normal 0.169517 0.963821 0.205701
  outer loop
    vertex   19.977943 21.376085 48.240147
    vertex   19.741726 21.426268 48.199680
    vertex   19.693012 21.391800 48.401325
  endloop
endfacet
  facet normal -0.959313 -0.018484 -0.281739
  outer loop
    vertex   12.487534 21.678610 48.090073
    vertex   12.488605 21.300037 48.111263
    vertex   12.409321 21.571577 48.363407
  endloop
endfacet
  facet normal -0.951580 -0.069402 -0.299464
  outer loop
    vertex   12.409321 21.571577 48.363407
    vertex   12.386528 21.909687 48.357475
    vertex   12.487534 21.678610 48.090073
  endloop
endfacet
  facet normal 0.166429 0.979271 0.115453
  outer loop
    vertex   16.710657 21.822300 48.173813
    vertex   16.913301 21.765568 48.362896
    vertex   17.059811 21.762718 48.175869
  endloop
endfacet
  facet normal 0.233497 0.966952 0.102390
  outer loop
    vertex   14.642310 22.144730 48.216782
    vertex   14.972412 22.041416 48.439667
    vertex   14.937645 22.092701 48.034630
  endloop
endfacet
  facet normal 0.080880 0.989670 0.118367
  outer loop
    vertex   15.173102 22.052412 48.210598
    vertex   14.937645 22.092701 48.034630
    vertex   14.972412 22.041416 48.439667
  endloop
endfacet
  facet normal 0.198899 0.972663 0.119859
  outer loop
    vertex   14.091402 22.219570 48.234577
    vertex   14.385282 22.136114 48.424152
    vertex   14.162506 22.230045 48.031578
  endloop
endfacet
  facet normal -0.057744 0.963015 0.263189
  outer loop
    vertex   14.385000 22.198723 48.195004
    vertex   14.162506 22.230045 48.031578
    vertex   14.385282 22.136114 48.424152
  endloop
endfacet
  facet normal 0.136555 -0.939096 0.315359
  outer loop
    vertex   20.467381 17.938978 48.182163
    vertex   20.717258 18.074232 48.476730
    vertex   20.311207 17.964243 48.325024
  endloop
endfacet
  facet normal 0.307675 -0.936372 0.168949
  outer loop
    vertex   20.743587 18.013433 48.091816
    vertex   20.717258 18.074232 48.476730
    vertex   20.467381 17.938978 48.182163
  endloop
endfacet
  facet normal -0.080425 -0.986115 0.145290
  outer loop
    vertex   18.014191 18.116598 48.168106
    vertex   18.403568 18.107347 48.320858
    vertex   18.222843 18.147528 48.493530
  endloop
endfacet
  facet normal -0.119847 -0.981011 0.152495
  outer loop
    vertex   17.250866 18.231474 48.435966
    vertex   17.201368 18.196102 48.169518
    vertex   17.536461 18.171448 48.274265
  endloop
endfacet
  facet normal -0.027923 -0.984403 0.173697
  outer loop
    vertex   16.206589 18.259132 48.356068
    vertex   16.305544 18.217152 48.134056
    vertex   16.555977 18.220692 48.194378
  endloop
endfacet
  facet normal -0.028611 -0.987594 0.154399
  outer loop
    vertex   15.017980 18.324978 48.104244
    vertex   15.056148 18.374231 48.426361
    vertex   14.747237 18.367744 48.327625
  endloop
endfacet
  facet normal 0.041906 -0.995929 0.079810
  outer loop
    vertex   13.764844 18.459185 48.044312
    vertex   13.922173 18.500866 48.481831
    vertex   13.697031 18.475145 48.279087
  endloop
endfacet
  facet normal -0.211391 -0.962899 0.167748
  outer loop
    vertex   13.922173 18.500866 48.481831
    vertex   13.764844 18.459185 48.044312
    vertex   14.072939 18.422045 48.219376
  endloop
endfacet
  facet normal -0.147915 -0.980407 0.130091
  outer loop
    vertex   13.350948 18.566319 48.395260
    vertex   13.507181 18.493124 48.021282
    vertex   13.582145 18.538172 48.446011
  endloop
endfacet
  facet normal -0.296067 -0.942953 0.152267
  outer loop
    vertex   13.582145 18.538172 48.446011
    vertex   13.507181 18.493124 48.021282
    vertex   13.697031 18.475145 48.279087
  endloop
endfacet
  facet normal 0.986523 0.163584 -0.003529
  outer loop
    vertex   20.633362 19.198231 48.190403
    vertex   20.639214 19.169331 48.486629
    vertex   20.674400 18.952621 48.277618
  endloop
endfacet
  facet normal 0.991031 0.133468 -0.006556
  outer loop
    vertex   20.633362 19.198231 48.190403
    vertex   20.603062 19.428911 48.306335
    vertex   20.639214 19.169331 48.486629
  endloop
endfacet
  facet normal 0.990826 0.131846 -0.029676
  outer loop
    vertex   20.603062 19.428911 48.306335
    vertex   20.564796 19.674871 48.121502
    vertex   20.576035 19.645926 48.368114
  endloop
endfacet
  facet normal -0.981645 -0.169813 0.086814
  outer loop
    vertex   12.678768 19.877359 48.108578
    vertex   12.741994 19.537544 48.158802
    vertex   12.720834 19.792807 48.418842
  endloop
endfacet
  facet normal 0.989510 0.141628 -0.028468
  outer loop
    vertex   20.576035 19.645926 48.368114
    vertex   20.564796 19.674871 48.121502
    vertex   20.531109 19.922474 48.182388
  endloop
endfacet
  facet normal -0.974063 -0.213913 0.073768
  outer loop
    vertex   12.634075 20.143536 48.290291
    vertex   12.678768 19.877359 48.108578
    vertex   12.720834 19.792807 48.418842
  endloop
endfacet
  facet normal -0.986106 -0.166114 -0.001246
  outer loop
    vertex   12.605437 20.344978 48.344627
    vertex   12.566108 20.579086 48.259903
    vertex   12.603587 20.358160 48.051453
  endloop
endfacet
  facet normal -0.975116 -0.059419 -0.213586
  outer loop
    vertex   12.488605 21.300037 48.111263
    vertex   12.487191 20.978041 48.207294
    vertex   12.426683 21.300606 48.393803
  endloop
endfacet
  facet normal 0.124863 0.972540 0.196404
  outer loop
    vertex   19.741726 21.426268 48.199680
    vertex   19.358627 21.469360 48.229851
    vertex   19.693012 21.391800 48.401325
  endloop
endfacet
  facet normal 0.153264 0.962485 0.223905
  outer loop
    vertex   18.447737 21.587515 48.242527
    vertex   18.695114 21.505554 48.425514
    vertex   18.768103 21.540747 48.224274
  endloop
endfacet
  facet normal 0.101187 0.976082 0.192417
  outer loop
    vertex   17.895138 21.655697 48.119495
    vertex   17.609041 21.688240 48.104862
    vertex   17.832096 21.587149 48.500374
  endloop
endfacet
  facet normal 0.026491 0.983069 0.181311
  outer loop
    vertex   18.194227 21.633610 48.195553
    vertex   17.895138 21.655697 48.119495
    vertex   17.832096 21.587149 48.500374
  endloop
endfacet
  facet normal 0.040613 0.979453 0.197538
  outer loop
    vertex   17.832096 21.587149 48.500374
    vertex   18.272018 21.584187 48.424614
    vertex   18.194227 21.633610 48.195553
  endloop
endfacet
  facet normal 0.214813 0.963478 0.159889
  outer loop
    vertex   16.453644 21.854879 48.322792
    vertex   16.708614 21.775539 48.458332
    vertex   16.710657 21.822300 48.173813
  endloop
endfacet
  facet normal 0.194184 0.956552 0.217488
  outer loop
    vertex   15.574132 22.006771 48.053276
    vertex   15.173102 22.052412 48.210598
    vertex   15.294063 21.971542 48.458279
  endloop
endfacet
  facet normal 0.120197 0.978393 0.168224
  outer loop
    vertex   15.294063 21.971542 48.458279
    vertex   15.602144 21.929279 48.483955
    vertex   15.574132 22.006771 48.053276
  endloop
endfacet
  facet normal 0.004844 0.984239 0.176778
  outer loop
    vertex   15.836195 21.974005 48.228527
    vertex   15.574132 22.006771 48.053276
    vertex   15.602144 21.929279 48.483955
  endloop
endfacet
  facet normal 0.013303 0.969198 0.245923
  outer loop
    vertex   13.803003 22.269430 48.053677
    vertex   13.883945 22.164377 48.463318
    vertex   14.091402 22.219570 48.234577
  endloop
endfacet
  facet normal 0.177286 0.949417 0.259185
  outer loop
    vertex   14.642310 22.144730 48.216782
    vertex   14.385000 22.198723 48.195004
    vertex   14.385282 22.136114 48.424152
  endloop
endfacet
  facet normal 0.144133 0.983946 0.105239
  outer loop
    vertex   13.248507 22.313822 48.092590
    vertex   13.077992 22.317356 48.293079
    vertex   13.370815 22.268011 48.353394
  endloop
endfacet
  facet normal 0.107916 0.994139 -0.006534
  outer loop
    vertex   12.434943 22.377117 48.354740
    vertex   12.709086 22.347317 48.348408
    vertex   12.514311 22.366802 48.096184
  endloop
endfacet
  facet normal -0.047414 -0.966171 0.253508
  outer loop
    vertex   19.747967 18.024818 48.506035
    vertex   19.600319 17.963917 48.246311
    vertex   20.011606 17.960123 48.308777
  endloop
endfacet
  facet normal -0.140778 -0.981645 0.128662
  outer loop
    vertex   19.232544 17.987392 48.180462
    vertex   19.307087 18.008389 48.422218
    vertex   19.084782 18.041628 48.432583
  endloop
endfacet
  facet normal -0.083201 -0.990258 0.111656
  outer loop
    vertex   19.307087 18.008389 48.422218
    vertex   19.232544 17.987392 48.180462
    vertex   19.600319 17.963917 48.246311
  endloop
endfacet
  facet normal -0.142200 -0.981552 0.127808
  outer loop
    vertex   19.232544 17.987392 48.180462
    vertex   19.084782 18.041628 48.432583
    vertex   18.875332 18.052414 48.282383
  endloop
endfacet
  facet normal 0.979197 -0.179153 0.095277
  outer loop
    vertex   20.777567 18.261675 48.209373
    vertex   20.717258 18.074232 48.476730
    vertex   20.743587 18.013433 48.091816
  endloop
endfacet
  facet normal -0.090675 -0.961193 0.260550
  outer loop
    vertex   18.875332 18.052414 48.282383
    vertex   18.752983 18.137653 48.554260
    vertex   18.403568 18.107347 48.320858
  endloop
endfacet
  facet normal -0.026507 -0.984521 0.173250
  outer loop
    vertex   15.947532 18.249268 48.132004
    vertex   15.893878 18.312765 48.484631
    vertex   15.638756 18.298986 48.367298
  endloop
endfacet
  facet normal -0.132973 -0.954004 0.268690
  outer loop
    vertex   13.697031 18.475145 48.279087
    vertex   13.922173 18.500866 48.481831
    vertex   13.582145 18.538172 48.446011
  endloop
endfacet
  facet normal 0.991837 0.121153 0.039765
  outer loop
    vertex   20.730133 18.647301 48.212391
    vertex   20.709515 18.729208 48.477119
    vertex   20.752275 18.399595 48.414799
  endloop
endfacet
  facet normal 0.984335 0.174858 0.022564
  outer loop
    vertex   20.709515 18.729208 48.477119
    vertex   20.730133 18.647301 48.212391
    vertex   20.674400 18.952621 48.277618
  endloop
endfacet
  facet normal 0.981077 0.193442 0.008224
  outer loop
    vertex   20.496071 20.087467 48.481285
    vertex   20.531109 19.922474 48.182388
    vertex   20.466969 20.242044 48.317120
  endloop
endfacet
  facet normal -0.991122 -0.132547 0.010394
  outer loop
    vertex   12.564726 20.606918 48.483059
    vertex   12.528633 20.869450 48.389301
    vertex   12.566108 20.579086 48.259903
  endloop
endfacet
  facet normal -0.972963 -0.221106 0.066749
  outer loop
    vertex   12.426683 21.300606 48.393803
    vertex   12.487191 20.978041 48.207294
    vertex   12.479886 21.122478 48.579262
  endloop
endfacet
  facet normal -0.973211 -0.086265 -0.213115
  outer loop
    vertex   12.409321 21.571577 48.363407
    vertex   12.488605 21.300037 48.111263
    vertex   12.426683 21.300606 48.393803
  endloop
endfacet
  facet normal 0.069644 0.952894 0.295198
  outer loop
    vertex   19.693012 21.391800 48.401325
    vertex   19.358627 21.469360 48.229851
    vertex   19.416899 21.361290 48.564953
  endloop
endfacet
  facet normal 0.147730 0.975934 0.160401
  outer loop
    vertex   18.447737 21.587515 48.242527
    vertex   18.194227 21.633610 48.195553
    vertex   18.272018 21.584187 48.424614
  endloop
endfacet
  facet normal 0.123139 0.979111 0.161800
  outer loop
    vertex   16.708614 21.775539 48.458332
    vertex   16.913301 21.765568 48.362896
    vertex   16.710657 21.822300 48.173813
  endloop
endfacet
  facet normal 0.169250 0.964443 0.202990
  outer loop
    vertex   16.214191 21.898993 48.269756
    vertex   15.836195 21.974005 48.228527
    vertex   15.968693 21.913166 48.407108
  endloop
endfacet
  facet normal 0.083509 0.945542 0.314605
  outer loop
    vertex   14.655190 22.056946 48.477196
    vertex   14.972412 22.041416 48.439667
    vertex   14.642310 22.144730 48.216782
  endloop
endfacet
  facet normal 0.070288 0.948582 0.308630
  outer loop
    vertex   14.120640 22.127552 48.510738
    vertex   14.385282 22.136114 48.424152
    vertex   14.091402 22.219570 48.234577
  endloop
endfacet
  facet normal 0.185900 0.959984 0.209457
  outer loop
    vertex   13.639375 22.227510 48.391029
    vertex   13.883945 22.164377 48.463318
    vertex   13.803003 22.269430 48.053677
  endloop
endfacet
  facet normal 0.226566 0.922624 0.312141
  outer loop
    vertex   12.709086 22.347317 48.348408
    vertex   12.880544 22.258238 48.487255
    vertex   12.866343 22.357901 48.202980
  endloop
endfacet
  facet normal 0.040798 0.943535 0.328752
  outer loop
    vertex   13.077992 22.317356 48.293079
    vertex   12.866343 22.357901 48.202980
    vertex   12.880544 22.258238 48.487255
  endloop
endfacet
  facet normal -0.013857 -0.978989 0.203441
  outer loop
    vertex   18.014191 18.116598 48.168106
    vertex   18.001732 18.194740 48.543289
    vertex   17.804314 18.147667 48.303318
  endloop
endfacet
  facet normal -0.162377 -0.967061 0.196025
  outer loop
    vertex   18.001732 18.194740 48.543289
    vertex   18.014191 18.116598 48.168106
    vertex   18.222843 18.147528 48.493530
  endloop
endfacet
  facet normal -0.071186 -0.969580 0.234196
  outer loop
    vertex   17.250866 18.231474 48.435966
    vertex   17.536461 18.171448 48.274265
    vertex   17.451376 18.239323 48.529408
  endloop
endfacet
  facet normal -0.025099 -0.958838 0.282842
  outer loop
    vertex   16.989136 18.326216 48.591770
    vertex   16.883505 18.221903 48.228775
    vertex   17.201368 18.196102 48.169518
  endloop
endfacet
  facet normal -0.102072 -0.981624 0.161231
  outer loop
    vertex   15.893878 18.312765 48.484631
    vertex   15.947532 18.249268 48.132004
    vertex   16.206589 18.259132 48.356068
  endloop
endfacet
  facet normal 0.030244 -0.955763 0.292580
  outer loop
    vertex   16.366585 18.328876 48.567360
    vertex   16.206589 18.259132 48.356068
    vertex   16.555977 18.220692 48.194378
  endloop
endfacet
  facet normal -0.083081 -0.953709 0.289026
  outer loop
    vertex   15.056148 18.374231 48.426361
    vertex   15.221924 18.302193 48.236305
    vertex   15.377984 18.364227 48.485863
  endloop
endfacet
  facet normal -0.139765 -0.967594 0.210303
  outer loop
    vertex   14.072939 18.422045 48.219376
    vertex   14.256486 18.438026 48.414890
    vertex   13.922173 18.500866 48.481831
  endloop
endfacet
  facet normal -0.376590 -0.845250 0.379121
  outer loop
    vertex   13.033790 18.759819 48.511627
    vertex   13.127696 18.592308 48.231441
    vertex   13.350948 18.566319 48.395260
  endloop
endfacet
  facet normal -0.779115 -0.617499 0.108050
  outer loop
    vertex   12.987153 18.770212 48.234741
    vertex   13.127696 18.592308 48.231441
    vertex   13.033790 18.759819 48.511627
  endloop
endfacet
  facet normal -0.942759 -0.299049 0.147566
  outer loop
    vertex   12.936714 19.011580 48.401642
    vertex   12.987153 18.770212 48.234741
    vertex   13.033790 18.759819 48.511627
  endloop
endfacet
  facet normal 0.987488 0.157672 0.002763
  outer loop
    vertex   20.674400 18.952621 48.277618
    vertex   20.639214 19.169331 48.486629
    vertex   20.709515 18.729208 48.477119
  endloop
endfacet
  facet normal -0.935420 -0.242100 0.257637
  outer loop
    vertex   12.741994 19.537544 48.158802
    vertex   12.863978 19.301817 48.380188
    vertex   12.821606 19.554167 48.463474
  endloop
endfacet
  facet normal -0.986896 -0.160752 0.013938
  outer loop
    vertex   12.605437 20.344978 48.344627
    vertex   12.564726 20.606918 48.483059
    vertex   12.566108 20.579086 48.259903
  endloop
endfacet
  facet normal 0.893202 0.449028 0.023733
  outer loop
    vertex   20.289997 21.151976 48.506664
    vertex   20.332039 21.078716 48.310467
    vertex   20.248621 21.252220 48.167244
  endloop
endfacet
  facet normal 0.627601 0.764111 0.149167
  outer loop
    vertex   20.248621 21.252220 48.167244
    vertex   20.127905 21.293001 48.466240
    vertex   20.289997 21.151976 48.506664
  endloop
endfacet
  facet normal 0.426496 0.903161 0.049008
  outer loop
    vertex   19.977943 21.376085 48.240147
    vertex   20.127905 21.293001 48.466240
    vertex   20.248621 21.252220 48.167244
  endloop
endfacet
  facet normal 0.167263 0.946450 0.276144
  outer loop
    vertex   19.071074 21.472227 48.394199
    vertex   19.416899 21.361290 48.564953
    vertex   19.358627 21.469360 48.229851
  endloop
endfacet
  facet normal 0.103522 0.972709 0.207652
  outer loop
    vertex   18.695114 21.505554 48.425514
    vertex   19.071074 21.472227 48.394199
    vertex   18.768103 21.540747 48.224274
  endloop
endfacet
  facet normal 0.176467 0.972939 0.149158
  outer loop
    vertex   17.392534 21.690760 48.344574
    vertex   17.832096 21.587149 48.500374
    vertex   17.609041 21.688240 48.104862
  endloop
endfacet
  facet normal 0.157366 0.981582 0.108318
  outer loop
    vertex   16.913301 21.765568 48.362896
    vertex   17.392534 21.690760 48.344574
    vertex   17.059811 21.762718 48.175869
  endloop
endfacet
  facet normal 0.104653 0.944058 0.312732
  outer loop
    vertex   16.453644 21.854879 48.322792
    vertex   16.214191 21.898993 48.269756
    vertex   16.237537 21.810375 48.529457
  endloop
endfacet
  facet normal -0.002546 -0.957125 0.289665
  outer loop
    vertex   20.296886 18.034746 48.557858
    vertex   20.011606 17.960123 48.308777
    vertex   20.311207 17.964243 48.325024
  endloop
endfacet
  facet normal -0.035102 -0.962562 0.268780
  outer loop
    vertex   19.747967 18.024818 48.506035
    vertex   20.011606 17.960123 48.308777
    vertex   19.971226 18.021341 48.522739
  endloop
endfacet
  facet normal 0.145620 -0.944363 0.294914
  outer loop
    vertex   20.717258 18.074232 48.476730
    vertex   20.296886 18.034746 48.557858
    vertex   20.311207 17.964243 48.325024
  endloop
endfacet
  facet normal -0.199932 -0.957024 0.210075
  outer loop
    vertex   18.875332 18.052414 48.282383
    vertex   19.084782 18.041628 48.432583
    vertex   18.752983 18.137653 48.554260
  endloop
endfacet
  facet normal -0.110015 -0.969026 0.221100
  outer loop
    vertex   17.451376 18.239323 48.529408
    vertex   17.536461 18.171448 48.274265
    vertex   17.804314 18.147667 48.303318
  endloop
endfacet
  facet normal -0.243219 -0.954616 0.171910
  outer loop
    vertex   17.201368 18.196102 48.169518
    vertex   17.250866 18.231474 48.435966
    vertex   16.989136 18.326216 48.591770
  endloop
endfacet
  facet normal 0.001693 -0.921440 0.388517
  outer loop
    vertex   16.206589 18.259132 48.356068
    vertex   16.114433 18.351376 48.575241
    vertex   15.893878 18.312765 48.484631
  endloop
endfacet
  facet normal -0.059690 -0.966404 0.250000
  outer loop
    vertex   16.555977 18.220692 48.194378
    vertex   16.727911 18.281189 48.469288
    vertex   16.366585 18.328876 48.567360
  endloop
endfacet
  facet normal 0.041980 -0.963432 0.264643
  outer loop
    vertex   16.989136 18.326216 48.591770
    vertex   16.727911 18.281189 48.469288
    vertex   16.883505 18.221903 48.228775
  endloop
endfacet
  facet normal -0.906900 -0.335221 0.255265
  outer loop
    vertex   12.821606 19.554167 48.463474
    vertex   12.720834 19.792807 48.418842
    vertex   12.741994 19.537544 48.158802
  endloop
endfacet
  facet normal 0.984026 0.176328 0.024527
  outer loop
    vertex   20.531109 19.922474 48.182388
    vertex   20.539171 19.824322 48.564560
    vertex   20.576035 19.645926 48.368114
  endloop
endfacet
  facet normal 0.985441 0.168522 0.022492
  outer loop
    vertex   20.539171 19.824322 48.564560
    vertex   20.531109 19.922474 48.182388
    vertex   20.496071 20.087467 48.481285
  endloop
endfacet
  facet normal -0.980091 -0.167914 0.105957
  outer loop
    vertex   12.634075 20.143536 48.290291
    vertex   12.640977 20.295305 48.594646
    vertex   12.605437 20.344978 48.344627
  endloop
endfacet
  facet normal 0.986807 0.160079 -0.024206
  outer loop
    vertex   20.466969 20.242044 48.317120
    vertex   20.466953 20.288475 48.623547
    vertex   20.496071 20.087467 48.481285
  endloop
endfacet
  facet normal 0.993243 0.114749 -0.017338
  outer loop
    vertex   20.466953 20.288475 48.623547
    vertex   20.466969 20.242044 48.317120
    vertex   20.432247 20.541870 48.312393
  endloop
endfacet
  facet normal -0.967133 -0.242862 0.075311
  outer loop
    vertex   12.479886 21.122478 48.579262
    vertex   12.487191 20.978041 48.207294
    vertex   12.528633 20.869450 48.389301
  endloop
endfacet
  facet normal 0.186724 0.955740 0.227364
  outer loop
    vertex   19.905521 21.322372 48.525410
    vertex   20.127905 21.293001 48.466240
    vertex   19.977943 21.376085 48.240147
  endloop
endfacet
  facet normal 0.180695 0.957196 0.226107
  outer loop
    vertex   19.977943 21.376085 48.240147
    vertex   19.693012 21.391800 48.401325
    vertex   19.905521 21.322372 48.525410
  endloop
endfacet
  facet normal 0.036179 0.929375 0.367361
  outer loop
    vertex   18.695114 21.505554 48.425514
    vertex   18.447737 21.587515 48.242527
    vertex   18.550955 21.434862 48.618553
  endloop
endfacet
  facet normal 0.156402 0.905087 0.395418
  outer loop
    vertex   17.392534 21.690760 48.344574
    vertex   16.913301 21.765568 48.362896
    vertex   17.118128 21.659540 48.524570
  endloop
endfacet
  facet normal 0.219956 0.929113 0.297267
  outer loop
    vertex   15.968693 21.913166 48.407108
    vertex   16.237537 21.810375 48.529457
    vertex   16.214191 21.898993 48.269756
  endloop
endfacet
  facet normal 0.195224 0.956462 0.216951
  outer loop
    vertex   14.972412 22.041416 48.439667
    vertex   15.294063 21.971542 48.458279
    vertex   15.173102 22.052412 48.210598
  endloop
endfacet
  facet normal 0.213017 0.929001 0.302624
  outer loop
    vertex   14.655190 22.056946 48.477196
    vertex   14.642310 22.144730 48.216782
    vertex   14.385282 22.136114 48.424152
  endloop
endfacet
  facet normal -0.995520 -0.037272 -0.086897
  outer loop
    vertex   12.386528 21.909687 48.357475
    vertex   12.355392 22.204453 48.587742
    vertex   12.384228 22.163906 48.274788
  endloop
endfacet
  facet normal 0.086022 0.947899 0.306737
  outer loop
    vertex   14.091402 22.219570 48.234577
    vertex   13.883945 22.164377 48.463318
    vertex   14.120640 22.127552 48.510738
  endloop
endfacet
  facet normal -0.954033 0.273166 -0.123295
  outer loop
    vertex   12.434943 22.377117 48.354740
    vertex   12.384228 22.163906 48.274788
    vertex   12.355392 22.204453 48.587742
  endloop
endfacet
  facet normal 0.064660 -0.936537 0.344555
  outer loop
    vertex   19.307087 18.008389 48.422218
    vertex   19.600319 17.963917 48.246311
    vertex   19.413498 18.084442 48.608971
  endloop
endfacet
  facet normal -0.086498 -0.957893 0.273785
  outer loop
    vertex   19.413498 18.084442 48.608971
    vertex   19.600319 17.963917 48.246311
    vertex   19.747967 18.024818 48.506035
  endloop
endfacet
  facet normal 0.009707 -0.960890 0.276759
  outer loop
    vertex   19.971226 18.021341 48.522739
    vertex   20.011606 17.960123 48.308777
    vertex   20.296886 18.034746 48.557858
  endloop
endfacet
  facet normal 0.982669 -0.073356 0.170234
  outer loop
    vertex   20.777567 18.261675 48.209373
    vertex   20.752275 18.399595 48.414799
    vertex   20.717258 18.074232 48.476730
  endloop
endfacet
  facet normal -0.088724 -0.936551 0.339116
  outer loop
    vertex   14.915053 18.445904 48.587387
    vertex   14.747237 18.367744 48.327625
    vertex   15.056148 18.374231 48.426361
  endloop
endfacet
  facet normal 0.987370 0.156141 0.026823
  outer loop
    vertex   20.603062 19.428911 48.306335
    vertex   20.590851 19.465492 48.542881
    vertex   20.639214 19.169331 48.486629
  endloop
endfacet
  facet normal 0.992902 0.114088 0.033612
  outer loop
    vertex   20.590851 19.465492 48.542881
    vertex   20.603062 19.428911 48.306335
    vertex   20.576035 19.645926 48.368114
  endloop
endfacet
  facet normal -0.965196 -0.164127 0.203616
  outer loop
    vertex   12.720834 19.792807 48.418842
    vertex   12.718798 20.050947 48.617268
    vertex   12.634075 20.143536 48.290291
  endloop
endfacet
  facet normal 0.115030 0.897394 0.425971
  outer loop
    vertex   18.695114 21.505554 48.425514
    vertex   18.895435 21.387693 48.619717
    vertex   19.071074 21.472227 48.394199
  endloop
endfacet
  facet normal 0.285483 0.912759 0.292182
  outer loop
    vertex   18.272018 21.584187 48.424614
    vertex   18.550955 21.434862 48.618553
    vertex   18.447737 21.587515 48.242527
  endloop
endfacet
  facet normal 0.105834 0.805505 0.583062
  outer loop
    vertex   18.272018 21.584187 48.424614
    vertex   17.832096 21.587149 48.500374
    vertex   18.077465 21.459454 48.632248
  endloop
endfacet
  facet normal 0.090170 0.927616 0.362489
  outer loop
    vertex   17.832096 21.587149 48.500374
    vertex   17.392534 21.690760 48.344574
    vertex   17.377720 21.605461 48.566540
  endloop
endfacet
  facet normal 0.241366 0.893920 0.377691
  outer loop
    vertex   15.602144 21.929279 48.483955
    vertex   15.920506 21.788574 48.613525
    vertex   15.836195 21.974005 48.228527
  endloop
endfacet
  facet normal -0.230713 0.855928 0.462773
  outer loop
    vertex   15.968693 21.913166 48.407108
    vertex   15.836195 21.974005 48.228527
    vertex   15.920506 21.788574 48.613525
  endloop
endfacet
  facet normal 0.106608 0.883993 0.455183
  outer loop
    vertex   12.709086 22.347317 48.348408
    vertex   12.434943 22.377117 48.354740
    vertex   12.576985 22.255569 48.557526
  endloop
endfacet
  facet normal 0.095989 -0.942608 0.319807
  outer loop
    vertex   18.422379 18.211514 48.622234
    vertex   18.222843 18.147528 48.493530
    vertex   18.403568 18.107347 48.320858
  endloop
endfacet
  facet normal -0.051732 -0.951016 0.304781
  outer loop
    vertex   17.804314 18.147667 48.303318
    vertex   17.752884 18.243042 48.592190
    vertex   17.451376 18.239323 48.529408
  endloop
endfacet
  facet normal -0.126997 -0.948404 0.290519
  outer loop
    vertex   17.752884 18.243042 48.592190
    vertex   17.804314 18.147667 48.303318
    vertex   18.001732 18.194740 48.543289
  endloop
endfacet
  facet normal -0.065976 -0.931496 0.357718
  outer loop
    vertex   14.665274 18.487314 48.623867
    vertex   14.498102 18.385248 48.327255
    vertex   14.747237 18.367744 48.327625
  endloop
endfacet
  facet normal -0.967892 -0.236206 0.085978
  outer loop
    vertex   12.863978 19.301817 48.380188
    vertex   12.936714 19.011580 48.401642
    vertex   12.925263 19.158484 48.676323
  endloop
endfacet
  facet normal 0.988536 0.138779 0.059473
  outer loop
    vertex   20.590851 19.465492 48.542881
    vertex   20.576035 19.645926 48.368114
    vertex   20.539171 19.824322 48.564560
  endloop
endfacet
  facet normal -0.974199 -0.203256 0.098098
  outer loop
    vertex   12.564726 20.606918 48.483059
    vertex   12.605437 20.344978 48.344627
    vertex   12.640977 20.295305 48.594646
  endloop
endfacet
  facet normal 0.965114 0.225060 0.133799
  outer loop
    vertex   20.332039 21.078716 48.310467
    vertex   20.313759 20.944685 48.667774
    vertex   20.386269 20.806183 48.377720
  endloop
endfacet
  facet normal 0.968931 0.211159 0.128780
  outer loop
    vertex   20.289997 21.151976 48.506664
    vertex   20.313759 20.944685 48.667774
    vertex   20.332039 21.078716 48.310467
  endloop
endfacet
  facet normal -0.977013 -0.188861 0.098881
  outer loop
    vertex   12.479886 21.122478 48.579262
    vertex   12.410987 21.523289 48.664032
    vertex   12.426683 21.300606 48.393803
  endloop
endfacet
  facet normal -0.997907 -0.064483 -0.004827
  outer loop
    vertex   12.409321 21.571577 48.363407
    vertex   12.426683 21.300606 48.393803
    vertex   12.410987 21.523289 48.664032
  endloop
endfacet
  facet normal 0.028692 0.844767 0.534365
  outer loop
    vertex   18.077465 21.459454 48.632248
    vertex   18.289076 21.438606 48.653843
    vertex   18.272018 21.584187 48.424614
  endloop
endfacet
  facet normal 0.133366 0.922097 0.363251
  outer loop
    vertex   17.118128 21.659540 48.524570
    vertex   17.377720 21.605461 48.566540
    vertex   17.392534 21.690760 48.344574
  endloop
endfacet
  facet normal -0.997627 -0.067491 -0.013593
  outer loop
    vertex   12.409321 21.571577 48.363407
    vertex   12.390438 21.773582 48.746288
    vertex   12.386528 21.909687 48.357475
  endloop
endfacet
  facet normal 0.268560 0.829734 0.489302
  outer loop
    vertex   16.913301 21.765568 48.362896
    vertex   16.708614 21.775539 48.458332
    vertex   16.826124 21.643356 48.617985
  endloop
endfacet
  facet normal 0.261348 0.850506 0.456440
  outer loop
    vertex   16.237537 21.810375 48.529457
    vertex   16.485798 21.671679 48.645748
    vertex   16.453644 21.854879 48.322792
  endloop
endfacet
  facet normal 0.073399 0.895197 0.439586
  outer loop
    vertex   13.639375 22.227510 48.391029
    vertex   13.370815 22.268011 48.353394
    vertex   13.336418 22.150036 48.599388
  endloop
endfacet
  facet normal 0.035928 0.809765 0.585654
  outer loop
    vertex   13.883945 22.164377 48.463318
    vertex   13.639375 22.227510 48.391029
    vertex   13.635660 22.030392 48.663807
  endloop
endfacet
  facet normal 0.060776 0.896662 0.438524
  outer loop
    vertex   13.370815 22.268011 48.353394
    vertex   13.077992 22.317356 48.293079
    vertex   13.336418 22.150036 48.599388
  endloop
endfacet
  facet normal 0.096451 0.887622 0.450359
  outer loop
    vertex   12.880544 22.258238 48.487255
    vertex   12.709086 22.347317 48.348408
    vertex   12.576985 22.255569 48.557526
  endloop
endfacet
  facet normal -0.110975 0.816227 0.566972
  outer loop
    vertex   12.355392 22.204453 48.587742
    vertex   12.576985 22.255569 48.557526
    vertex   12.434943 22.377117 48.354740
  endloop
endfacet
  facet normal -0.113902 -0.895762 0.429694
  outer loop
    vertex   19.307087 18.008389 48.422218
    vertex   19.413498 18.084442 48.608971
    vertex   19.084782 18.041628 48.432583
  endloop
endfacet
  facet normal -0.071671 -0.929744 0.361164
  outer loop
    vertex   16.206589 18.259132 48.356068
    vertex   16.366585 18.328876 48.567360
    vertex   16.114433 18.351376 48.575241
  endloop
endfacet
  facet normal -0.103761 -0.931942 0.347444
  outer loop
    vertex   14.665274 18.487314 48.623867
    vertex   14.747237 18.367744 48.327625
    vertex   14.915053 18.445904 48.587387
  endloop
endfacet
  facet normal -0.064765 -0.923656 0.377711
  outer loop
    vertex   14.401788 18.510096 48.616043
    vertex   14.256486 18.438026 48.414890
    vertex   14.498102 18.385248 48.327255
  endloop
endfacet
  facet normal -0.148839 -0.804482 0.575027
  outer loop
    vertex   13.846891 18.654909 48.677856
    vertex   13.582145 18.538172 48.446011
    vertex   13.922173 18.500866 48.481831
  endloop
endfacet
  facet normal -0.971741 -0.202952 0.120544
  outer loop
    vertex   12.863978 19.301817 48.380188
    vertex   12.871043 19.454552 48.694290
    vertex   12.821606 19.554167 48.463474
  endloop
endfacet
  facet normal -0.909482 -0.339056 0.240588
  outer loop
    vertex   12.815095 19.734358 48.692802
    vertex   12.720834 19.792807 48.418842
    vertex   12.821606 19.554167 48.463474
  endloop
endfacet
  facet normal -0.944260 -0.285554 0.163807
  outer loop
    vertex   12.634075 20.143536 48.290291
    vertex   12.718798 20.050947 48.617268
    vertex   12.640977 20.295305 48.594646
  endloop
endfacet
  facet normal 0.985796 0.166037 0.025260
  outer loop
    vertex   20.432247 20.541870 48.312393
    vertex   20.424009 20.531221 48.703880
    vertex   20.466953 20.288475 48.623547
  endloop
endfacet
  facet normal 0.985926 0.165268 0.025242
  outer loop
    vertex   20.424009 20.531221 48.703880
    vertex   20.432247 20.541870 48.312393
    vertex   20.386269 20.806183 48.377720
  endloop
endfacet
  facet normal -0.991440 -0.128913 0.020693
  outer loop
    vertex   12.564726 20.606918 48.483059
    vertex   12.535599 20.867907 48.713428
    vertex   12.528633 20.869450 48.389301
  endloop
endfacet
  facet normal -0.978840 -0.203642 0.020066
  outer loop
    vertex   12.479886 21.122478 48.579262
    vertex   12.528633 20.869450 48.389301
    vertex   12.535599 20.867907 48.713428
  endloop
endfacet
  facet normal 0.389138 0.637794 0.664673
  outer loop
    vertex   20.019371 21.156635 48.660633
    vertex   20.289997 21.151976 48.506664
    vertex   20.127905 21.293001 48.466240
  endloop
endfacet
  facet normal 0.083461 0.844003 0.529805
  outer loop
    vertex   18.289076 21.438606 48.653843
    vertex   18.550955 21.434862 48.618553
    vertex   18.272018 21.584187 48.424614
  endloop
endfacet
  facet normal 0.124857 0.749655 0.649944
  outer loop
    vertex   17.832096 21.587149 48.500374
    vertex   17.377720 21.605461 48.566540
    vertex   17.594208 21.481691 48.667709
  endloop
endfacet
  facet normal -0.996812 -0.079458 -0.007239
  outer loop
    vertex   12.410987 21.523289 48.664032
    vertex   12.390438 21.773582 48.746288
    vertex   12.409321 21.571577 48.363407
  endloop
endfacet
  facet normal 0.097136 0.884236 0.456828
  outer loop
    vertex   17.118128 21.659540 48.524570
    vertex   16.913301 21.765568 48.362896
    vertex   16.826124 21.643356 48.617985
  endloop
endfacet
  facet normal 0.008840 0.870143 0.492719
  outer loop
    vertex   16.708614 21.775539 48.458332
    vertex   16.453644 21.854879 48.322792
    vertex   16.485798 21.671679 48.645748
  endloop
endfacet
  facet normal 0.049015 0.754745 0.654185
  outer loop
    vertex   15.602144 21.929279 48.483955
    vertex   15.294063 21.971542 48.458279
    vertex   15.413072 21.763447 48.689445
  endloop
endfacet
  facet normal 0.100948 0.862125 0.496537
  outer loop
    vertex   14.655190 22.056946 48.477196
    vertex   14.859118 21.948566 48.623913
    vertex   14.972412 22.041416 48.439667
  endloop
endfacet
  facet normal 0.157953 0.811231 0.562988
  outer loop
    vertex   14.120640 22.127552 48.510738
    vertex   14.320722 21.982327 48.663864
    vertex   14.385282 22.136114 48.424152
  endloop
endfacet
  facet normal 0.193368 0.793971 0.576385
  outer loop
    vertex   13.336418 22.150036 48.599388
    vertex   13.635660 22.030392 48.663807
    vertex   13.639375 22.227510 48.391029
  endloop
endfacet
  facet normal 0.148142 0.729583 0.667655
  outer loop
    vertex   12.576985 22.255569 48.557526
    vertex   12.767125 22.129574 48.653019
    vertex   12.880544 22.258238 48.487255
  endloop
endfacet
  facet normal 0.191951 0.867321 0.459249
  outer loop
    vertex   12.880544 22.258238 48.487255
    vertex   13.071113 22.136650 48.637230
    vertex   13.077992 22.317356 48.293079
  endloop
endfacet
  facet normal 0.021691 0.884983 0.465119
  outer loop
    vertex   13.336418 22.150036 48.599388
    vertex   13.077992 22.317356 48.293079
    vertex   13.071113 22.136650 48.637230
  endloop
endfacet
  facet normal -0.044049 -0.726474 0.685780
  outer loop
    vertex   20.296886 18.034746 48.557858
    vertex   20.113489 18.133749 48.650955
    vertex   19.971226 18.021341 48.522739
  endloop
endfacet
  facet normal -0.140344 -0.933046 0.331252
  outer loop
    vertex   18.403568 18.107347 48.320858
    vertex   18.752983 18.137653 48.554260
    vertex   18.422379 18.211514 48.622234
  endloop
endfacet
  facet normal 0.069960 -0.795835 0.601458
  outer loop
    vertex   17.250866 18.231474 48.435966
    vertex   17.242928 18.426147 48.694477
    vertex   16.989136 18.326216 48.591770
  endloop
endfacet
  facet normal 0.964005 -0.054203 0.260300
  outer loop
    vertex   20.752275 18.399595 48.414799
    vertex   20.673397 18.275723 48.681126
    vertex   20.717258 18.074232 48.476730
  endloop
endfacet
  facet normal 0.042941 -0.832416 0.552485
  outer loop
    vertex   15.638756 18.298986 48.367298
    vertex   15.585192 18.484812 48.651440
    vertex   15.377984 18.364227 48.485863
  endloop
endfacet
  facet normal -0.190218 -0.837676 0.511972
  outer loop
    vertex   15.585192 18.484812 48.651440
    vertex   15.638756 18.298986 48.367298
    vertex   15.893878 18.312765 48.484631
  endloop
endfacet
  facet normal -0.129381 -0.800079 0.585777
  outer loop
    vertex   15.893878 18.312765 48.484631
    vertex   15.826010 18.447344 48.653454
    vertex   15.585192 18.484812 48.651440
  endloop
endfacet
  facet normal 0.092067 -0.877245 0.471131
  outer loop
    vertex   15.056148 18.374231 48.426361
    vertex   15.174578 18.513138 48.661861
    vertex   14.915053 18.445904 48.587387
  endloop
endfacet
  facet normal -0.127451 -0.824936 0.550670
  outer loop
    vertex   15.174578 18.513138 48.661861
    vertex   15.056148 18.374231 48.426361
    vertex   15.377984 18.364227 48.485863
  endloop
endfacet
  facet normal -0.090929 -0.924782 0.369472
  outer loop
    vertex   14.401788 18.510096 48.616043
    vertex   14.498102 18.385248 48.327255
    vertex   14.665274 18.487314 48.623867
  endloop
endfacet
  facet normal -0.049270 -0.839144 0.541674
  outer loop
    vertex   14.146194 18.610287 48.671719
    vertex   13.922173 18.500866 48.481831
    vertex   14.256486 18.438026 48.414890
  endloop
endfacet
  facet normal -0.230855 -0.851023 0.471662
  outer loop
    vertex   14.146194 18.610287 48.671719
    vertex   14.256486 18.438026 48.414890
    vertex   14.401788 18.510096 48.616043
  endloop
endfacet
  facet normal 0.987509 0.106084 0.116496
  outer loop
    vertex   20.709515 18.729208 48.477119
    vertex   20.692814 18.614834 48.722839
    vertex   20.752275 18.399595 48.414799
  endloop
endfacet
  facet normal -0.210301 -0.846955 0.488305
  outer loop
    vertex   13.350948 18.566319 48.395260
    vertex   13.582145 18.538172 48.446011
    vertex   13.527936 18.672745 48.656078
  endloop
endfacet
  facet normal -0.942840 -0.308612 0.125746
  outer loop
    vertex   13.033790 18.759819 48.511627
    vertex   12.925263 19.158484 48.676323
    vertex   12.936714 19.011580 48.401642
  endloop
endfacet
  facet normal -0.973059 -0.193903 0.124731
  outer loop
    vertex   12.871043 19.454552 48.694290
    vertex   12.815095 19.734358 48.692802
    vertex   12.821606 19.554167 48.463474
  endloop
endfacet
  facet normal 0.988271 0.138439 0.064463
  outer loop
    vertex   20.548233 19.673248 48.750076
    vertex   20.590851 19.465492 48.542881
    vertex   20.539171 19.824322 48.564560
  endloop
endfacet
  facet normal 0.957582 0.265186 0.112755
  outer loop
    vertex   20.386269 20.806183 48.377720
    vertex   20.313759 20.944685 48.667774
    vertex   20.424009 20.531221 48.703880
  endloop
endfacet
  facet normal 0.266759 0.712630 0.648844
  outer loop
    vertex   19.905521 21.322372 48.525410
    vertex   20.019371 21.156635 48.660633
    vertex   20.127905 21.293001 48.466240
  endloop
endfacet
  facet normal 0.243438 0.792886 0.558631
  outer loop
    vertex   19.416899 21.361290 48.564953
    vertex   19.702703 21.178612 48.699688
    vertex   19.693012 21.391800 48.401325
  endloop
endfacet
  facet normal -0.074750 0.810214 0.581348
  outer loop
    vertex   19.702703 21.178612 48.699688
    vertex   19.905521 21.322372 48.525410
    vertex   19.693012 21.391800 48.401325
  endloop
endfacet
  facet normal 0.310096 0.785291 0.535871
  outer loop
    vertex   18.895435 21.387693 48.619717
    vertex   19.155691 21.216251 48.720352
    vertex   19.071074 21.472227 48.394199
  endloop
endfacet
  facet normal -0.059518 0.777703 0.625809
  outer loop
    vertex   19.416899 21.361290 48.564953
    vertex   19.071074 21.472227 48.394199
    vertex   19.155691 21.216251 48.720352
  endloop
endfacet
  facet normal 0.121710 0.899234 0.420197
  outer loop
    vertex   18.895435 21.387693 48.619717
    vertex   18.695114 21.505554 48.425514
    vertex   18.550955 21.434862 48.618553
  endloop
endfacet
  facet normal 0.216606 0.588388 0.779026
  outer loop
    vertex   17.118128 21.659540 48.524570
    vertex   16.826124 21.643356 48.617985
    vertex   17.002012 21.449354 48.715607
  endloop
endfacet
  facet normal 0.114483 0.804953 0.582190
  outer loop
    vertex   16.485798 21.671679 48.645748
    vertex   16.826124 21.643356 48.617985
    vertex   16.708614 21.775539 48.458332
  endloop
endfacet
  facet normal 0.082195 0.844631 0.529001
  outer loop
    vertex   15.920506 21.788574 48.613525
    vertex   16.237537 21.810375 48.529457
    vertex   15.968693 21.913166 48.407108
  endloop
endfacet
  facet normal 0.142646 0.808662 0.570717
  outer loop
    vertex   14.972412 22.041416 48.439667
    vertex   15.134829 21.842415 48.681042
    vertex   15.294063 21.971542 48.458279
  endloop
endfacet
  facet normal 0.129963 0.818263 0.559960
  outer loop
    vertex   14.655190 22.056946 48.477196
    vertex   14.385282 22.136114 48.424152
    vertex   14.320722 21.982327 48.663864
  endloop
endfacet
  facet normal 0.048028 0.801970 0.595430
  outer loop
    vertex   13.635660 22.030392 48.663807
    vertex   13.909547 22.000069 48.682556
    vertex   13.883945 22.164377 48.463318
  endloop
endfacet
  facet normal 0.004452 0.800452 0.599380
  outer loop
    vertex   14.120640 22.127552 48.510738
    vertex   13.883945 22.164377 48.463318
    vertex   13.909547 22.000069 48.682556
  endloop
endfacet
  facet normal 0.200365 -0.675871 0.709262
  outer loop
    vertex   20.673397 18.275723 48.681126
    vertex   20.296886 18.034746 48.557858
    vertex   20.717258 18.074232 48.476730
  endloop
endfacet
  facet normal 0.092263 -0.701850 0.706325
  outer loop
    vertex   19.819637 18.215296 48.685944
    vertex   19.413498 18.084442 48.608971
    vertex   19.747967 18.024818 48.506035
  endloop
endfacet
  facet normal -0.065657 -0.672001 0.737634
  outer loop
    vertex   19.819637 18.215296 48.685944
    vertex   19.747967 18.024818 48.506035
    vertex   19.971226 18.021341 48.522739
  endloop
endfacet
  facet normal -0.105068 -0.687079 0.718946
  outer loop
    vertex   19.971226 18.021341 48.522739
    vertex   20.113489 18.133749 48.650955
    vertex   19.819637 18.215296 48.685944
  endloop
endfacet
  facet normal -0.032340 -0.792844 0.608566
  outer loop
    vertex   18.222843 18.147528 48.493530
    vertex   18.179420 18.306208 48.697952
    vertex   18.001732 18.194740 48.543289
  endloop
endfacet
  facet normal -0.126092 -0.796432 0.591436
  outer loop
    vertex   18.179420 18.306208 48.697952
    vertex   18.222843 18.147528 48.493530
    vertex   18.422379 18.211514 48.622234
  endloop
endfacet
  facet normal -0.125936 -0.750087 0.649238
  outer loop
    vertex   17.513855 18.372009 48.694824
    vertex   17.451376 18.239323 48.529408
    vertex   17.752884 18.243042 48.592190
  endloop
endfacet
  facet normal 0.110551 -0.670711 0.733434
  outer loop
    vertex   16.727911 18.281189 48.469288
    vertex   16.537512 18.557421 48.750595
    vertex   16.366585 18.328876 48.567360
  endloop
endfacet
  facet normal -0.152873 -0.776375 0.611451
  outer loop
    vertex   16.757736 18.468889 48.715073
    vertex   16.727911 18.281189 48.469288
    vertex   16.989136 18.326216 48.591770
  endloop
endfacet
  facet normal -0.239491 -0.779099 0.579352
  outer loop
    vertex   17.250866 18.231474 48.435966
    vertex   17.451376 18.239323 48.529408
    vertex   17.242928 18.426147 48.694477
  endloop
endfacet
  facet normal -0.104363 -0.797708 0.593944
  outer loop
    vertex   15.826010 18.447344 48.653454
    vertex   15.893878 18.312765 48.484631
    vertex   16.114433 18.351376 48.575241
  endloop
endfacet
  facet normal 0.965450 -0.085558 0.246144
  outer loop
    vertex   20.752275 18.399595 48.414799
    vertex   20.692814 18.614834 48.722839
    vertex   20.673397 18.275723 48.681126
  endloop
endfacet
  facet normal -0.083119 -0.848726 0.522259
  outer loop
    vertex   13.527936 18.672745 48.656078
    vertex   13.582145 18.538172 48.446011
    vertex   13.846891 18.654909 48.677856
  endloop
endfacet
  facet normal -0.142598 -0.878812 0.455362
  outer loop
    vertex   13.350948 18.566319 48.395260
    vertex   13.527936 18.672745 48.656078
    vertex   13.247529 18.718687 48.656933
  endloop
endfacet
  facet normal -0.395558 -0.853039 0.340379
  outer loop
    vertex   13.350948 18.566319 48.395260
    vertex   13.247529 18.718687 48.656933
    vertex   13.033790 18.759819 48.511627
  endloop
endfacet
  facet normal -0.542562 -0.536774 0.646143
  outer loop
    vertex   13.121108 18.998667 48.783367
    vertex   13.033790 18.759819 48.511627
    vertex   13.247529 18.718687 48.656933
  endloop
endfacet
  facet normal -0.976202 -0.185585 0.112199
  outer loop
    vertex   12.925263 19.158484 48.676323
    vertex   12.871043 19.454552 48.694290
    vertex   12.863978 19.301817 48.380188
  endloop
endfacet
  facet normal 0.987123 0.151378 0.051692
  outer loop
    vertex   20.590405 19.392277 48.765812
    vertex   20.639214 19.169331 48.486629
    vertex   20.590851 19.465492 48.542881
  endloop
endfacet
  facet normal -0.936063 -0.219030 0.275341
  outer loop
    vertex   12.718798 20.050947 48.617268
    vertex   12.720834 19.792807 48.418842
    vertex   12.815095 19.734358 48.692802
  endloop
endfacet
  facet normal 0.991069 0.132418 0.015748
  outer loop
    vertex   20.496071 20.087467 48.481285
    vertex   20.466953 20.288475 48.623547
    vertex   20.506706 19.971981 48.783035
  endloop
endfacet
  facet normal -0.965483 -0.163703 0.202595
  outer loop
    vertex   12.640977 20.295305 48.594646
    vertex   12.644728 20.496113 48.774780
    vertex   12.564726 20.606918 48.483059
  endloop
endfacet
  facet normal -0.953331 -0.252507 0.165532
  outer loop
    vertex   12.535599 20.867907 48.713428
    vertex   12.564726 20.606918 48.483059
    vertex   12.644728 20.496113 48.774780
  endloop
endfacet
  facet normal 0.407221 0.589123 0.697930
  outer loop
    vertex   20.313759 20.944685 48.667774
    vertex   20.289997 21.151976 48.506664
    vertex   20.019371 21.156635 48.660633
  endloop
endfacet
  facet normal 0.136016 0.680718 0.719808
  outer loop
    vertex   19.905521 21.322372 48.525410
    vertex   19.702703 21.178612 48.699688
    vertex   20.019371 21.156635 48.660633
  endloop
endfacet
  facet normal 0.202646 0.777392 0.595480
  outer loop
    vertex   15.413072 21.763447 48.689445
    vertex   15.294063 21.971542 48.458279
    vertex   15.134829 21.842415 48.681042
  endloop
endfacet
  facet normal 0.203647 0.818253 0.537578
  outer loop
    vertex   14.859118 21.948566 48.623913
    vertex   15.134829 21.842415 48.681042
    vertex   14.972412 22.041416 48.439667
  endloop
endfacet
  facet normal -0.901860 -0.321075 0.289065
  outer loop
    vertex   12.355392 22.204453 48.587742
    vertex   12.386528 21.909687 48.357475
    vertex   12.450495 22.051649 48.714729
  endloop
endfacet
  facet normal -0.037749 0.624691 0.779959
  outer loop
    vertex   12.355392 22.204453 48.587742
    vertex   12.450495 22.051649 48.714729
    vertex   12.576985 22.255569 48.557526
  endloop
endfacet
  facet normal 0.001974 -0.782369 0.622812
  outer loop
    vertex   19.084782 18.041628 48.432583
    vertex   18.900259 18.295458 48.752026
    vertex   18.752983 18.137653 48.554260
  endloop
endfacet
  facet normal -0.009003 -0.733948 0.679146
  outer loop
    vertex   17.752884 18.243042 48.592190
    vertex   18.001732 18.194740 48.543289
    vertex   17.920868 18.349754 48.709740
  endloop
endfacet
  facet normal -0.149311 -0.743022 0.652400
  outer loop
    vertex   17.451376 18.239323 48.529408
    vertex   17.513855 18.372009 48.694824
    vertex   17.242928 18.426147 48.694477
  endloop
endfacet
  facet normal -0.209142 -0.764769 0.609416
  outer loop
    vertex   16.537512 18.557421 48.750595
    vertex   16.727911 18.281189 48.469288
    vertex   16.757736 18.468889 48.715073
  endloop
endfacet
  facet normal 0.001835 -0.628431 0.777863
  outer loop
    vertex   16.114433 18.351376 48.575241
    vertex   16.175825 18.544369 48.731014
    vertex   15.826010 18.447344 48.653454
  endloop
endfacet
  facet normal -0.031021 -0.621783 0.782575
  outer loop
    vertex   16.175825 18.544369 48.731014
    vertex   16.114433 18.351376 48.575241
    vertex   16.366585 18.328876 48.567360
  endloop
endfacet
  facet normal -0.074387 -0.582327 0.809544
  outer loop
    vertex   14.665274 18.487314 48.623867
    vertex   14.615316 18.678410 48.756737
    vertex   14.401788 18.510096 48.616043
  endloop
endfacet
  facet normal 0.109987 -0.692474 0.713010
  outer loop
    vertex   15.377984 18.364227 48.485863
    vertex   15.430507 18.636684 48.742371
    vertex   15.174578 18.513138 48.661861
  endloop
endfacet
  facet normal -0.207094 -0.649154 0.731923
  outer loop
    vertex   15.377984 18.364227 48.485863
    vertex   15.585192 18.484812 48.651440
    vertex   15.430507 18.636684 48.742371
  endloop
endfacet
  facet normal -0.107403 -0.801348 0.588477
  outer loop
    vertex   13.922173 18.500866 48.481831
    vertex   14.146194 18.610287 48.671719
    vertex   13.846891 18.654909 48.677856
  endloop
endfacet
  facet normal 0.996074 0.031941 0.082567
  outer loop
    vertex   20.709515 18.729208 48.477119
    vertex   20.684561 18.882936 48.718689
    vertex   20.692814 18.614834 48.722839
  endloop
endfacet
  facet normal 0.987486 0.157696 0.001653
  outer loop
    vertex   20.684561 18.882936 48.718689
    vertex   20.709515 18.729208 48.477119
    vertex   20.639214 19.169331 48.486629
  endloop
endfacet
  facet normal -0.677422 -0.430747 0.596285
  outer loop
    vertex   13.033790 18.759819 48.511627
    vertex   13.121108 18.998667 48.783367
    vertex   12.925263 19.158484 48.676323
  endloop
endfacet
  facet normal 0.965635 0.237829 0.104818
  outer loop
    vertex   20.612644 19.092819 48.905003
    vertex   20.684561 18.882936 48.718689
    vertex   20.639214 19.169331 48.486629
  endloop
endfacet
  facet normal 0.987178 0.151056 0.051587
  outer loop
    vertex   20.590851 19.465492 48.542881
    vertex   20.548233 19.673248 48.750076
    vertex   20.590405 19.392277 48.765812
  endloop
endfacet
  facet normal 0.984786 0.171027 0.030746
  outer loop
    vertex   20.539171 19.824322 48.564560
    vertex   20.496071 20.087467 48.481285
    vertex   20.506706 19.971981 48.783035
  endloop
endfacet
  facet normal 0.143854 0.732070 0.665868
  outer loop
    vertex   17.832096 21.587149 48.500374
    vertex   17.594208 21.481691 48.667709
    vertex   17.889309 21.374447 48.721863
  endloop
endfacet
  facet normal 0.003596 0.721729 0.692167
  outer loop
    vertex   18.077465 21.459454 48.632248
    vertex   17.832096 21.587149 48.500374
    vertex   17.889309 21.374447 48.721863
  endloop
endfacet
  facet normal 0.027000 0.664137 0.747123
  outer loop
    vertex   17.118128 21.659540 48.524570
    vertex   17.002012 21.449354 48.715607
    vertex   17.305298 21.442251 48.710960
  endloop
endfacet
  facet normal 0.015608 0.658710 0.752235
  outer loop
    vertex   17.305298 21.442251 48.710960
    vertex   17.377720 21.605461 48.566540
    vertex   17.118128 21.659540 48.524570
  endloop
endfacet
  facet normal 0.023194 0.656713 0.753784
  outer loop
    vertex   17.377720 21.605461 48.566540
    vertex   17.305298 21.442251 48.710960
    vertex   17.594208 21.481691 48.667709
  endloop
endfacet
  facet normal -0.016331 0.625086 0.780385
  outer loop
    vertex   16.237537 21.810375 48.529457
    vertex   16.219437 21.536062 48.748802
    vertex   16.485798 21.671679 48.645748
  endloop
endfacet
  facet normal 0.163787 0.609464 0.775711
  outer loop
    vertex   16.237537 21.810375 48.529457
    vertex   15.920506 21.788574 48.613525
    vertex   16.219437 21.536062 48.748802
  endloop
endfacet
  facet normal 0.003316 0.681446 0.731861
  outer loop
    vertex   15.648308 21.643471 48.749866
    vertex   15.920506 21.788574 48.613525
    vertex   15.602144 21.929279 48.483955
  endloop
endfacet
  facet normal 0.167955 0.685891 0.708057
  outer loop
    vertex   15.413072 21.763447 48.689445
    vertex   15.648308 21.643471 48.749866
    vertex   15.602144 21.929279 48.483955
  endloop
endfacet
  facet normal -0.971707 0.219707 0.086681
  outer loop
    vertex   12.390438 21.773582 48.746288
    vertex   12.450495 22.051649 48.714729
    vertex   12.386528 21.909687 48.357475
  endloop
endfacet
  facet normal 0.168526 0.773391 0.611118
  outer loop
    vertex   14.320722 21.982327 48.663864
    vertex   14.609328 21.896963 48.692307
    vertex   14.655190 22.056946 48.477196
  endloop
endfacet
  facet normal -0.002516 0.802666 0.596424
  outer loop
    vertex   14.859118 21.948566 48.623913
    vertex   14.655190 22.056946 48.477196
    vertex   14.609328 21.896963 48.692307
  endloop
endfacet
  facet normal 0.062167 0.763468 0.642847
  outer loop
    vertex   13.909547 22.000069 48.682556
    vertex   14.320722 21.982327 48.663864
    vertex   14.120640 22.127552 48.510738
  endloop
endfacet
  facet normal 0.004843 0.608651 0.793423
  outer loop
    vertex   12.576985 22.255569 48.557526
    vertex   12.450495 22.051649 48.714729
    vertex   12.767125 22.129574 48.653019
  endloop
endfacet
  facet normal 0.013871 0.785265 0.619005
  outer loop
    vertex   12.767125 22.129574 48.653019
    vertex   13.071113 22.136650 48.637230
    vertex   12.880544 22.258238 48.487255
  endloop
endfacet
  facet normal 0.057641 -0.765140 0.641278
  outer loop
    vertex   19.084782 18.041628 48.432583
    vertex   19.125614 18.352921 48.800331
    vertex   18.900259 18.295458 48.752026
  endloop
endfacet
  facet normal -0.249831 -0.725203 0.641612
  outer loop
    vertex   19.125614 18.352921 48.800331
    vertex   19.084782 18.041628 48.432583
    vertex   19.413498 18.084442 48.608971
  endloop
endfacet
  facet normal 0.070399 -0.527817 0.846435
  outer loop
    vertex   19.413498 18.084442 48.608971
    vertex   19.472830 18.345373 48.766747
    vertex   19.125614 18.352921 48.800331
  endloop
endfacet
  facet normal 0.004885 -0.518235 0.855224
  outer loop
    vertex   19.472830 18.345373 48.766747
    vertex   19.413498 18.084442 48.608971
    vertex   19.819637 18.215296 48.685944
  endloop
endfacet
  facet normal -0.026948 -0.474589 0.879795
  outer loop
    vertex   20.113489 18.133749 48.650955
    vertex   20.169846 18.347042 48.767738
    vertex   19.819637 18.215296 48.685944
  endloop
endfacet
  facet normal 0.157396 -0.505937 0.848089
  outer loop
    vertex   20.169846 18.347042 48.767738
    vertex   20.113489 18.133749 48.650955
    vertex   20.296886 18.034746 48.557858
  endloop
endfacet
  facet normal -0.010871 -0.560803 0.827878
  outer loop
    vertex   20.296886 18.034746 48.557858
    vertex   20.458174 18.384674 48.797016
    vertex   20.169846 18.347042 48.767738
  endloop
endfacet
  facet normal 0.123579 -0.598127 0.791816
  outer loop
    vertex   20.458174 18.384674 48.797016
    vertex   20.296886 18.034746 48.557858
    vertex   20.673397 18.275723 48.681126
  endloop
endfacet
  facet normal -0.154253 -0.713100 0.683882
  outer loop
    vertex   18.752983 18.137653 48.554260
    vertex   18.900259 18.295458 48.752026
    vertex   18.586267 18.376186 48.765381
  endloop
endfacet
  facet normal -0.096793 -0.751381 0.652731
  outer loop
    vertex   18.001732 18.194740 48.543289
    vertex   18.179420 18.306208 48.697952
    vertex   17.920868 18.349754 48.709740
  endloop
endfacet
  facet normal -0.014908 -0.647490 0.761928
  outer loop
    vertex   18.422379 18.211514 48.622234
    vertex   18.586267 18.376186 48.765381
    vertex   18.179420 18.306208 48.697952
  endloop
endfacet
  facet normal 0.007007 -0.660002 0.751231
  outer loop
    vertex   18.586267 18.376186 48.765381
    vertex   18.422379 18.211514 48.622234
    vertex   18.752983 18.137653 48.554260
  endloop
endfacet
  facet normal 0.040762 -0.574836 0.817253
  outer loop
    vertex   17.752884 18.243042 48.592190
    vertex   17.758488 18.539129 48.800171
    vertex   17.513855 18.372009 48.694824
  endloop
endfacet
  facet normal -0.205968 -0.559860 0.802580
  outer loop
    vertex   17.758488 18.539129 48.800171
    vertex   17.752884 18.243042 48.592190
    vertex   17.920868 18.349754 48.709740
  endloop
endfacet
  facet normal -0.089375 -0.594399 0.799188
  outer loop
    vertex   17.084881 18.610695 48.814060
    vertex   16.989136 18.326216 48.591770
    vertex   17.242928 18.426147 48.694477
  endloop
endfacet
  facet normal -0.020398 -0.616066 0.787430
  outer loop
    vertex   16.366585 18.328876 48.567360
    vertex   16.537512 18.557421 48.750595
    vertex   16.175825 18.544369 48.731014
  endloop
endfacet
  facet normal -0.022727 -0.572968 0.819263
  outer loop
    vertex   15.954750 18.612995 48.772877
    vertex   15.826010 18.447344 48.653454
    vertex   16.175825 18.544369 48.731014
  endloop
endfacet
  facet normal -0.090998 -0.539889 0.836803
  outer loop
    vertex   15.729005 18.661346 48.780975
    vertex   15.585192 18.484812 48.651440
    vertex   15.826010 18.447344 48.653454
  endloop
endfacet
  facet normal -0.084861 -0.573457 0.814828
  outer loop
    vertex   14.401788 18.510096 48.616043
    vertex   14.615316 18.678410 48.756737
    vertex   14.307146 18.761343 48.783009
  endloop
endfacet
  facet normal -0.020176 -0.574307 0.818391
  outer loop
    vertex   14.665274 18.487314 48.623867
    vertex   14.868328 18.670277 48.757267
    vertex   14.615316 18.678410 48.756737
  endloop
endfacet
  facet normal 0.016983 -0.601296 0.798846
  outer loop
    vertex   14.868328 18.670277 48.757267
    vertex   14.665274 18.487314 48.623867
    vertex   14.915053 18.445904 48.587387
  endloop
endfacet
  facet normal -0.041297 -0.563749 0.824913
  outer loop
    vertex   14.401788 18.510096 48.616043
    vertex   14.307146 18.761343 48.783009
    vertex   14.146194 18.610287 48.671719
  endloop
endfacet
  facet normal -0.064421 -0.546913 0.834708
  outer loop
    vertex   14.018914 18.815672 48.796467
    vertex   13.846891 18.654909 48.677856
    vertex   14.146194 18.610287 48.671719
  endloop
endfacet
  facet normal -0.087238 -0.530548 0.843154
  outer loop
    vertex   13.527936 18.672745 48.656078
    vertex   13.846891 18.654909 48.677856
    vertex   13.729706 18.833176 48.777905
  endloop
endfacet
  facet normal -0.074340 -0.470088 0.879483
  outer loop
    vertex   13.390388 18.852043 48.740288
    vertex   13.247529 18.718687 48.656933
    vertex   13.527936 18.672745 48.656078
  endloop
endfacet
  facet normal -0.122860 -0.497546 0.858693
  outer loop
    vertex   13.390388 18.852043 48.740288
    vertex   13.527936 18.672745 48.656078
    vertex   13.729706 18.833176 48.777905
  endloop
endfacet
  facet normal -0.101244 -0.447062 0.888755
  outer loop
    vertex   13.121108 18.998667 48.783367
    vertex   13.247529 18.718687 48.656933
    vertex   13.390388 18.852043 48.740288
  endloop
endfacet
  facet normal 0.990165 0.112311 0.083421
  outer loop
    vertex   20.639214 19.169331 48.486629
    vertex   20.590405 19.392277 48.765812
    vertex   20.612644 19.092819 48.905003
  endloop
endfacet
  facet normal 0.307188 0.454832 0.835921
  outer loop
    vertex   20.019371 21.156635 48.660633
    vertex   20.004768 20.869053 48.822475
    vertex   20.313759 20.944685 48.667774
  endloop
endfacet
  facet normal 0.059679 0.571152 0.818672
  outer loop
    vertex   18.829958 21.148382 48.791447
    vertex   19.155691 21.216251 48.720352
    vertex   18.895435 21.387693 48.619717
  endloop
endfacet
  facet normal 0.074973 0.567758 0.819774
  outer loop
    vertex   18.829958 21.148382 48.791447
    vertex   18.895435 21.387693 48.619717
    vertex   18.550955 21.434862 48.618553
  endloop
endfacet
  facet normal 0.122462 0.521366 0.844500
  outer loop
    vertex   15.231127 21.658129 48.780849
    vertex   15.413072 21.763447 48.689445
    vertex   15.134829 21.842415 48.681042
  endloop
endfacet
  facet normal 0.119744 0.531645 0.838460
  outer loop
    vertex   14.819118 21.705372 48.783829
    vertex   14.859118 21.948566 48.623913
    vertex   14.609328 21.896963 48.692307
  endloop
endfacet
  facet normal 0.036211 0.544898 0.837720
  outer loop
    vertex   14.859118 21.948566 48.623913
    vertex   14.819118 21.705372 48.783829
    vertex   15.134829 21.842415 48.681042
  endloop
endfacet
  facet normal 0.073300 0.529429 0.845182
  outer loop
    vertex   14.320722 21.982327 48.663864
    vertex   14.346775 21.746418 48.809380
    vertex   14.609328 21.896963 48.692307
  endloop
endfacet
  facet normal 0.061603 0.550578 0.832507
  outer loop
    vertex   14.059975 21.822367 48.788948
    vertex   14.320722 21.982327 48.663864
    vertex   13.909547 22.000069 48.682556
  endloop
endfacet
  facet normal 0.018851 0.510130 0.859891
  outer loop
    vertex   13.342031 21.887014 48.755302
    vertex   13.635660 22.030392 48.663807
    vertex   13.336418 22.150036 48.599388
  endloop
endfacet
  facet normal 0.096313 0.509072 0.855318
  outer loop
    vertex   13.342031 21.887014 48.755302
    vertex   13.336418 22.150036 48.599388
    vertex   13.071113 22.136650 48.637230
  endloop
endfacet
  facet normal 0.043251 0.506315 0.861264
  outer loop
    vertex   12.450495 22.051649 48.714729
    vertex   12.672777 21.880287 48.804306
    vertex   12.767125 22.129574 48.653019
  endloop
endfacet
  facet normal -0.014727 0.522825 0.852313
  outer loop
    vertex   12.767125 22.129574 48.653019
    vertex   12.672777 21.880287 48.804306
    vertex   12.899391 21.934965 48.774681
  endloop
endfacet
  facet normal 0.030842 0.544834 0.837977
  outer loop
    vertex   12.899391 21.934965 48.774681
    vertex   13.071113 22.136650 48.637230
    vertex   12.767125 22.129574 48.653019
  endloop
endfacet
  facet normal -0.044732 -0.499739 0.865020
  outer loop
    vertex   18.090355 18.533579 48.824703
    vertex   17.920868 18.349754 48.709740
    vertex   18.179420 18.306208 48.697952
  endloop
endfacet
  facet normal -0.021082 -0.493095 0.869720
  outer loop
    vertex   18.179420 18.306208 48.697952
    vertex   18.311872 18.463768 48.790493
    vertex   18.090355 18.533579 48.824703
  endloop
endfacet
  facet normal -0.066865 -0.462921 0.883874
  outer loop
    vertex   18.311872 18.463768 48.790493
    vertex   18.179420 18.306208 48.697952
    vertex   18.586267 18.376186 48.765381
  endloop
endfacet
  facet normal 0.033080 -0.622266 0.782106
  outer loop
    vertex   16.989136 18.326216 48.591770
    vertex   17.084881 18.610695 48.814060
    vertex   16.757736 18.468889 48.715073
  endloop
endfacet
  facet normal -0.094693 -0.468248 0.878508
  outer loop
    vertex   17.513855 18.372009 48.694824
    vertex   17.403267 18.721226 48.869038
    vertex   17.242928 18.426147 48.694477
  endloop
endfacet
  facet normal -0.065324 -0.461938 0.884503
  outer loop
    vertex   17.513855 18.372009 48.694824
    vertex   17.758488 18.539129 48.800171
    vertex   17.403267 18.721226 48.869038
  endloop
endfacet
  facet normal -0.059379 -0.475644 0.877631
  outer loop
    vertex   16.790180 18.671318 48.826977
    vertex   16.757736 18.468889 48.715073
    vertex   17.084881 18.610695 48.814060
  endloop
endfacet
  facet normal -0.085206 -0.538254 0.838465
  outer loop
    vertex   15.729005 18.661346 48.780975
    vertex   15.826010 18.447344 48.653454
    vertex   15.954750 18.612995 48.772877
  endloop
endfacet
  facet normal 0.019465 -0.600939 0.799058
  outer loop
    vertex   14.915053 18.445904 48.587387
    vertex   15.151215 18.759298 48.817326
    vertex   14.868328 18.670277 48.757267
  endloop
endfacet
  facet normal -0.100748 -0.538080 0.836851
  outer loop
    vertex   14.915053 18.445904 48.587387
    vertex   15.174578 18.513138 48.661861
    vertex   15.151215 18.759298 48.817326
  endloop
endfacet
  facet normal -0.007839 -0.534494 0.845136
  outer loop
    vertex   15.174578 18.513138 48.661861
    vertex   15.430507 18.636684 48.742371
    vertex   15.151215 18.759298 48.817326
  endloop
endfacet
  facet normal -0.060977 -0.557726 0.827782
  outer loop
    vertex   15.430507 18.636684 48.742371
    vertex   15.585192 18.484812 48.651440
    vertex   15.729005 18.661346 48.780975
  endloop
endfacet
  facet normal -0.064082 -0.546774 0.834825
  outer loop
    vertex   14.146194 18.610287 48.671719
    vertex   14.307146 18.761343 48.783009
    vertex   14.018914 18.815672 48.796467
  endloop
endfacet
  facet normal -0.086224 -0.530099 0.843541
  outer loop
    vertex   13.729706 18.833176 48.777905
    vertex   13.846891 18.654909 48.677856
    vertex   14.018914 18.815672 48.796467
  endloop
endfacet
  facet normal 0.918939 0.034370 0.392899
  outer loop
    vertex   20.613922 18.758307 48.894806
    vertex   20.692814 18.614834 48.722839
    vertex   20.684561 18.882936 48.718689
  endloop
endfacet
  facet normal 0.989642 0.131123 0.058438
  outer loop
    vertex   20.539171 19.824322 48.564560
    vertex   20.506706 19.971981 48.783035
    vertex   20.548233 19.673248 48.750076
  endloop
endfacet
  facet normal -0.925711 -0.270321 0.264547
  outer loop
    vertex   12.640977 20.295305 48.594646
    vertex   12.718798 20.050947 48.617268
    vertex   12.729729 20.241856 48.850594
  endloop
endfacet
  facet normal 0.986109 0.161189 0.040074
  outer loop
    vertex   20.424009 20.531221 48.703880
    vertex   20.457272 20.283689 48.881035
    vertex   20.466953 20.288475 48.623547
  endloop
endfacet
  facet normal 0.760327 0.254913 0.597430
  outer loop
    vertex   20.252474 20.738815 48.833611
    vertex   20.424009 20.531221 48.703880
    vertex   20.313759 20.944685 48.667774
  endloop
endfacet
  facet normal 0.140117 0.480188 0.865902
  outer loop
    vertex   20.019371 21.156635 48.660633
    vertex   19.702703 21.178612 48.699688
    vertex   20.004768 20.869053 48.822475
  endloop
endfacet
  facet normal 0.185349 0.543423 0.818741
  outer loop
    vertex   19.222422 20.991713 48.854279
    vertex   19.416899 21.361290 48.564953
    vertex   19.155691 21.216251 48.720352
  endloop
endfacet
  facet normal 0.097360 0.581231 0.807893
  outer loop
    vertex   19.416899 21.361290 48.564953
    vertex   19.222422 20.991713 48.854279
    vertex   19.499575 20.993549 48.819557
  endloop
endfacet
  facet normal -0.027831 0.564775 0.824776
  outer loop
    vertex   19.499575 20.993549 48.819557
    vertex   19.702703 21.178612 48.699688
    vertex   19.416899 21.361290 48.564953
  endloop
endfacet
  facet normal 0.080015 0.571014 0.817032
  outer loop
    vertex   18.550955 21.434862 48.618553
    vertex   18.491243 21.178303 48.803707
    vertex   18.829958 21.148382 48.791447
  endloop
endfacet
  facet normal 0.118285 0.562845 0.818055
  outer loop
    vertex   18.491243 21.178303 48.803707
    vertex   18.550955 21.434862 48.618553
    vertex   18.289076 21.438606 48.653843
  endloop
endfacet
  facet normal 0.047735 0.551785 0.832619
  outer loop
    vertex   17.594208 21.481691 48.667709
    vertex   17.632195 21.274963 48.802532
    vertex   17.889309 21.374447 48.721863
  endloop
endfacet
  facet normal 0.084102 0.628776 0.773025
  outer loop
    vertex   18.077465 21.459454 48.632248
    vertex   17.889309 21.374447 48.721863
    vertex   18.126881 21.251219 48.796249
  endloop
endfacet
  facet normal -0.019729 0.615713 0.787723
  outer loop
    vertex   18.289076 21.438606 48.653843
    vertex   18.077465 21.459454 48.632248
    vertex   18.126881 21.251219 48.796249
  endloop
endfacet
  facet normal 0.121235 0.407452 0.905144
  outer loop
    vertex   16.651070 21.432339 48.770271
    vertex   16.720289 21.174650 48.876999
    vertex   17.002012 21.449354 48.715607
  endloop
endfacet
  facet normal 0.049270 0.551941 0.832426
  outer loop
    vertex   17.305298 21.442251 48.710960
    vertex   17.632195 21.274963 48.802532
    vertex   17.594208 21.481691 48.667709
  endloop
endfacet
  facet normal 0.106470 0.522285 0.846098
  outer loop
    vertex   16.826124 21.643356 48.617985
    vertex   16.651070 21.432339 48.770271
    vertex   17.002012 21.449354 48.715607
  endloop
endfacet
  facet normal 0.077757 0.501879 0.861436
  outer loop
    vertex   16.485798 21.671679 48.645748
    vertex   16.219437 21.536062 48.748802
    vertex   16.651070 21.432339 48.770271
  endloop
endfacet
  facet normal 0.112304 0.518556 0.847637
  outer loop
    vertex   16.651070 21.432339 48.770271
    vertex   16.826124 21.643356 48.617985
    vertex   16.485798 21.671679 48.645748
  endloop
endfacet
  facet normal 0.073717 0.537348 0.840133
  outer loop
    vertex   16.219437 21.536062 48.748802
    vertex   15.920506 21.788574 48.613525
    vertex   15.889611 21.511421 48.793503
  endloop
endfacet
  facet normal 0.137784 0.528579 0.837627
  outer loop
    vertex   15.648308 21.643471 48.749866
    vertex   15.889611 21.511421 48.793503
    vertex   15.920506 21.788574 48.613525
  endloop
endfacet
  facet normal 0.140965 0.442763 0.885488
  outer loop
    vertex   14.609328 21.896963 48.692307
    vertex   14.346775 21.746418 48.809380
    vertex   14.509657 21.589020 48.862152
  endloop
endfacet
  facet normal 0.045860 0.471029 0.880925
  outer loop
    vertex   14.609328 21.896963 48.692307
    vertex   14.509657 21.589020 48.862152
    vertex   14.819118 21.705372 48.783829
  endloop
endfacet
  facet normal -0.002178 0.511596 0.859223
  outer loop
    vertex   13.635660 22.030392 48.663807
    vertex   13.762379 21.744658 48.834259
    vertex   13.909547 22.000069 48.682556
  endloop
endfacet
  facet normal -0.002871 0.511890 0.859047
  outer loop
    vertex   13.909547 22.000069 48.682556
    vertex   13.762379 21.744658 48.834259
    vertex   14.059975 21.822367 48.788948
  endloop
endfacet
  facet normal -0.089340 -0.490858 0.866647
  outer loop
    vertex   18.586267 18.376186 48.765381
    vertex   18.900259 18.295458 48.752026
    vertex   18.879681 18.497412 48.864288
  endloop
endfacet
  facet normal -0.016245 -0.495868 0.868246
  outer loop
    vertex   20.017071 18.495380 48.849598
    vertex   19.819637 18.215296 48.685944
    vertex   20.169846 18.347042 48.767738
  endloop
endfacet
  facet normal 0.416175 -0.134450 0.899289
  outer loop
    vertex   20.673397 18.275723 48.681126
    vertex   20.692814 18.614834 48.722839
    vertex   20.458174 18.384674 48.797016
  endloop
endfacet
  facet normal -0.072659 -0.479825 0.874350
  outer loop
    vertex   17.920868 18.349754 48.709740
    vertex   18.090355 18.533579 48.824703
    vertex   17.758488 18.539129 48.800171
  endloop
endfacet
  facet normal 0.034328 -0.522605 0.851883
  outer loop
    vertex   17.242928 18.426147 48.694477
    vertex   17.403267 18.721226 48.869038
    vertex   17.084881 18.610695 48.814060
  endloop
endfacet
  facet normal -0.050228 -0.477015 0.877459
  outer loop
    vertex   16.757736 18.468889 48.715073
    vertex   16.790180 18.671318 48.826977
    vertex   16.537512 18.557421 48.750595
  endloop
endfacet
  facet normal 0.036336 -0.432501 0.900901
  outer loop
    vertex   16.175825 18.544369 48.731014
    vertex   16.019604 18.847305 48.882748
    vertex   15.954750 18.612995 48.772877
  endloop
endfacet
  facet normal -0.032154 -0.448774 0.893067
  outer loop
    vertex   16.537512 18.557421 48.750595
    vertex   16.425333 18.766104 48.851421
    vertex   16.175825 18.544369 48.731014
  endloop
endfacet
  facet normal -0.123046 -0.465868 0.876257
  outer loop
    vertex   13.629666 19.052975 48.880714
    vertex   13.390388 18.852043 48.740288
    vertex   13.729706 18.833176 48.777905
  endloop
endfacet
  facet normal -0.098032 -0.489012 0.866751
  outer loop
    vertex   13.387218 19.083113 48.870296
    vertex   13.390388 18.852043 48.740288
    vertex   13.629666 19.052975 48.880714
  endloop
endfacet
  facet normal -0.127375 -0.487686 0.863677
  outer loop
    vertex   13.390388 18.852043 48.740288
    vertex   13.387218 19.083113 48.870296
    vertex   13.121108 18.998667 48.783367
  endloop
endfacet
  facet normal -0.933369 -0.189432 0.304857
  outer loop
    vertex   12.925263 19.158484 48.676323
    vertex   12.960315 19.386230 48.925156
    vertex   12.871043 19.454552 48.694290
  endloop
endfacet
  facet normal -0.941110 -0.186680 0.281891
  outer loop
    vertex   12.871043 19.454552 48.694290
    vertex   12.911164 19.629156 48.943867
    vertex   12.815095 19.734358 48.692802
  endloop
endfacet
  facet normal 0.988735 0.144275 0.039858
  outer loop
    vertex   20.466953 20.288475 48.623547
    vertex   20.457272 20.283689 48.881035
    vertex   20.506706 19.971981 48.783035
  endloop
endfacet
  facet normal -0.933373 -0.229843 0.275657
  outer loop
    vertex   12.640977 20.295305 48.594646
    vertex   12.729729 20.241856 48.850594
    vertex   12.644728 20.496113 48.774780
  endloop
endfacet
  facet normal -0.890881 -0.193692 0.410870
  outer loop
    vertex   12.644728 20.496113 48.774780
    vertex   12.676369 20.748510 48.962372
    vertex   12.535599 20.867907 48.713428
  endloop
endfacet
  facet normal 0.258101 0.558307 0.788465
  outer loop
    vertex   20.004768 20.869053 48.822475
    vertex   20.252474 20.738815 48.833611
    vertex   20.313759 20.944685 48.667774
  endloop
endfacet
  facet normal 0.132506 0.474480 0.870236
  outer loop
    vertex   19.702703 21.178612 48.699688
    vertex   19.597830 20.803020 48.920441
    vertex   20.004768 20.869053 48.822475
  endloop
endfacet
  facet normal 0.037735 0.568739 0.821652
  outer loop
    vertex   17.889309 21.374447 48.721863
    vertex   17.632195 21.274963 48.802532
    vertex   18.126881 21.251219 48.796249
  endloop
endfacet
  facet normal 0.093099 0.550100 0.829893
  outer loop
    vertex   18.289076 21.438606 48.653843
    vertex   18.126881 21.251219 48.796249
    vertex   18.491243 21.178303 48.803707
  endloop
endfacet
  facet normal 0.039849 0.475460 0.878834
  outer loop
    vertex   17.002012 21.449354 48.715607
    vertex   16.720289 21.174650 48.876999
    vertex   17.031244 21.129763 48.887184
  endloop
endfacet
  facet normal -0.019448 0.471538 0.881631
  outer loop
    vertex   17.031244 21.129763 48.887184
    vertex   17.269218 21.206593 48.851341
    vertex   17.002012 21.449354 48.715607
  endloop
endfacet
  facet normal -0.953176 -0.209896 0.217712
  outer loop
    vertex   12.519614 21.310707 48.934669
    vertex   12.410987 21.523289 48.664032
    vertex   12.479886 21.122478 48.579262
  endloop
endfacet
  facet normal 0.025099 0.508774 0.860534
  outer loop
    vertex   17.305298 21.442251 48.710960
    vertex   17.002012 21.449354 48.715607
    vertex   17.269218 21.206593 48.851341
  endloop
endfacet
  facet normal 0.019721 0.509444 0.860278
  outer loop
    vertex   17.305298 21.442251 48.710960
    vertex   17.269218 21.206593 48.851341
    vertex   17.632195 21.274963 48.802532
  endloop
endfacet
  facet normal -0.951890 -0.138212 0.273502
  outer loop
    vertex   12.519614 21.310707 48.934669
    vertex   12.480947 21.542067 48.917007
    vertex   12.410987 21.523289 48.664032
  endloop
endfacet
  facet normal -0.946871 -0.167888 0.274316
  outer loop
    vertex   12.390438 21.773582 48.746288
    vertex   12.410987 21.523289 48.664032
    vertex   12.480947 21.542067 48.917007
  endloop
endfacet
  facet normal 0.050717 0.526754 0.848504
  outer loop
    vertex   15.413072 21.763447 48.689445
    vertex   15.395629 21.487806 48.861607
    vertex   15.648308 21.643471 48.749866
  endloop
endfacet
  facet normal 0.086405 0.462697 0.882296
  outer loop
    vertex   15.004023 21.583517 48.829624
    vertex   15.134829 21.842415 48.681042
    vertex   14.819118 21.705372 48.783829
  endloop
endfacet
  facet normal 0.027444 0.487103 0.872913
  outer loop
    vertex   15.134829 21.842415 48.681042
    vertex   15.004023 21.583517 48.829624
    vertex   15.231127 21.658129 48.780849
  endloop
endfacet
  facet normal 0.011599 0.520921 0.853526
  outer loop
    vertex   13.635660 22.030392 48.663807
    vertex   13.342031 21.887014 48.755302
    vertex   13.503170 21.653038 48.895912
  endloop
endfacet
  facet normal 0.080117 0.529696 0.844395
  outer loop
    vertex   14.346775 21.746418 48.809380
    vertex   14.320722 21.982327 48.663864
    vertex   14.059975 21.822367 48.788948
  endloop
endfacet
  facet normal 0.063419 0.524598 0.848985
  outer loop
    vertex   13.075781 21.819279 48.832989
    vertex   13.071113 22.136650 48.637230
    vertex   12.899391 21.934965 48.774681
  endloop
endfacet
  facet normal 0.113512 0.522795 0.844867
  outer loop
    vertex   13.075781 21.819279 48.832989
    vertex   13.342031 21.887014 48.755302
    vertex   13.071113 22.136650 48.637230
  endloop
endfacet
  facet normal 0.070072 -0.531814 0.843957
  outer loop
    vertex   19.310877 18.529678 48.896332
    vertex   19.125614 18.352921 48.800331
    vertex   19.472830 18.345373 48.766747
  endloop
endfacet
  facet normal -0.061550 -0.489724 0.869702
  outer loop
    vertex   18.879681 18.497412 48.864288
    vertex   18.900259 18.295458 48.752026
    vertex   19.125614 18.352921 48.800331
  endloop
endfacet
  facet normal -0.092263 -0.485837 0.869166
  outer loop
    vertex   18.586267 18.376186 48.765381
    vertex   18.879681 18.497412 48.864288
    vertex   18.628727 18.601562 48.895866
  endloop
endfacet
  facet normal 0.088016 -0.520019 0.849608
  outer loop
    vertex   19.472830 18.345373 48.766747
    vertex   19.641596 18.547281 48.872845
    vertex   19.310877 18.529678 48.896332
  endloop
endfacet
  facet normal -0.014910 -0.496584 0.867861
  outer loop
    vertex   19.819637 18.215296 48.685944
    vertex   20.017071 18.495380 48.849598
    vertex   19.641596 18.547281 48.872845
  endloop
endfacet
  facet normal -0.041114 -0.398003 0.916462
  outer loop
    vertex   20.458174 18.384674 48.797016
    vertex   20.370001 18.662008 48.913502
    vertex   20.169846 18.347042 48.767738
  endloop
endfacet
  facet normal -0.076466 -0.488754 0.869064
  outer loop
    vertex   18.586267 18.376186 48.765381
    vertex   18.628727 18.601562 48.895866
    vertex   18.311872 18.463768 48.790493
  endloop
endfacet
  facet normal 0.023958 -0.480651 0.876585
  outer loop
    vertex   19.641596 18.547281 48.872845
    vertex   19.472830 18.345373 48.766747
    vertex   19.819637 18.215296 48.685944
  endloop
endfacet
  facet normal -0.055450 -0.411279 0.909822
  outer loop
    vertex   16.019604 18.847305 48.882748
    vertex   15.729005 18.661346 48.780975
    vertex   15.954750 18.612995 48.772877
  endloop
endfacet
  facet normal -0.022837 -0.457113 0.889116
  outer loop
    vertex   16.019604 18.847305 48.882748
    vertex   16.175825 18.544369 48.731014
    vertex   16.425333 18.766104 48.851421
  endloop
endfacet
  facet normal -0.060247 -0.460320 0.885706
  outer loop
    vertex   16.537512 18.557421 48.750595
    vertex   16.790180 18.671318 48.826977
    vertex   16.425333 18.766104 48.851421
  endloop
endfacet
  facet normal -0.083159 -0.413084 0.906888
  outer loop
    vertex   15.729005 18.661346 48.780975
    vertex   15.712031 18.870407 48.874645
    vertex   15.430507 18.636684 48.742371
  endloop
endfacet
  facet normal -0.047072 -0.456386 0.888536
  outer loop
    vertex   14.615316 18.678410 48.756737
    vertex   14.562092 18.936478 48.886471
    vertex   14.307146 18.761343 48.783009
  endloop
endfacet
  facet normal -0.016392 -0.451788 0.891975
  outer loop
    vertex   14.562092 18.936478 48.886471
    vertex   14.615316 18.678410 48.756737
    vertex   14.868328 18.670277 48.757267
  endloop
endfacet
  facet normal 0.005881 -0.431156 0.902258
  outer loop
    vertex   14.868328 18.670277 48.757267
    vertex   14.878608 19.002031 48.915733
    vertex   14.562092 18.936478 48.886471
  endloop
endfacet
  facet normal -0.056440 -0.428904 0.901585
  outer loop
    vertex   14.868328 18.670277 48.757267
    vertex   15.151215 18.759298 48.817326
    vertex   14.878608 19.002031 48.915733
  endloop
endfacet
  facet normal 0.040831 -0.451787 0.891191
  outer loop
    vertex   15.430507 18.636684 48.742371
    vertex   15.438801 18.954388 48.903049
    vertex   15.151215 18.759298 48.817326
  endloop
endfacet
  facet normal -0.045561 -0.449899 0.891917
  outer loop
    vertex   15.430507 18.636684 48.742371
    vertex   15.712031 18.870407 48.874645
    vertex   15.438801 18.954388 48.903049
  endloop
endfacet
  facet normal -0.039627 -0.433278 0.900389
  outer loop
    vertex   14.171951 19.024574 48.903728
    vertex   14.018914 18.815672 48.796467
    vertex   14.307146 18.761343 48.783009
  endloop
endfacet
  facet normal 0.929960 -0.007652 0.367582
  outer loop
    vertex   20.684561 18.882936 48.718689
    vertex   20.612644 19.092819 48.905003
    vertex   20.613922 18.758307 48.894806
  endloop
endfacet
  facet normal -0.689368 -0.483394 0.539539
  outer loop
    vertex   12.925263 19.158484 48.676323
    vertex   13.121108 18.998667 48.783367
    vertex   12.960315 19.386230 48.925156
  endloop
endfacet
  facet normal -0.931050 -0.211291 0.297492
  outer loop
    vertex   12.960315 19.386230 48.925156
    vertex   12.911164 19.629156 48.943867
    vertex   12.871043 19.454552 48.694290
  endloop
endfacet
  facet normal -0.940514 -0.225429 0.254196
  outer loop
    vertex   12.718798 20.050947 48.617268
    vertex   12.815095 19.734358 48.692802
    vertex   12.833060 19.936972 48.938957
  endloop
endfacet
  facet normal -0.937485 -0.246540 0.245640
  outer loop
    vertex   12.729729 20.241856 48.850594
    vertex   12.718798 20.050947 48.617268
    vertex   12.833060 19.936972 48.938957
  endloop
endfacet
  facet normal 0.818862 0.478730 0.316675
  outer loop
    vertex   20.424009 20.531221 48.703880
    vertex   20.252474 20.738815 48.833611
    vertex   20.367371 20.487604 48.916275
  endloop
endfacet
  facet normal -0.962729 -0.073513 0.260286
  outer loop
    vertex   12.584497 21.060198 48.948601
    vertex   12.479886 21.122478 48.579262
    vertex   12.535599 20.867907 48.713428
  endloop
endfacet
  facet normal 0.063613 0.492420 0.868030
  outer loop
    vertex   19.597830 20.803020 48.920441
    vertex   19.702703 21.178612 48.699688
    vertex   19.499575 20.993549 48.819557
  endloop
endfacet
  facet normal 0.021307 0.408755 0.912395
  outer loop
    vertex   17.632195 21.274963 48.802532
    vertex   17.567030 21.057816 48.901337
    vertex   17.905758 21.059105 48.892849
  endloop
endfacet
  facet normal 0.031665 0.419676 0.907121
  outer loop
    vertex   17.905758 21.059105 48.892849
    vertex   18.126881 21.251219 48.796249
    vertex   17.632195 21.274963 48.802532
  endloop
endfacet
  facet normal 0.059216 0.389893 0.918954
  outer loop
    vertex   18.491243 21.178303 48.803707
    vertex   18.126881 21.251219 48.796249
    vertex   18.259384 21.068573 48.865204
  endloop
endfacet
  facet normal 0.101537 0.403833 0.909181
  outer loop
    vertex   16.651070 21.432339 48.770271
    vertex   16.310925 21.254313 48.887333
    vertex   16.720289 21.174650 48.876999
  endloop
endfacet
  facet normal 0.065806 0.457401 0.886822
  outer loop
    vertex   16.310925 21.254313 48.887333
    vertex   16.651070 21.432339 48.770271
    vertex   16.219437 21.536062 48.748802
  endloop
endfacet
  facet normal 0.088703 0.436694 0.895226
  outer loop
    vertex   16.013350 21.289454 48.889519
    vertex   16.219437 21.536062 48.748802
    vertex   15.889611 21.511421 48.793503
  endloop
endfacet
  facet normal 0.081634 0.444035 0.892283
  outer loop
    vertex   15.648308 21.643471 48.749866
    vertex   15.634426 21.288538 48.927765
    vertex   15.889611 21.511421 48.793503
  endloop
endfacet
  facet normal 0.123551 0.520051 0.845152
  outer loop
    vertex   15.395629 21.487806 48.861607
    vertex   15.413072 21.763447 48.689445
    vertex   15.231127 21.658129 48.780849
  endloop
endfacet
  facet normal 0.027588 0.422570 0.905910
  outer loop
    vertex   14.038181 21.618898 48.884521
    vertex   14.059975 21.822367 48.788948
    vertex   13.762379 21.744658 48.834259
  endloop
endfacet
  facet normal 0.019949 0.518718 0.854713
  outer loop
    vertex   13.503170 21.653038 48.895912
    vertex   13.762379 21.744658 48.834259
    vertex   13.635660 22.030392 48.663807
  endloop
endfacet
  facet normal -0.257556 0.163707 0.952294
  outer loop
    vertex   12.390438 21.773582 48.746288
    vertex   12.672777 21.880287 48.804306
    vertex   12.450495 22.051649 48.714729
  endloop
endfacet
  facet normal 0.474652 -0.208283 0.855174
  outer loop
    vertex   20.458174 18.384674 48.797016
    vertex   20.692814 18.614834 48.722839
    vertex   20.370001 18.662008 48.913502
  endloop
endfacet
  facet normal 0.000059 -0.408420 0.912794
  outer loop
    vertex   19.827938 18.645267 48.916676
    vertex   19.641596 18.547281 48.872845
    vertex   20.017071 18.495380 48.849598
  endloop
endfacet
  facet normal 0.032647 -0.373654 0.926994
  outer loop
    vertex   20.017071 18.495380 48.849598
    vertex   20.159519 18.790445 48.963516
    vertex   19.827938 18.645267 48.916676
  endloop
endfacet
  facet normal 0.047834 -0.444390 0.894556
  outer loop
    vertex   20.370001 18.662008 48.913502
    vertex   20.017071 18.495380 48.849598
    vertex   20.169846 18.347042 48.767738
  endloop
endfacet
  facet normal 0.007204 -0.421508 0.906796
  outer loop
    vertex   18.311872 18.463768 48.790493
    vertex   18.279495 18.814802 48.953922
    vertex   18.090355 18.533579 48.824703
  endloop
endfacet
  facet normal -0.112175 -0.427886 0.896845
  outer loop
    vertex   18.279495 18.814802 48.953922
    vertex   18.311872 18.463768 48.790493
    vertex   18.628727 18.601562 48.895866
  endloop
endfacet
  facet normal -0.051557 -0.439684 0.896672
  outer loop
    vertex   17.656549 18.832771 48.938297
    vertex   17.403267 18.721226 48.869038
    vertex   17.758488 18.539129 48.800171
  endloop
endfacet
  facet normal -0.003829 -0.426735 0.904368
  outer loop
    vertex   17.758488 18.539129 48.800171
    vertex   17.950777 18.849663 48.947514
    vertex   17.656549 18.832771 48.938297
  endloop
endfacet
  facet normal -0.074376 -0.389524 0.918008
  outer loop
    vertex   17.950777 18.849663 48.947514
    vertex   17.758488 18.539129 48.800171
    vertex   18.090355 18.533579 48.824703
  endloop
endfacet
  facet normal -0.033350 -0.360711 0.932081
  outer loop
    vertex   16.989075 18.936699 48.936794
    vertex   16.790180 18.671318 48.826977
    vertex   17.084881 18.610695 48.814060
  endloop
endfacet
  facet normal -0.054904 -0.411977 0.909539
  outer loop
    vertex   15.712031 18.870407 48.874645
    vertex   15.729005 18.661346 48.780975
    vertex   16.019604 18.847305 48.882748
  endloop
endfacet
  facet normal -0.022391 -0.329602 0.943855
  outer loop
    vertex   16.675629 18.997858 48.938290
    vertex   16.425333 18.766104 48.851421
    vertex   16.790180 18.671318 48.826977
  endloop
endfacet
  facet normal -0.038856 -0.353418 0.934658
  outer loop
    vertex   15.185579 19.066416 48.934883
    vertex   15.151215 18.759298 48.817326
    vertex   15.438801 18.954388 48.903049
  endloop
endfacet
  facet normal -0.060078 -0.441437 0.895279
  outer loop
    vertex   14.307146 18.761343 48.783009
    vertex   14.562092 18.936478 48.886471
    vertex   14.171951 19.024574 48.903728
  endloop
endfacet
  facet normal -0.082929 -0.404219 0.910895
  outer loop
    vertex   13.928250 19.106998 48.917492
    vertex   13.729706 18.833176 48.777905
    vertex   14.018914 18.815672 48.796467
  endloop
endfacet
  facet normal -0.085498 -0.404811 0.910394
  outer loop
    vertex   14.018914 18.815672 48.796467
    vertex   14.171951 19.024574 48.903728
    vertex   13.928250 19.106998 48.917492
  endloop
endfacet
  facet normal 0.985305 0.124008 0.117454
  outer loop
    vertex   20.506706 19.971981 48.783035
    vertex   20.519461 19.675762 48.988789
    vertex   20.548233 19.673248 48.750076
  endloop
endfacet
  facet normal 0.859781 -0.024017 0.510098
  outer loop
    vertex   20.374428 20.060925 49.010181
    vertex   20.506706 19.971981 48.783035
    vertex   20.457272 20.283689 48.881035
  endloop
endfacet
  facet normal 0.889334 0.339067 0.306787
  outer loop
    vertex   20.424009 20.531221 48.703880
    vertex   20.367371 20.487604 48.916275
    vertex   20.457272 20.283689 48.881035
  endloop
endfacet
  facet normal 0.151814 0.367201 0.917669
  outer loop
    vertex   20.004768 20.869053 48.822475
    vertex   19.978386 20.563427 48.949135
    vertex   20.252474 20.738815 48.833611
  endloop
endfacet
  facet normal -0.889567 -0.245174 0.385435
  outer loop
    vertex   12.584497 21.060198 48.948601
    vertex   12.535599 20.867907 48.713428
    vertex   12.676369 20.748510 48.962372
  endloop
endfacet
  facet normal 0.105111 0.490683 0.864975
  outer loop
    vertex   19.499575 20.993549 48.819557
    vertex   19.222422 20.991713 48.854279
    vertex   19.224714 20.801952 48.961647
  endloop
endfacet
  facet normal 0.078184 0.517414 0.852156
  outer loop
    vertex   18.969168 20.915220 48.920246
    vertex   19.155691 21.216251 48.720352
    vertex   18.829958 21.148382 48.791447
  endloop
endfacet
  facet normal 0.062572 0.524900 0.848861
  outer loop
    vertex   19.155691 21.216251 48.720352
    vertex   18.969168 20.915220 48.920246
    vertex   19.222422 20.991713 48.854279
  endloop
endfacet
  facet normal 0.062786 0.366011 0.928490
  outer loop
    vertex   18.102869 20.923431 48.933002
    vertex   18.259384 21.068573 48.865204
    vertex   17.905758 21.059105 48.892849
  endloop
endfacet
  facet normal 0.075208 0.497195 0.864373
  outer loop
    vertex   18.829958 21.148382 48.791447
    vertex   18.491243 21.178303 48.803707
    vertex   18.671625 20.924772 48.933846
  endloop
endfacet
  facet normal 0.061314 0.391160 0.918278
  outer loop
    vertex   18.126881 21.251219 48.796249
    vertex   17.905758 21.059105 48.892849
    vertex   18.259384 21.068573 48.865204
  endloop
endfacet
  facet normal -0.945426 -0.232156 0.228634
  outer loop
    vertex   12.519614 21.310707 48.934669
    vertex   12.479886 21.122478 48.579262
    vertex   12.584497 21.060198 48.948601
  endloop
endfacet
  facet normal 0.047263 0.401906 0.914461
  outer loop
    vertex   17.567030 21.057816 48.901337
    vertex   17.632195 21.274963 48.802532
    vertex   17.269218 21.206593 48.851341
  endloop
endfacet
  facet normal 0.072195 0.245590 0.966682
  outer loop
    vertex   16.310925 21.254313 48.887333
    vertex   16.514149 21.110201 48.908768
    vertex   16.720289 21.174650 48.876999
  endloop
endfacet
  facet normal 0.060389 0.456148 0.887852
  outer loop
    vertex   16.310925 21.254313 48.887333
    vertex   16.219437 21.536062 48.748802
    vertex   16.013350 21.289454 48.889519
  endloop
endfacet
  facet normal 0.089285 0.436941 0.895048
  outer loop
    vertex   15.889611 21.511421 48.793503
    vertex   15.634426 21.288538 48.927765
    vertex   16.013350 21.289454 48.889519
  endloop
endfacet
  facet normal 0.121595 0.440954 0.889255
  outer loop
    vertex   15.648308 21.643471 48.749866
    vertex   15.395629 21.487806 48.861607
    vertex   15.634426 21.288538 48.927765
  endloop
endfacet
  facet normal 0.009652 0.384909 0.922904
  outer loop
    vertex   15.004023 21.583517 48.829624
    vertex   14.944943 21.365225 48.921284
    vertex   15.156749 21.399189 48.904903
  endloop
endfacet
  facet normal 0.022775 0.381803 0.923963
  outer loop
    vertex   14.944943 21.365225 48.921284
    vertex   15.004023 21.583517 48.829624
    vertex   14.819118 21.705372 48.783829
  endloop
endfacet
  facet normal 0.057439 0.417880 0.906685
  outer loop
    vertex   15.156749 21.399189 48.904903
    vertex   15.231127 21.658129 48.780849
    vertex   15.004023 21.583517 48.829624
  endloop
endfacet
  facet normal 0.003558 0.431226 0.902237
  outer loop
    vertex   15.231127 21.658129 48.780849
    vertex   15.156749 21.399189 48.904903
    vertex   15.395629 21.487806 48.861607
  endloop
endfacet
  facet normal 0.070277 0.421644 0.904034
  outer loop
    vertex   14.509657 21.589020 48.862152
    vertex   14.603895 21.388836 48.948193
    vertex   14.819118 21.705372 48.783829
  endloop
endfacet
  facet normal 0.009761 0.389496 0.920977
  outer loop
    vertex   13.762379 21.744658 48.834259
    vertex   13.732683 21.520145 48.929523
    vertex   14.038181 21.618898 48.884521
  endloop
endfacet
  facet normal 0.046828 0.420575 0.906049
  outer loop
    vertex   14.059975 21.822367 48.788948
    vertex   14.038181 21.618898 48.884521
    vertex   14.346775 21.746418 48.809380
  endloop
endfacet
  facet normal 0.072768 0.352992 0.932792
  outer loop
    vertex   13.075781 21.819279 48.832989
    vertex   12.949136 21.652134 48.906120
    vertex   13.265783 21.559923 48.916313
  endloop
endfacet
  facet normal 0.159332 0.405855 0.899942
  outer loop
    vertex   13.265783 21.559923 48.916313
    vertex   13.342031 21.887014 48.755302
    vertex   13.075781 21.819279 48.832989
  endloop
endfacet
  facet normal -0.104071 0.458667 0.882493
  outer loop
    vertex   13.342031 21.887014 48.755302
    vertex   13.265783 21.559923 48.916313
    vertex   13.503170 21.653038 48.895912
  endloop
endfacet
  facet normal 0.016158 0.423721 0.905649
  outer loop
    vertex   12.672777 21.880287 48.804306
    vertex   12.949136 21.652134 48.906120
    vertex   12.899391 21.934965 48.774681
  endloop
endfacet
  facet normal -0.026456 0.417462 0.908309
  outer loop
    vertex   12.899391 21.934965 48.774681
    vertex   12.949136 21.652134 48.906120
    vertex   13.075781 21.819279 48.832989
  endloop
endfacet
  facet normal -0.000836 -0.405947 0.913896
  outer loop
    vertex   19.040684 18.792582 48.995548
    vertex   18.879681 18.497412 48.864288
    vertex   19.125614 18.352921 48.800331
  endloop
endfacet
  facet normal -0.072358 -0.416391 0.906302
  outer loop
    vertex   19.040684 18.792582 48.995548
    vertex   19.125614 18.352921 48.800331
    vertex   19.310877 18.529678 48.896332
  endloop
endfacet
  facet normal -0.039313 -0.375483 0.925995
  outer loop
    vertex   18.879681 18.497412 48.864288
    vertex   18.652405 18.800161 48.977402
    vertex   18.628727 18.601562 48.895866
  endloop
endfacet
  facet normal -0.050584 -0.382642 0.922511
  outer loop
    vertex   18.879681 18.497412 48.864288
    vertex   19.040684 18.792582 48.995548
    vertex   18.652405 18.800161 48.977402
  endloop
endfacet
  facet normal 0.085454 -0.372514 0.924084
  outer loop
    vertex   19.430944 18.754923 48.976028
    vertex   19.310877 18.529678 48.896332
    vertex   19.641596 18.547281 48.872845
  endloop
endfacet
  facet normal 0.089685 -0.368768 0.925185
  outer loop
    vertex   19.641596 18.547281 48.872845
    vertex   19.789057 18.846209 48.977699
    vertex   19.430944 18.754923 48.976028
  endloop
endfacet
  facet normal -0.065207 -0.301497 0.951235
  outer loop
    vertex   19.641596 18.547281 48.872845
    vertex   19.827938 18.645267 48.916676
    vertex   19.789057 18.846209 48.977699
  endloop
endfacet
  facet normal 0.001464 -0.360783 0.932649
  outer loop
    vertex   20.159519 18.790445 48.963516
    vertex   20.017071 18.495380 48.849598
    vertex   20.370001 18.662008 48.913502
  endloop
endfacet
  facet normal 0.311238 -0.654607 0.688927
  outer loop
    vertex   20.692814 18.614834 48.722839
    vertex   20.613922 18.758307 48.894806
    vertex   20.370001 18.662008 48.913502
  endloop
endfacet
  facet normal -0.058683 -0.383946 0.921489
  outer loop
    vertex   17.950777 18.849663 48.947514
    vertex   18.090355 18.533579 48.824703
    vertex   18.279495 18.814802 48.953922
  endloop
endfacet
  facet normal 0.012038 -0.349212 0.936966
  outer loop
    vertex   17.084881 18.610695 48.814060
    vertex   17.220802 18.974010 48.947723
    vertex   16.989075 18.936699 48.936794
  endloop
endfacet
  facet normal -0.048729 -0.328756 0.943157
  outer loop
    vertex   17.220802 18.974010 48.947723
    vertex   17.084881 18.610695 48.814060
    vertex   17.403267 18.721226 48.869038
  endloop
endfacet
  facet normal -0.062158 -0.341497 0.937825
  outer loop
    vertex   16.675629 18.997858 48.938290
    vertex   16.790180 18.671318 48.826977
    vertex   16.989075 18.936699 48.936794
  endloop
endfacet
  facet normal -0.051494 -0.358688 0.932036
  outer loop
    vertex   15.859184 19.044981 48.949959
    vertex   15.712031 18.870407 48.874645
    vertex   16.019604 18.847305 48.882748
  endloop
endfacet
  facet normal 0.005355 -0.336522 0.941660
  outer loop
    vertex   16.282104 19.104998 48.973347
    vertex   16.019604 18.847305 48.882748
    vertex   16.425333 18.766104 48.851421
  endloop
endfacet
  facet normal -0.009414 -0.342037 0.939639
  outer loop
    vertex   16.282104 19.104998 48.973347
    vertex   16.425333 18.766104 48.851421
    vertex   16.675629 18.997858 48.938290
  endloop
endfacet
  facet normal 0.017106 -0.359100 0.933142
  outer loop
    vertex   15.151215 18.759298 48.817326
    vertex   15.185579 19.066416 48.934883
    vertex   14.878608 19.002031 48.915733
  endloop
endfacet
  facet normal -0.019880 -0.377769 0.925686
  outer loop
    vertex   15.607594 19.096552 48.964691
    vertex   15.438801 18.954388 48.903049
    vertex   15.712031 18.870407 48.874645
  endloop
endfacet
  facet normal -0.023563 -0.379202 0.925014
  outer loop
    vertex   15.712031 18.870407 48.874645
    vertex   15.859184 19.044981 48.949959
    vertex   15.607594 19.096552 48.964691
  endloop
endfacet
  facet normal -0.031588 -0.325045 0.945171
  outer loop
    vertex   14.562092 18.936478 48.886471
    vertex   14.409725 19.221851 48.979519
    vertex   14.171951 19.024574 48.903728
  endloop
endfacet
  facet normal -0.012839 -0.355244 0.934685
  outer loop
    vertex   14.713180 19.141541 48.966484
    vertex   14.562092 18.936478 48.886471
    vertex   14.878608 19.002031 48.915733
  endloop
endfacet
  facet normal -0.032037 -0.435397 0.899668
  outer loop
    vertex   13.729706 18.833176 48.777905
    vertex   13.928250 19.106998 48.917492
    vertex   13.629666 19.052975 48.880714
  endloop
endfacet
  facet normal -0.085083 -0.363816 0.927577
  outer loop
    vertex   13.463821 19.341656 48.978729
    vertex   13.387218 19.083113 48.870296
    vertex   13.629666 19.052975 48.880714
  endloop
endfacet
  facet normal -0.138171 -0.464850 0.874542
  outer loop
    vertex   13.387218 19.083113 48.870296
    vertex   13.203531 19.282337 48.947170
    vertex   13.121108 18.998667 48.783367
  endloop
endfacet
  facet normal -0.025449 -0.380215 0.924548
  outer loop
    vertex   13.387218 19.083113 48.870296
    vertex   13.463821 19.341656 48.978729
    vertex   13.203531 19.282337 48.947170
  endloop
endfacet
  facet normal -0.260054 -0.425078 0.866995
  outer loop
    vertex   13.121108 18.998667 48.783367
    vertex   13.203531 19.282337 48.947170
    vertex   12.960315 19.386230 48.925156
  endloop
endfacet
  facet normal 0.888413 0.246095 0.387503
  outer loop
    vertex   20.495302 19.337875 49.018398
    vertex   20.612644 19.092819 48.905003
    vertex   20.590405 19.392277 48.765812
  endloop
endfacet
  facet normal 0.937817 -0.036804 0.345174
  outer loop
    vertex   20.519461 19.675762 48.988789
    vertex   20.495302 19.337875 49.018398
    vertex   20.590405 19.392277 48.765812
  endloop
endfacet
  facet normal 0.981193 0.153801 0.116645
  outer loop
    vertex   20.519461 19.675762 48.988789
    vertex   20.590405 19.392277 48.765812
    vertex   20.548233 19.673248 48.750076
  endloop
endfacet
  facet normal -0.936776 -0.233538 0.260598
  outer loop
    vertex   12.911164 19.629156 48.943867
    vertex   12.833060 19.936972 48.938957
    vertex   12.815095 19.734358 48.692802
  endloop
endfacet
  facet normal 0.869911 0.306085 0.386739
  outer loop
    vertex   20.519461 19.675762 48.988789
    vertex   20.506706 19.971981 48.783035
    vertex   20.374428 20.060925 49.010181
  endloop
endfacet
  facet normal -0.909766 -0.194848 0.366552
  outer loop
    vertex   12.755715 20.407005 49.002880
    vertex   12.644728 20.496113 48.774780
    vertex   12.729729 20.241856 48.850594
  endloop
endfacet
  facet normal 0.149599 0.370127 0.916857
  outer loop
    vertex   20.367371 20.487604 48.916275
    vertex   20.252474 20.738815 48.833611
    vertex   19.978386 20.563427 48.949135
  endloop
endfacet
  facet normal 0.161273 0.365926 0.916564
  outer loop
    vertex   19.978386 20.563427 48.949135
    vertex   20.004768 20.869053 48.822475
    vertex   19.597830 20.803020 48.920441
  endloop
endfacet
  facet normal 0.093444 0.503106 0.859158
  outer loop
    vertex   19.224714 20.801952 48.961647
    vertex   19.597830 20.803020 48.920441
    vertex   19.499575 20.993549 48.819557
  endloop
endfacet
  facet normal 0.042940 0.384449 0.922147
  outer loop
    vertex   18.374725 20.836950 48.956398
    vertex   18.259384 21.068573 48.865204
    vertex   18.102869 20.923431 48.933002
  endloop
endfacet
  facet normal 0.058654 0.390868 0.918576
  outer loop
    vertex   18.374725 20.836950 48.956398
    vertex   18.491243 21.178303 48.803707
    vertex   18.259384 21.068573 48.865204
  endloop
endfacet
  facet normal -0.056666 0.423720 0.904019
  outer loop
    vertex   18.491243 21.178303 48.803707
    vertex   18.374725 20.836950 48.956398
    vertex   18.671625 20.924772 48.933846
  endloop
endfacet
  facet normal 0.055595 0.508013 0.859553
  outer loop
    vertex   18.829958 21.148382 48.791447
    vertex   18.671625 20.924772 48.933846
    vertex   18.969168 20.915220 48.920246
  endloop
endfacet
  facet normal 0.096214 0.245030 0.964730
  outer loop
    vertex   16.514149 21.110201 48.908768
    vertex   16.235458 21.038050 48.954887
    vertex   16.528803 20.885181 48.964458
  endloop
endfacet
  facet normal 0.072723 0.244069 0.967027
  outer loop
    vertex   16.528803 20.885181 48.964458
    vertex   16.720289 21.174650 48.876999
    vertex   16.514149 21.110201 48.908768
  endloop
endfacet
  facet normal 0.022374 0.331325 0.943251
  outer loop
    vertex   17.806774 20.822382 48.978348
    vertex   17.905758 21.059105 48.892849
    vertex   17.567030 21.057816 48.901337
  endloop
endfacet
  facet normal 0.032023 0.339389 0.940101
  outer loop
    vertex   17.229187 20.960955 48.941383
    vertex   17.269218 21.206593 48.851341
    vertex   17.031244 21.129763 48.887184
  endloop
endfacet
  facet normal 0.013247 0.342236 0.939521
  outer loop
    vertex   17.269218 21.206593 48.851341
    vertex   17.229187 20.960955 48.941383
    vertex   17.567030 21.057816 48.901337
  endloop
endfacet
  facet normal 0.015560 0.322538 0.946429
  outer loop
    vertex   16.859283 20.877853 48.975861
    vertex   17.031244 21.129763 48.887184
    vertex   16.720289 21.174650 48.876999
  endloop
endfacet
  facet normal 0.089219 0.268477 0.959146
  outer loop
    vertex   16.310925 21.254313 48.887333
    vertex   16.235458 21.038050 48.954887
    vertex   16.514149 21.110201 48.908768
  endloop
endfacet
  facet normal 0.103918 0.335279 0.936370
  outer loop
    vertex   16.013350 21.289454 48.889519
    vertex   15.957713 21.093485 48.965862
    vertex   16.235458 21.038050 48.954887
  endloop
endfacet
  facet normal 0.040685 0.284954 0.957677
  outer loop
    vertex   16.013350 21.289454 48.889519
    vertex   16.235458 21.038050 48.954887
    vertex   16.310925 21.254313 48.887333
  endloop
endfacet
  facet normal 0.093697 0.338193 0.936401
  outer loop
    vertex   15.957713 21.093485 48.965862
    vertex   16.013350 21.289454 48.889519
    vertex   15.634426 21.288538 48.927765
  endloop
endfacet
  facet normal 0.047427 0.365473 0.929613
  outer loop
    vertex   15.634426 21.288538 48.927765
    vertex   15.395629 21.487806 48.861607
    vertex   15.332305 21.247355 48.959370
  endloop
endfacet
  facet normal 0.031312 0.369368 0.928755
  outer loop
    vertex   15.332305 21.247355 48.959370
    vertex   15.395629 21.487806 48.861607
    vertex   15.156749 21.399189 48.904903
  endloop
endfacet
  facet normal 0.085795 0.294968 0.951648
  outer loop
    vertex   12.949136 21.652134 48.906120
    vertex   12.971550 21.415297 48.977509
    vertex   13.245512 21.335611 48.977509
  endloop
endfacet
  facet normal 0.044424 0.259197 0.964802
  outer loop
    vertex   13.245512 21.335611 48.977509
    vertex   13.265783 21.559923 48.916313
    vertex   12.949136 21.652134 48.906120
  endloop
endfacet
  facet normal 0.099724 0.404292 0.909177
  outer loop
    vertex   14.819118 21.705372 48.783829
    vertex   14.603895 21.388836 48.948193
    vertex   14.944943 21.365225 48.921284
  endloop
endfacet
  facet normal 0.052722 0.274446 0.960156
  outer loop
    vertex   13.923320 21.332569 48.972672
    vertex   14.038181 21.618898 48.884521
    vertex   13.732683 21.520145 48.929523
  endloop
endfacet
  facet normal 0.067253 0.380693 0.922252
  outer loop
    vertex   14.201398 21.395895 48.964672
    vertex   14.346775 21.746418 48.809380
    vertex   14.038181 21.618898 48.884521
  endloop
endfacet
  facet normal 0.068561 0.380199 0.922360
  outer loop
    vertex   14.201398 21.395895 48.964672
    vertex   14.509657 21.589020 48.862152
    vertex   14.346775 21.746418 48.809380
  endloop
endfacet
  facet normal 0.084920 0.379658 0.921221
  outer loop
    vertex   13.732683 21.520145 48.929523
    vertex   13.762379 21.744658 48.834259
    vertex   13.503170 21.653038 48.895912
  endloop
endfacet
  facet normal -0.343786 0.466544 0.814952
  outer loop
    vertex   12.480947 21.542067 48.917007
    vertex   12.672777 21.880287 48.804306
    vertex   12.390438 21.773582 48.746288
  endloop
endfacet
  facet normal -0.162110 0.393483 0.904926
  outer loop
    vertex   12.672777 21.880287 48.804306
    vertex   12.480947 21.542067 48.917007
    vertex   12.724832 21.556007 48.954636
  endloop
endfacet
  facet normal 0.014943 0.422511 0.906235
  outer loop
    vertex   12.672777 21.880287 48.804306
    vertex   12.724832 21.556007 48.954636
    vertex   12.949136 21.652134 48.906120
  endloop
endfacet
  facet normal 0.014196 -0.340242 0.940231
  outer loop
    vertex   19.310877 18.529678 48.896332
    vertex   19.430944 18.754923 48.976028
    vertex   19.040684 18.792582 48.995548
  endloop
endfacet
  facet normal -0.007317 -0.291873 0.956429
  outer loop
    vertex   20.159519 18.790445 48.963516
    vertex   19.789057 18.846209 48.977699
    vertex   19.827938 18.645267 48.916676
  endloop
endfacet
  facet normal -0.072860 -0.371336 0.925636
  outer loop
    vertex   18.652405 18.800161 48.977402
    vertex   18.279495 18.814802 48.953922
    vertex   18.628727 18.601562 48.895866
  endloop
endfacet
  facet normal 0.201347 -0.331026 0.921890
  outer loop
    vertex   20.472572 18.933207 48.988480
    vertex   20.370001 18.662008 48.913502
    vertex   20.613922 18.758307 48.894806
  endloop
endfacet
  facet normal 0.531650 -0.023776 0.846631
  outer loop
    vertex   20.472572 18.933207 48.988480
    vertex   20.613922 18.758307 48.894806
    vertex   20.612644 19.092819 48.905003
  endloop
endfacet
  facet normal -0.005135 -0.300583 0.953742
  outer loop
    vertex   17.403267 18.721226 48.869038
    vertex   17.424398 19.139479 49.000969
    vertex   17.220802 18.974010 48.947723
  endloop
endfacet
  facet normal -0.130357 -0.292260 0.947413
  outer loop
    vertex   17.424398 19.139479 49.000969
    vertex   17.403267 18.721226 48.869038
    vertex   17.656549 18.832771 48.938297
  endloop
endfacet
  facet normal -0.041411 -0.210949 0.976619
  outer loop
    vertex   17.950777 18.849663 48.947514
    vertex   18.279495 18.814802 48.953922
    vertex   18.098763 19.126919 49.013676
  endloop
endfacet
  facet normal -0.005976 -0.326247 0.945266
  outer loop
    vertex   16.019604 18.847305 48.882748
    vertex   16.282104 19.104998 48.973347
    vertex   15.859184 19.044981 48.949959
  endloop
endfacet
  facet normal -0.047538 -0.332496 0.941906
  outer loop
    vertex   14.562092 18.936478 48.886471
    vertex   14.713180 19.141541 48.966484
    vertex   14.409725 19.221851 48.979519
  endloop
endfacet
  facet normal -0.036725 -0.212098 0.976558
  outer loop
    vertex   16.790146 19.256136 48.998692
    vertex   16.675629 18.997858 48.938290
    vertex   16.989075 18.936699 48.936794
  endloop
endfacet
  facet normal 0.007268 -0.316757 0.948479
  outer loop
    vertex   14.921813 19.276226 49.006973
    vertex   14.878608 19.002031 48.915733
    vertex   15.185579 19.066416 48.934883
  endloop
endfacet
  facet normal 0.019838 -0.244359 0.969482
  outer loop
    vertex   16.675629 18.997858 48.938290
    vertex   16.499556 19.258514 49.007591
    vertex   16.282104 19.104998 48.973347
  endloop
endfacet
  facet normal -0.034098 -0.261872 0.964500
  outer loop
    vertex   14.171951 19.024574 48.903728
    vertex   13.980804 19.442369 49.010406
    vertex   13.928250 19.106998 48.917492
  endloop
endfacet
  facet normal -0.058683 -0.319507 0.945765
  outer loop
    vertex   13.719563 19.320034 48.976513
    vertex   13.629666 19.052975 48.880714
    vertex   13.928250 19.106998 48.917492
  endloop
endfacet
  facet normal -0.074201 -0.278452 0.957580
  outer loop
    vertex   13.980804 19.442369 49.010406
    vertex   14.171951 19.024574 48.903728
    vertex   14.409725 19.221851 48.979519
  endloop
endfacet
  facet normal -0.019866 -0.331651 0.943193
  outer loop
    vertex   13.629666 19.052975 48.880714
    vertex   13.719563 19.320034 48.976513
    vertex   13.463821 19.341656 48.978729
  endloop
endfacet
  facet normal -0.842555 -0.287442 0.455498
  outer loop
    vertex   12.755715 20.407005 49.002880
    vertex   12.729729 20.241856 48.850594
    vertex   12.864360 20.143736 49.037708
  endloop
endfacet
  facet normal 0.149357 0.368599 0.917511
  outer loop
    vertex   20.243195 20.294380 49.014114
    vertex   20.367371 20.487604 48.916275
    vertex   19.978386 20.563427 48.949135
  endloop
endfacet
  facet normal -0.910677 -0.166757 0.377969
  outer loop
    vertex   12.644728 20.496113 48.774780
    vertex   12.755715 20.407005 49.002880
    vertex   12.676369 20.748510 48.962372
  endloop
endfacet
  facet normal 0.119586 0.303167 0.945404
  outer loop
    vertex   19.597830 20.803020 48.920441
    vertex   19.663120 20.486650 49.013634
    vertex   19.978386 20.563427 48.949135
  endloop
endfacet
  facet normal -0.012680 0.223786 0.974556
  outer loop
    vertex   18.102869 20.923431 48.933002
    vertex   18.122051 20.619596 49.003021
    vertex   18.374725 20.836950 48.956398
  endloop
endfacet
  facet normal 0.052649 0.272017 0.960851
  outer loop
    vertex   18.717878 20.659719 49.006348
    vertex   18.969168 20.915220 48.920246
    vertex   18.671625 20.924772 48.933846
  endloop
endfacet
  facet normal -0.015853 0.199204 0.979830
  outer loop
    vertex   17.229187 20.960955 48.941383
    vertex   17.122715 20.648495 49.003185
    vertex   17.345821 20.760180 48.984089
  endloop
endfacet
  facet normal 0.070814 0.228244 0.971025
  outer loop
    vertex   18.122051 20.619596 49.003021
    vertex   18.102869 20.923431 48.933002
    vertex   17.806774 20.822382 48.978348
  endloop
endfacet
  facet normal 0.077416 0.491679 0.867328
  outer loop
    vertex   19.224714 20.801952 48.961647
    vertex   19.222422 20.991713 48.854279
    vertex   18.969168 20.915220 48.920246
  endloop
endfacet
  facet normal 0.051910 0.176719 0.982891
  outer loop
    vertex   17.122715 20.648495 49.003185
    vertex   17.229187 20.960955 48.941383
    vertex   16.859283 20.877853 48.975861
  endloop
endfacet
  facet normal 0.015788 0.322397 0.946473
  outer loop
    vertex   17.031244 21.129763 48.887184
    vertex   16.859283 20.877853 48.975861
    vertex   17.229187 20.960955 48.941383
  endloop
endfacet
  facet normal 0.047904 0.234357 0.970970
  outer loop
    vertex   17.345821 20.760180 48.984089
    vertex   17.567030 21.057816 48.901337
    vertex   17.229187 20.960955 48.941383
  endloop
endfacet
  facet normal 0.032919 0.327310 0.944343
  outer loop
    vertex   17.905758 21.059105 48.892849
    vertex   17.806774 20.822382 48.978348
    vertex   18.102869 20.923431 48.933002
  endloop
endfacet
  facet normal -0.026086 0.304900 0.952027
  outer loop
    vertex   16.528803 20.885181 48.964458
    vertex   16.859283 20.877853 48.975861
    vertex   16.720289 21.174650 48.876999
  endloop
endfacet
  facet normal 0.068072 0.298748 0.951901
  outer loop
    vertex   15.634426 21.288538 48.927765
    vertex   15.712881 21.027578 49.004055
    vertex   15.957713 21.093485 48.965862
  endloop
endfacet
  facet normal -0.016575 0.320573 0.947079
  outer loop
    vertex   15.156749 21.399189 48.904903
    vertex   15.058973 21.157297 48.985069
    vertex   15.332305 21.247355 48.959370
  endloop
endfacet
  facet normal 0.063496 0.324351 0.943803
  outer loop
    vertex   14.679586 21.097456 49.031158
    vertex   15.058973 21.157297 48.985069
    vertex   14.944943 21.365225 48.921284
  endloop
endfacet
  facet normal 0.024625 0.305508 0.951871
  outer loop
    vertex   15.058973 21.157297 48.985069
    vertex   15.156749 21.399189 48.904903
    vertex   14.944943 21.365225 48.921284
  endloop
endfacet
  facet normal 0.095456 0.295458 0.950575
  outer loop
    vertex   14.679586 21.097456 49.031158
    vertex   14.944943 21.365225 48.921284
    vertex   14.603895 21.388836 48.948193
  endloop
endfacet
  facet normal 0.113239 0.318798 0.941034
  outer loop
    vertex   14.201398 21.395895 48.964672
    vertex   14.313605 21.183260 49.023205
    vertex   14.509657 21.589020 48.862152
  endloop
endfacet
  facet normal -0.031846 0.381986 0.923619
  outer loop
    vertex   14.509657 21.589020 48.862152
    vertex   14.313605 21.183260 49.023205
    vertex   14.603895 21.388836 48.948193
  endloop
endfacet
  facet normal -0.083840 0.269313 0.959396
  outer loop
    vertex   13.511368 21.381330 48.987907
    vertex   13.265783 21.559923 48.916313
    vertex   13.245512 21.335611 48.977509
  endloop
endfacet
  facet normal -0.043850 0.319203 0.946671
  outer loop
    vertex   13.511368 21.381330 48.987907
    vertex   13.503170 21.653038 48.895912
    vertex   13.265783 21.559923 48.916313
  endloop
endfacet
  facet normal 0.047738 0.321625 0.945663
  outer loop
    vertex   13.503170 21.653038 48.895912
    vertex   13.511368 21.381330 48.987907
    vertex   13.732683 21.520145 48.929523
  endloop
endfacet
  facet normal -0.043216 0.309754 0.949834
  outer loop
    vertex   13.923320 21.332569 48.972672
    vertex   14.201398 21.395895 48.964672
    vertex   14.038181 21.618898 48.884521
  endloop
endfacet
  facet normal 0.079727 0.294588 0.952293
  outer loop
    vertex   12.971550 21.415297 48.977509
    vertex   12.949136 21.652134 48.906120
    vertex   12.724832 21.556007 48.954636
  endloop
endfacet
  facet normal 0.014731 -0.153441 0.988048
  outer loop
    vertex   19.928398 19.055187 49.008076
    vertex   19.789057 18.846209 48.977699
    vertex   20.159519 18.790445 48.963516
  endloop
endfacet
  facet normal 0.053590 -0.284868 0.957068
  outer loop
    vertex   20.370001 18.662008 48.913502
    vertex   20.472572 18.933207 48.988480
    vertex   20.159519 18.790445 48.963516
  endloop
endfacet
  facet normal -0.016553 -0.179992 0.983529
  outer loop
    vertex   20.159519 18.790445 48.963516
    vertex   20.269884 19.149454 49.031075
    vertex   19.928398 19.055187 49.008076
  endloop
endfacet
  facet normal 0.006939 -0.186990 0.982337
  outer loop
    vertex   20.269884 19.149454 49.031075
    vertex   20.159519 18.790445 48.963516
    vertex   20.472572 18.933207 48.988480
  endloop
endfacet
  facet normal -0.015475 -0.257590 0.966130
  outer loop
    vertex   17.747173 19.128302 49.018543
    vertex   17.656549 18.832771 48.938297
    vertex   17.950777 18.849663 48.947514
  endloop
endfacet
  facet normal 0.363973 0.160431 0.917489
  outer loop
    vertex   20.269884 19.149454 49.031075
    vertex   20.472572 18.933207 48.988480
    vertex   20.612644 19.092819 48.905003
  endloop
endfacet
  facet normal -0.061147 -0.244047 0.967834
  outer loop
    vertex   17.656549 18.832771 48.938297
    vertex   17.747173 19.128302 49.018543
    vertex   17.424398 19.139479 49.000969
  endloop
endfacet
  facet normal 0.100316 -0.156689 0.982540
  outer loop
    vertex   19.378799 19.073469 49.055828
    vertex   19.789057 18.846209 48.977699
    vertex   19.627003 19.189270 49.048954
  endloop
endfacet
  facet normal 0.053769 -0.178656 0.982441
  outer loop
    vertex   19.627003 19.189270 49.048954
    vertex   19.789057 18.846209 48.977699
    vertex   19.928398 19.055187 49.008076
  endloop
endfacet
  facet normal -0.002948 -0.264197 0.964464
  outer loop
    vertex   17.220802 18.974010 48.947723
    vertex   17.078817 19.234015 49.018513
    vertex   16.989075 18.936699 48.936794
  endloop
endfacet
  facet normal 0.012506 -0.238407 0.971085
  outer loop
    vertex   17.747173 19.128302 49.018543
    vertex   17.950777 18.849663 48.947514
    vertex   18.098763 19.126919 49.013676
  endloop
endfacet
  facet normal -0.018477 -0.247317 0.968758
  outer loop
    vertex   15.891856 19.307529 49.017609
    vertex   15.859184 19.044981 48.949959
    vertex   16.282104 19.104998 48.973347
  endloop
endfacet
  facet normal -0.084805 -0.240190 0.967014
  outer loop
    vertex   16.989075 18.936699 48.936794
    vertex   17.078817 19.234015 49.018513
    vertex   16.790146 19.256136 48.998692
  endloop
endfacet
  facet normal -0.026783 -0.276196 0.960728
  outer loop
    vertex   17.220802 18.974010 48.947723
    vertex   17.424398 19.139479 49.000969
    vertex   17.078817 19.234015 49.018513
  endloop
endfacet
  facet normal 0.104754 -0.067038 0.992236
  outer loop
    vertex   19.627003 19.189270 49.048954
    vertex   19.928398 19.055187 49.008076
    vertex   19.808929 19.378635 49.042542
  endloop
endfacet
  facet normal 0.021884 -0.318762 0.947582
  outer loop
    vertex   14.878608 19.002031 48.915733
    vertex   14.921813 19.276226 49.006973
    vertex   14.713180 19.141541 48.966484
  endloop
endfacet
  facet normal -0.012343 -0.299032 0.954163
  outer loop
    vertex   15.438801 18.954388 48.903049
    vertex   15.428671 19.300529 49.011398
    vertex   15.185579 19.066416 48.934883
  endloop
endfacet
  facet normal -0.094088 -0.299907 0.949317
  outer loop
    vertex   15.428671 19.300529 49.011398
    vertex   15.438801 18.954388 48.903049
    vertex   15.607594 19.096552 48.964691
  endloop
endfacet
  facet normal -0.009551 -0.231148 0.972872
  outer loop
    vertex   15.607594 19.096552 48.964691
    vertex   15.891856 19.307529 49.017609
    vertex   15.428671 19.300529 49.011398
  endloop
endfacet
  facet normal 0.005420 -0.250145 0.968193
  outer loop
    vertex   15.891856 19.307529 49.017609
    vertex   15.607594 19.096552 48.964691
    vertex   15.859184 19.044981 48.949959
  endloop
endfacet
  facet normal 0.048839 -0.269098 0.961874
  outer loop
    vertex   15.133184 19.379807 49.025219
    vertex   14.921813 19.276226 49.006973
    vertex   15.185579 19.066416 48.934883
  endloop
endfacet
  facet normal 0.027766 -0.239288 0.970551
  outer loop
    vertex   16.675629 18.997858 48.938290
    vertex   16.790146 19.256136 48.998692
    vertex   16.499556 19.258514 49.007591
  endloop
endfacet
  facet normal -0.030689 -0.281579 0.959047
  outer loop
    vertex   15.185579 19.066416 48.934883
    vertex   15.428671 19.300529 49.011398
    vertex   15.133184 19.379807 49.025219
  endloop
endfacet
  facet normal 0.020459 -0.175677 0.984235
  outer loop
    vertex   15.891856 19.307529 49.017609
    vertex   16.282104 19.104998 48.973347
    vertex   16.320894 19.432680 49.031029
  endloop
endfacet
  facet normal -0.000002 -0.266992 0.963699
  outer loop
    vertex   13.928250 19.106998 48.917492
    vertex   13.980804 19.442369 49.010406
    vertex   13.719563 19.320034 48.976513
  endloop
endfacet
  facet normal -0.211121 -0.296906 0.931276
  outer loop
    vertex   13.203531 19.282337 48.947170
    vertex   13.171406 19.522469 49.016445
    vertex   12.960315 19.386230 48.925156
  endloop
endfacet
  facet normal -0.051579 -0.283179 0.957679
  outer loop
    vertex   13.203531 19.282337 48.947170
    vertex   13.463821 19.341656 48.978729
    vertex   13.171406 19.522469 49.016445
  endloop
endfacet
  facet normal -0.012158 -0.243226 0.969894
  outer loop
    vertex   13.720609 19.651138 49.059559
    vertex   13.463821 19.341656 48.978729
    vertex   13.719563 19.320034 48.976513
  endloop
endfacet
  facet normal -0.011935 -0.243227 0.969896
  outer loop
    vertex   13.720609 19.651138 49.059559
    vertex   13.719563 19.320034 48.976513
    vertex   13.980804 19.442369 49.010406
  endloop
endfacet
  facet normal -0.317664 -0.136545 0.938320
  outer loop
    vertex   12.911164 19.629156 48.943867
    vertex   12.960315 19.386230 48.925156
    vertex   13.171406 19.522469 49.016445
  endloop
endfacet
  facet normal -0.331026 -0.176913 0.926889
  outer loop
    vertex   13.171406 19.522469 49.016445
    vertex   13.117232 19.768972 49.044147
    vertex   12.911164 19.629156 48.943867
  endloop
endfacet
  facet normal -0.835712 -0.128495 0.533924
  outer loop
    vertex   12.729729 20.241856 48.850594
    vertex   12.833060 19.936972 48.938957
    vertex   12.864360 20.143736 49.037708
  endloop
endfacet
  facet normal 0.517216 0.277103 0.809754
  outer loop
    vertex   20.374428 20.060925 49.010181
    vertex   20.457272 20.283689 48.881035
    vertex   20.243195 20.294380 49.014114
  endloop
endfacet
  facet normal 0.529072 0.087385 0.844066
  outer loop
    vertex   20.367371 20.487604 48.916275
    vertex   20.243195 20.294380 49.014114
    vertex   20.457272 20.283689 48.881035
  endloop
endfacet
  facet normal 0.132524 0.259463 0.956617
  outer loop
    vertex   19.852123 20.346712 49.025406
    vertex   19.978386 20.563427 48.949135
    vertex   19.663120 20.486650 49.013634
  endloop
endfacet
  facet normal 0.008914 0.204172 0.978894
  outer loop
    vertex   19.224714 20.801952 48.961647
    vertex   19.137455 20.547333 49.015549
    vertex   19.398666 20.480968 49.027012
  endloop
endfacet
  facet normal 0.016555 0.136295 0.990530
  outer loop
    vertex   17.325680 20.386335 49.035866
    vertex   17.345821 20.760180 48.984089
    vertex   17.122715 20.648495 49.003185
  endloop
endfacet
  facet normal 0.031693 0.174269 0.984188
  outer loop
    vertex   18.326031 20.428226 49.030338
    vertex   18.374725 20.836950 48.956398
    vertex   18.122051 20.619596 49.003021
  endloop
endfacet
  facet normal 0.051962 0.272645 0.960710
  outer loop
    vertex   19.137455 20.547333 49.015549
    vertex   18.969168 20.915220 48.920246
    vertex   18.717878 20.659719 49.006348
  endloop
endfacet
  facet normal 0.042125 0.290304 0.956007
  outer loop
    vertex   19.597830 20.803020 48.920441
    vertex   19.398666 20.480968 49.027012
    vertex   19.663120 20.486650 49.013634
  endloop
endfacet
  facet normal -0.005018 0.163965 0.986453
  outer loop
    vertex   16.859283 20.877853 48.975861
    vertex   16.705349 20.534605 49.032131
    vertex   16.922718 20.478580 49.042549
  endloop
endfacet
  facet normal 0.047613 0.171911 0.983961
  outer loop
    vertex   16.859283 20.877853 48.975861
    vertex   16.922718 20.478580 49.042549
    vertex   17.122715 20.648495 49.003185
  endloop
endfacet
  facet normal 0.105484 0.253005 0.961697
  outer loop
    vertex   19.398666 20.480968 49.027012
    vertex   19.597830 20.803020 48.920441
    vertex   19.224714 20.801952 48.961647
  endloop
endfacet
  facet normal -0.045754 0.222671 0.973819
  outer loop
    vertex   17.806774 20.822382 48.978348
    vertex   17.604174 20.569595 49.026630
    vertex   17.847675 20.617811 49.027046
  endloop
endfacet
  facet normal -0.030078 0.174824 0.984140
  outer loop
    vertex   16.705349 20.534605 49.032131
    vertex   16.859283 20.877853 48.975861
    vertex   16.528803 20.885181 48.964458
  endloop
endfacet
  facet normal -0.004543 0.263105 0.964756
  outer loop
    vertex   18.717878 20.659719 49.006348
    vertex   18.671625 20.924772 48.933846
    vertex   18.374725 20.836950 48.956398
  endloop
endfacet
  facet normal -0.057561 0.225603 0.972517
  outer loop
    vertex   19.137455 20.547333 49.015549
    vertex   19.224714 20.801952 48.961647
    vertex   18.969168 20.915220 48.920246
  endloop
endfacet
  facet normal 0.025277 0.250303 0.967838
  outer loop
    vertex   17.567030 21.057816 48.901337
    vertex   17.345821 20.760180 48.984089
    vertex   17.604174 20.569595 49.026630
  endloop
endfacet
  facet normal -0.072351 0.242759 0.967385
  outer loop
    vertex   17.567030 21.057816 48.901337
    vertex   17.604174 20.569595 49.026630
    vertex   17.806774 20.822382 48.978348
  endloop
endfacet
  facet normal 0.123190 0.295704 0.947303
  outer loop
    vertex   16.235458 21.038050 48.954887
    vertex   16.251278 20.818247 49.021442
    vertex   16.528803 20.885181 48.964458
  endloop
endfacet
  facet normal 0.052386 0.292854 0.954721
  outer loop
    vertex   16.235458 21.038050 48.954887
    vertex   16.003929 20.865589 49.020493
    vertex   16.251278 20.818247 49.021442
  endloop
endfacet
  facet normal 0.054180 0.238662 0.969590
  outer loop
    vertex   15.241180 20.866142 49.046555
    vertex   15.058973 21.157297 48.985069
    vertex   15.044718 20.943985 49.038372
  endloop
endfacet
  facet normal 0.016823 0.216659 0.976102
  outer loop
    vertex   15.241180 20.866142 49.046555
    vertex   15.409341 21.052324 49.002331
    vertex   15.058973 21.157297 48.985069
  endloop
endfacet
  facet normal 0.083701 0.248314 0.965057
  outer loop
    vertex   15.957713 21.093485 48.965862
    vertex   15.712881 21.027578 49.004055
    vertex   16.003929 20.865589 49.020493
  endloop
endfacet
  facet normal 0.087813 0.249017 0.964510
  outer loop
    vertex   16.235458 21.038050 48.954887
    vertex   15.957713 21.093485 48.965862
    vertex   16.003929 20.865589 49.020493
  endloop
endfacet
  facet normal 0.080047 0.187529 0.978992
  outer loop
    vertex   13.842199 21.046412 49.034119
    vertex   13.923320 21.332569 48.972672
    vertex   13.646277 21.217247 49.017414
  endloop
endfacet
  facet normal 0.002518 0.209263 0.977856
  outer loop
    vertex   13.923320 21.332569 48.972672
    vertex   13.842199 21.046412 49.034119
    vertex   14.063746 21.089254 49.024380
  endloop
endfacet
  facet normal 0.018499 0.222049 0.974860
  outer loop
    vertex   15.058973 21.157297 48.985069
    vertex   15.409341 21.052324 49.002331
    vertex   15.332305 21.247355 48.959370
  endloop
endfacet
  facet normal 0.068526 0.240356 0.968263
  outer loop
    vertex   15.409341 21.052324 49.002331
    vertex   15.634426 21.288538 48.927765
    vertex   15.332305 21.247355 48.959370
  endloop
endfacet
  facet normal 0.017831 0.285490 0.958216
  outer loop
    vertex   15.634426 21.288538 48.927765
    vertex   15.409341 21.052324 49.002331
    vertex   15.712881 21.027578 49.004055
  endloop
endfacet
  facet normal -0.017001 0.198446 0.979964
  outer loop
    vertex   14.063746 21.089254 49.024380
    vertex   14.201398 21.395895 48.964672
    vertex   13.923320 21.332569 48.972672
  endloop
endfacet
  facet normal -0.080100 0.225036 0.971052
  outer loop
    vertex   14.201398 21.395895 48.964672
    vertex   14.063746 21.089254 49.024380
    vertex   14.313605 21.183260 49.023205
  endloop
endfacet
  facet normal 0.070042 0.240807 0.968042
  outer loop
    vertex   13.031440 21.147011 49.039913
    vertex   13.245512 21.335611 48.977509
    vertex   12.971550 21.415297 48.977509
  endloop
endfacet
  facet normal 0.095940 0.252046 0.962948
  outer loop
    vertex   13.646277 21.217247 49.017414
    vertex   13.732683 21.520145 48.929523
    vertex   13.511368 21.381330 48.987907
  endloop
endfacet
  facet normal 0.044482 0.266671 0.962761
  outer loop
    vertex   13.923320 21.332569 48.972672
    vertex   13.732683 21.520145 48.929523
    vertex   13.646277 21.217247 49.017414
  endloop
endfacet
  facet normal -0.270620 0.148986 0.951088
  outer loop
    vertex   12.823590 21.260042 49.029099
    vertex   12.724832 21.556007 48.954636
    vertex   12.519614 21.310707 48.934669
  endloop
endfacet
  facet normal 0.060401 0.262453 0.963053
  outer loop
    vertex   12.724832 21.556007 48.954636
    vertex   12.823590 21.260042 49.029099
    vertex   12.971550 21.415297 48.977509
  endloop
endfacet
  facet normal -0.155054 0.049408 0.986670
  outer loop
    vertex   12.519614 21.310707 48.934669
    vertex   12.724832 21.556007 48.954636
    vertex   12.480947 21.542067 48.917007
  endloop
endfacet
  facet normal 0.025489 -0.238996 0.970686
  outer loop
    vertex   19.378799 19.073469 49.055828
    vertex   19.040684 18.792582 48.995548
    vertex   19.430944 18.754923 48.976028
  endloop
endfacet
  facet normal -0.049979 -0.238079 0.969959
  outer loop
    vertex   18.795719 19.031126 49.041477
    vertex   18.652405 18.800161 48.977402
    vertex   19.040684 18.792582 48.995548
  endloop
endfacet
  facet normal 0.055153 -0.234129 0.970640
  outer loop
    vertex   19.789057 18.846209 48.977699
    vertex   19.378799 19.073469 49.055828
    vertex   19.430944 18.754923 48.976028
  endloop
endfacet
  facet normal -0.070361 -0.239016 0.968463
  outer loop
    vertex   18.652405 18.800161 48.977402
    vertex   18.437778 19.134098 49.044224
    vertex   18.279495 18.814802 48.953922
  endloop
endfacet
  facet normal -0.059422 -0.232451 0.970791
  outer loop
    vertex   18.437778 19.134098 49.044224
    vertex   18.652405 18.800161 48.977402
    vertex   18.795719 19.031126 49.041477
  endloop
endfacet
  facet normal -0.026742 -0.178876 0.983508
  outer loop
    vertex   19.132244 19.146509 49.062408
    vertex   19.040684 18.792582 48.995548
    vertex   19.378799 19.073469 49.055828
  endloop
endfacet
  facet normal 0.002773 -0.186318 0.982486
  outer loop
    vertex   18.795719 19.031126 49.041477
    vertex   19.040684 18.792582 48.995548
    vertex   19.132244 19.146509 49.062408
  endloop
endfacet
  facet normal -0.082371 -0.233196 0.968935
  outer loop
    vertex   18.279495 18.814802 48.953922
    vertex   18.437778 19.134098 49.044224
    vertex   18.098763 19.126919 49.013676
  endloop
endfacet
  facet normal -0.025460 -0.114988 0.993041
  outer loop
    vertex   18.795719 19.031126 49.041477
    vertex   18.715237 19.260479 49.065971
    vertex   18.437778 19.134098 49.044224
  endloop
endfacet
  facet normal 0.012963 -0.171626 0.985077
  outer loop
    vertex   18.098763 19.126919 49.013676
    vertex   18.041780 19.413820 49.064411
    vertex   17.747173 19.128302 49.018543
  endloop
endfacet
  facet normal 0.289187 -0.284477 0.914026
  outer loop
    vertex   20.495302 19.337875 49.018398
    vertex   20.269884 19.149454 49.031075
    vertex   20.612644 19.092819 48.905003
  endloop
endfacet
  facet normal 0.042383 -0.090371 0.995006
  outer loop
    vertex   19.928398 19.055187 49.008076
    vertex   20.114063 19.440092 49.035126
    vertex   19.808929 19.378635 49.042542
  endloop
endfacet
  facet normal -0.086314 -0.128112 0.987997
  outer loop
    vertex   18.260813 19.490355 49.074959
    vertex   18.098763 19.126919 49.013676
    vertex   18.437778 19.134098 49.044224
  endloop
endfacet
  facet normal -0.055178 -0.043487 0.997529
  outer loop
    vertex   20.114063 19.440092 49.035126
    vertex   19.928398 19.055187 49.008076
    vertex   20.269884 19.149454 49.031075
  endloop
endfacet
  facet normal -0.035690 -0.169155 0.984943
  outer loop
    vertex   16.320894 19.432680 49.031029
    vertex   16.282104 19.104998 48.973347
    vertex   16.499556 19.258514 49.007591
  endloop
endfacet
  facet normal -0.057538 -0.099696 0.993353
  outer loop
    vertex   17.499598 19.483391 49.039841
    vertex   17.424398 19.139479 49.000969
    vertex   17.747173 19.128302 49.018543
  endloop
endfacet
  facet normal -0.009119 -0.066201 0.997765
  outer loop
    vertex   17.747173 19.128302 49.018543
    vertex   17.743404 19.543179 49.046036
    vertex   17.499598 19.483391 49.039841
  endloop
endfacet
  facet normal -0.022844 -0.243683 0.969586
  outer loop
    vertex   14.713180 19.141541 48.966484
    vertex   14.688078 19.424524 49.037014
    vertex   14.409725 19.221851 48.979519
  endloop
endfacet
  facet normal -0.030409 -0.244265 0.969231
  outer loop
    vertex   14.713180 19.141541 48.966484
    vertex   14.921813 19.276226 49.006973
    vertex   14.688078 19.424524 49.037014
  endloop
endfacet
  facet normal -0.010544 -0.175637 0.984399
  outer loop
    vertex   15.603422 19.528387 49.053925
    vertex   15.428671 19.300529 49.011398
    vertex   15.891856 19.307529 49.017609
  endloop
endfacet
  facet normal -0.069302 -0.010543 0.997540
  outer loop
    vertex   16.790146 19.256136 48.998692
    vertex   17.078817 19.234015 49.018513
    vertex   16.980049 19.475040 49.014198
  endloop
endfacet
  facet normal -0.033376 0.004213 0.999434
  outer loop
    vertex   17.078817 19.234015 49.018513
    vertex   17.245729 19.521059 49.022877
    vertex   16.980049 19.475040 49.014198
  endloop
endfacet
  facet normal 0.040149 -0.038525 0.998451
  outer loop
    vertex   17.245729 19.521059 49.022877
    vertex   17.078817 19.234015 49.018513
    vertex   17.424398 19.139479 49.000969
  endloop
endfacet
  facet normal 0.046823 0.011181 0.998841
  outer loop
    vertex   20.269884 19.149454 49.031075
    vertex   20.495302 19.337875 49.018398
    vertex   20.114063 19.440092 49.035126
  endloop
endfacet
  facet normal 0.010414 -0.141841 0.989835
  outer loop
    vertex   15.985365 19.532925 49.048923
    vertex   15.891856 19.307529 49.017609
    vertex   16.320894 19.432680 49.031029
  endloop
endfacet
  facet normal -0.080340 -0.094587 0.992269
  outer loop
    vertex   17.245729 19.521059 49.022877
    vertex   17.424398 19.139479 49.000969
    vertex   17.499598 19.483391 49.039841
  endloop
endfacet
  facet normal -0.044824 -0.223563 0.973658
  outer loop
    vertex   14.342255 19.511183 49.042847
    vertex   13.980804 19.442369 49.010406
    vertex   14.409725 19.221851 48.979519
  endloop
endfacet
  facet normal -0.039296 -0.222386 0.974167
  outer loop
    vertex   14.409725 19.221851 48.979519
    vertex   14.688078 19.424524 49.037014
    vertex   14.342255 19.511183 49.042847
  endloop
endfacet
  facet normal -0.005520 -0.206884 0.978350
  outer loop
    vertex   14.921813 19.276226 49.006973
    vertex   14.957087 19.623558 49.080620
    vertex   14.688078 19.424524 49.037014
  endloop
endfacet
  facet normal 0.018094 -0.209148 0.977717
  outer loop
    vertex   14.957087 19.623558 49.080620
    vertex   14.921813 19.276226 49.006973
    vertex   15.133184 19.379807 49.025219
  endloop
endfacet
  facet normal 0.014662 -0.143562 0.989533
  outer loop
    vertex   15.891856 19.307529 49.017609
    vertex   15.985365 19.532925 49.048923
    vertex   15.603422 19.528387 49.053925
  endloop
endfacet
  facet normal 0.008464 -0.124830 0.992142
  outer loop
    vertex   16.499556 19.258514 49.007591
    vertex   16.668110 19.530111 49.040325
    vertex   16.320894 19.432680 49.031029
  endloop
endfacet
  facet normal 0.029197 -0.137448 0.990079
  outer loop
    vertex   16.668110 19.530111 49.040325
    vertex   16.499556 19.258514 49.007591
    vertex   16.790146 19.256136 48.998692
  endloop
endfacet
  facet normal 0.061199 -0.123256 0.990486
  outer loop
    vertex   16.668110 19.530111 49.040325
    vertex   16.790146 19.256136 48.998692
    vertex   16.980049 19.475040 49.014198
  endloop
endfacet
  facet normal 0.015305 -0.105627 0.994288
  outer loop
    vertex   20.297552 19.556774 49.044697
    vertex   20.114063 19.440092 49.035126
    vertex   20.495302 19.337875 49.018398
  endloop
endfacet
  facet normal 0.000704 -0.221148 0.975240
  outer loop
    vertex   15.133184 19.379807 49.025219
    vertex   15.285168 19.637724 49.083595
    vertex   14.957087 19.623558 49.080620
  endloop
endfacet
  facet normal -0.011767 -0.214137 0.976733
  outer loop
    vertex   15.285168 19.637724 49.083595
    vertex   15.133184 19.379807 49.025219
    vertex   15.428671 19.300529 49.011398
  endloop
endfacet
  facet normal 0.022568 -0.200119 0.979511
  outer loop
    vertex   15.428671 19.300529 49.011398
    vertex   15.603422 19.528387 49.053925
    vertex   15.285168 19.637724 49.083595
  endloop
endfacet
  facet normal -0.033476 -0.255676 0.966183
  outer loop
    vertex   13.463821 19.341656 48.978729
    vertex   13.452168 19.649208 49.059711
    vertex   13.171406 19.522469 49.016445
  endloop
endfacet
  facet normal -0.028227 -0.178837 0.983474
  outer loop
    vertex   14.688078 19.424524 49.037014
    vertex   14.714512 19.740351 49.095203
    vertex   14.342255 19.511183 49.042847
  endloop
endfacet
  facet normal -0.045184 0.037583 0.998271
  outer loop
    vertex   18.041780 19.413820 49.064411
    vertex   18.023397 19.630238 49.055431
    vertex   17.743404 19.543179 49.046036
  endloop
endfacet
  facet normal 0.022150 0.010655 0.999698
  outer loop
    vertex   20.114063 19.440092 49.035126
    vertex   19.999876 19.648125 49.035439
    vertex   19.808929 19.378635 49.042542
  endloop
endfacet
  facet normal 0.002380 -0.254548 0.967057
  outer loop
    vertex   13.452168 19.649208 49.059711
    vertex   13.463821 19.341656 48.978729
    vertex   13.720609 19.651138 49.059559
  endloop
endfacet
  facet normal 0.039923 -0.181577 0.982566
  outer loop
    vertex   13.720609 19.651138 49.059559
    vertex   13.980804 19.442369 49.010406
    vertex   14.001804 19.686831 49.054729
  endloop
endfacet
  facet normal -0.055212 -0.173534 0.983279
  outer loop
    vertex   14.001804 19.686831 49.054729
    vertex   13.980804 19.442369 49.010406
    vertex   14.342255 19.511183 49.042847
  endloop
endfacet
  facet normal 0.062224 -0.064892 0.995950
  outer loop
    vertex   16.668110 19.530111 49.040325
    vertex   16.958157 19.742952 49.036072
    vertex   16.745844 19.829821 49.054996
  endloop
endfacet
  facet normal 0.069984 -0.075492 0.994688
  outer loop
    vertex   16.958157 19.742952 49.036072
    vertex   16.668110 19.530111 49.040325
    vertex   16.980049 19.475040 49.014198
  endloop
endfacet
  facet normal 0.014422 -0.119864 0.992686
  outer loop
    vertex   15.603422 19.528387 49.053925
    vertex   15.985365 19.532925 49.048923
    vertex   15.703183 19.770414 49.081699
  endloop
endfacet
  facet normal 0.028323 -0.128561 0.991297
  outer loop
    vertex   16.320894 19.432680 49.031029
    vertex   16.482594 19.724560 49.064262
    vertex   16.268362 19.749250 49.073586
  endloop
endfacet
  facet normal 0.006087 -0.116456 0.993177
  outer loop
    vertex   16.482594 19.724560 49.064262
    vertex   16.320894 19.432680 49.031029
    vertex   16.668110 19.530111 49.040325
  endloop
endfacet
  facet normal -0.071776 -0.034826 0.996813
  outer loop
    vertex   17.274469 19.855663 49.036636
    vertex   17.245729 19.521059 49.022877
    vertex   17.499598 19.483391 49.039841
  endloop
endfacet
  facet normal -0.001687 -0.002430 0.999996
  outer loop
    vertex   20.184446 19.801029 49.036121
    vertex   19.999876 19.648125 49.035439
    vertex   20.114063 19.440092 49.035126
  endloop
endfacet
  facet normal -0.057446 0.008448 0.998313
  outer loop
    vertex   20.184446 19.801029 49.036121
    vertex   20.114063 19.440092 49.035126
    vertex   20.297552 19.556774 49.044697
  endloop
endfacet
  facet normal 0.026442 -0.079198 0.996508
  outer loop
    vertex   16.980049 19.475040 49.014198
    vertex   17.274469 19.855663 49.036636
    vertex   16.958157 19.742952 49.036072
  endloop
endfacet
  facet normal -0.025900 -0.038853 0.998909
  outer loop
    vertex   17.274469 19.855663 49.036636
    vertex   16.980049 19.475040 49.014198
    vertex   17.245729 19.521059 49.022877
  endloop
endfacet
  facet normal -0.013212 0.000617 0.999913
  outer loop
    vertex   17.499598 19.483391 49.039841
    vertex   17.564531 19.860092 49.040466
    vertex   17.274469 19.855663 49.036636
  endloop
endfacet
  facet normal -0.026097 0.002838 0.999655
  outer loop
    vertex   17.564531 19.860092 49.040466
    vertex   17.499598 19.483391 49.039841
    vertex   17.743404 19.543179 49.046036
  endloop
endfacet
  facet normal -0.052456 0.061135 0.996750
  outer loop
    vertex   18.023397 19.630238 49.055431
    vertex   17.880188 19.816780 49.036453
    vertex   17.743404 19.543179 49.046036
  endloop
endfacet
  facet normal 0.080289 -0.030629 0.996301
  outer loop
    vertex   19.849606 19.863216 49.054161
    vertex   19.808929 19.378635 49.042542
    vertex   19.999876 19.648125 49.035439
  endloop
endfacet
  facet normal 0.016386 0.026814 0.999506
  outer loop
    vertex   17.743404 19.543179 49.046036
    vertex   17.880188 19.816780 49.036453
    vertex   17.564531 19.860092 49.040466
  endloop
endfacet
  facet normal 0.182277 0.118674 0.976059
  outer loop
    vertex   20.184446 19.801029 49.036121
    vertex   20.297552 19.556774 49.044697
    vertex   20.519461 19.675762 48.988789
  endloop
endfacet
  facet normal 0.138907 -0.002698 0.990302
  outer loop
    vertex   20.519461 19.675762 48.988789
    vertex   20.374428 20.060925 49.010181
    vertex   20.184446 19.801029 49.036121
  endloop
endfacet
  facet normal 0.003680 -0.065632 0.997837
  outer loop
    vertex   17.880188 19.816780 49.036453
    vertex   17.738960 19.981228 49.047791
    vertex   17.564531 19.860092 49.040466
  endloop
endfacet
  facet normal -0.078947 0.040726 0.996047
  outer loop
    vertex   18.023397 19.630238 49.055431
    vertex   18.104227 19.998989 49.046761
    vertex   17.880188 19.816780 49.036453
  endloop
endfacet
  facet normal 0.043222 -0.056627 0.997459
  outer loop
    vertex   19.849606 19.863216 49.054161
    vertex   19.999876 19.648125 49.035439
    vertex   20.184446 19.801029 49.036121
  endloop
endfacet
  facet normal -0.389285 -0.084146 0.917266
  outer loop
    vertex   12.833060 19.936972 48.938957
    vertex   12.911164 19.629156 48.943867
    vertex   13.117232 19.768972 49.044147
  endloop
endfacet
  facet normal 0.090105 -0.060837 0.994072
  outer loop
    vertex   16.003391 19.761873 49.060234
    vertex   16.089401 19.975220 49.065495
    vertex   15.690197 20.053530 49.106472
  endloop
endfacet
  facet normal 0.073797 -0.036749 0.996596
  outer loop
    vertex   16.958157 19.742952 49.036072
    vertex   17.085632 20.071980 49.038765
    vertex   16.745844 19.829821 49.054996
  endloop
endfacet
  facet normal 0.001313 -0.008694 0.999961
  outer loop
    vertex   17.085632 20.071980 49.038765
    vertex   16.958157 19.742952 49.036072
    vertex   17.274469 19.855663 49.036636
  endloop
endfacet
  facet normal -0.414900 -0.138773 0.899222
  outer loop
    vertex   13.117232 19.768972 49.044147
    vertex   13.075385 20.026726 49.064617
    vertex   12.833060 19.936972 48.938957
  endloop
endfacet
  facet normal 0.006430 -0.063279 0.997975
  outer loop
    vertex   17.880188 19.816780 49.036453
    vertex   17.988205 20.195162 49.059750
    vertex   17.738960 19.981228 49.047791
  endloop
endfacet
  facet normal 0.005285 -0.062954 0.998002
  outer loop
    vertex   17.988205 20.195162 49.059750
    vertex   17.880188 19.816780 49.036453
    vertex   18.104227 19.998989 49.046761
  endloop
endfacet
  facet normal -0.024729 0.093477 0.995314
  outer loop
    vertex   18.104227 19.998989 49.046761
    vertex   18.259501 19.806677 49.068680
    vertex   18.358595 20.067905 49.046608
  endloop
endfacet
  facet normal 0.060070 0.034047 0.997613
  outer loop
    vertex   20.010376 20.154421 49.034542
    vertex   19.849606 19.863216 49.054161
    vertex   20.184446 19.801029 49.036121
  endloop
endfacet
  facet normal -0.316269 -0.369442 0.873777
  outer loop
    vertex   12.833060 19.936972 48.938957
    vertex   13.075385 20.026726 49.064617
    vertex   12.864360 20.143736 49.037708
  endloop
endfacet
  facet normal 0.035499 0.017165 0.999222
  outer loop
    vertex   16.741796 20.157732 49.049507
    vertex   16.745844 19.829821 49.054996
    vertex   17.085632 20.071980 49.038765
  endloop
endfacet
  facet normal -0.012884 -0.020680 0.999703
  outer loop
    vertex   17.510838 20.157059 49.045918
    vertex   17.274469 19.855663 49.036636
    vertex   17.564531 19.860092 49.040466
  endloop
endfacet
  facet normal -0.025964 -0.023040 0.999397
  outer loop
    vertex   17.510838 20.157059 49.045918
    vertex   17.564531 19.860092 49.040466
    vertex   17.738960 19.981228 49.047791
  endloop
endfacet
  facet normal -0.094014 0.041864 0.994690
  outer loop
    vertex   18.500076 19.751440 49.073299
    vertex   18.578218 20.109468 49.065617
    vertex   18.358595 20.067905 49.046608
  endloop
endfacet
  facet normal 0.092268 0.016136 0.995603
  outer loop
    vertex   19.630768 20.180853 49.069294
    vertex   19.849606 19.863216 49.054161
    vertex   20.010376 20.154421 49.034542
  endloop
endfacet
  facet normal 0.011647 0.000328 0.999932
  outer loop
    vertex   17.274469 19.855663 49.036636
    vertex   17.325680 20.386335 49.035866
    vertex   17.085632 20.071980 49.038765
  endloop
endfacet
  facet normal -0.046834 0.005970 0.998885
  outer loop
    vertex   17.325680 20.386335 49.035866
    vertex   17.274469 19.855663 49.036636
    vertex   17.510838 20.157059 49.045918
  endloop
endfacet
  facet normal 0.077614 0.042682 0.996069
  outer loop
    vertex   20.184446 19.801029 49.036121
    vertex   20.374428 20.060925 49.010181
    vertex   20.010376 20.154421 49.034542
  endloop
endfacet
  facet normal -0.098167 0.064549 0.993074
  outer loop
    vertex   18.550694 20.351837 49.047142
    vertex   18.358595 20.067905 49.046608
    vertex   18.578218 20.109468 49.065617
  endloop
endfacet
  facet normal 0.072933 0.024201 0.997043
  outer loop
    vertex   20.374428 20.060925 49.010181
    vertex   20.243195 20.294380 49.014114
    vertex   20.010376 20.154421 49.034542
  endloop
endfacet
  facet normal 0.093853 -0.010409 0.995532
  outer loop
    vertex   18.104227 19.998989 49.046761
    vertex   18.326031 20.428226 49.030338
    vertex   17.988205 20.195162 49.059750
  endloop
endfacet
  facet normal -0.011344 0.044081 0.998964
  outer loop
    vertex   18.326031 20.428226 49.030338
    vertex   18.104227 19.998989 49.046761
    vertex   18.358595 20.067905 49.046608
  endloop
endfacet
  facet normal 0.032115 0.003566 0.999478
  outer loop
    vertex   16.922718 20.478580 49.042549
    vertex   16.741796 20.157732 49.049507
    vertex   17.085632 20.071980 49.038765
  endloop
endfacet
  facet normal -0.061164 0.039506 0.997346
  outer loop
    vertex   18.326031 20.428226 49.030338
    vertex   18.358595 20.067905 49.046608
    vertex   18.550694 20.351837 49.047142
  endloop
endfacet
  facet normal 0.099284 0.128591 0.986715
  outer loop
    vertex   19.852123 20.346712 49.025406
    vertex   19.630768 20.180853 49.069294
    vertex   20.010376 20.154421 49.034542
  endloop
endfacet
  facet normal 0.026195 0.048569 0.998476
  outer loop
    vertex   16.741796 20.157732 49.049507
    vertex   16.705349 20.534605 49.032131
    vertex   16.474501 20.280409 49.050552
  endloop
endfacet
  facet normal -0.036907 0.042463 0.998416
  outer loop
    vertex   16.741796 20.157732 49.049507
    vertex   16.922718 20.478580 49.042549
    vertex   16.705349 20.534605 49.032131
  endloop
endfacet
  facet normal 0.206703 0.215459 0.954385
  outer loop
    vertex   20.010376 20.154421 49.034542
    vertex   19.978386 20.563427 48.949135
    vertex   19.852123 20.346712 49.025406
  endloop
endfacet
  facet normal -0.035328 0.201632 0.978824
  outer loop
    vertex   20.010376 20.154421 49.034542
    vertex   20.243195 20.294380 49.014114
    vertex   19.978386 20.563427 48.949135
  endloop
endfacet
  facet normal 0.046507 0.051425 0.997593
  outer loop
    vertex   16.264458 20.497299 49.049164
    vertex   16.277149 20.207577 49.063507
    vertex   16.474501 20.280409 49.050552
  endloop
endfacet
  facet normal 0.042407 0.047457 0.997973
  outer loop
    vertex   16.474501 20.280409 49.050552
    vertex   16.469250 20.564905 49.037247
    vertex   16.264458 20.497299 49.049164
  endloop
endfacet
  facet normal 0.027693 0.047210 0.998501
  outer loop
    vertex   16.474501 20.280409 49.050552
    vertex   16.705349 20.534605 49.032131
    vertex   16.469250 20.564905 49.037247
  endloop
endfacet
  facet normal -0.006520 0.134495 0.990893
  outer loop
    vertex   18.122051 20.619596 49.003021
    vertex   17.988205 20.195162 49.059750
    vertex   18.326031 20.428226 49.030338
  endloop
endfacet
  facet normal -0.013920 0.138194 0.990307
  outer loop
    vertex   18.886383 20.217943 49.070545
    vertex   18.858383 20.452320 49.037445
    vertex   18.550694 20.351837 49.047142
  endloop
endfacet
  facet normal 0.150788 0.051228 0.987238
  outer loop
    vertex   17.085632 20.071980 49.038765
    vertex   17.122715 20.648495 49.003185
    vertex   16.922718 20.478580 49.042549
  endloop
endfacet
  facet normal -0.074690 0.066211 0.995006
  outer loop
    vertex   17.122715 20.648495 49.003185
    vertex   17.085632 20.071980 49.038765
    vertex   17.325680 20.386335 49.035866
  endloop
endfacet
  facet normal 0.002813 0.046066 0.998934
  outer loop
    vertex   17.510838 20.157059 49.045918
    vertex   17.604174 20.569595 49.026630
    vertex   17.325680 20.386335 49.035866
  endloop
endfacet
  facet normal -0.096761 0.068315 0.992960
  outer loop
    vertex   17.831236 20.360746 49.063126
    vertex   17.604174 20.569595 49.026630
    vertex   17.510838 20.157059 49.045918
  endloop
endfacet
  facet normal 0.028879 0.143162 0.989278
  outer loop
    vertex   18.886383 20.217943 49.070545
    vertex   19.137455 20.547333 49.015549
    vertex   18.858383 20.452320 49.037445
  endloop
endfacet
  facet normal 0.046018 0.174170 0.983640
  outer loop
    vertex   19.663120 20.486650 49.013634
    vertex   19.398666 20.480968 49.027012
    vertex   19.630768 20.180853 49.069294
  endloop
endfacet
  facet normal 0.066065 0.171914 0.982894
  outer loop
    vertex   19.663120 20.486650 49.013634
    vertex   19.630768 20.180853 49.069294
    vertex   19.852123 20.346712 49.025406
  endloop
endfacet
  facet normal -0.029566 0.140782 0.989599
  outer loop
    vertex   17.831236 20.360746 49.063126
    vertex   17.847675 20.617811 49.027046
    vertex   17.604174 20.569595 49.026630
  endloop
endfacet
  facet normal 0.085593 0.133109 0.987399
  outer loop
    vertex   17.831236 20.360746 49.063126
    vertex   18.122051 20.619596 49.003021
    vertex   17.847675 20.617811 49.027046
  endloop
endfacet
  facet normal -0.014149 0.138886 0.990207
  outer loop
    vertex   18.717878 20.659719 49.006348
    vertex   18.550694 20.351837 49.047142
    vertex   18.858383 20.452320 49.037445
  endloop
endfacet
  facet normal -0.441371 0.003887 0.897316
  outer loop
    vertex   12.676369 20.748510 48.962372
    vertex   12.755715 20.407005 49.002880
    vertex   12.909121 20.651428 49.077278
  endloop
endfacet
  facet normal 0.048414 0.061451 0.996935
  outer loop
    vertex   16.042835 20.643744 49.050900
    vertex   15.898981 20.450058 49.069824
    vertex   16.264458 20.497299 49.049164
  endloop
endfacet
  facet normal -0.024836 0.144553 0.989185
  outer loop
    vertex   18.717878 20.659719 49.006348
    vertex   18.326031 20.428226 49.030338
    vertex   18.550694 20.351837 49.047142
  endloop
endfacet
  facet normal 0.021973 0.162789 0.986416
  outer loop
    vertex   18.858383 20.452320 49.037445
    vertex   19.137455 20.547333 49.015549
    vertex   18.717878 20.659719 49.006348
  endloop
endfacet
  facet normal -0.059407 0.140086 0.988355
  outer loop
    vertex   17.345821 20.760180 48.984089
    vertex   17.325680 20.386335 49.035866
    vertex   17.604174 20.569595 49.026630
  endloop
endfacet
  facet normal -0.048215 0.183368 0.981861
  outer loop
    vertex   18.374725 20.836950 48.956398
    vertex   18.326031 20.428226 49.030338
    vertex   18.717878 20.659719 49.006348
  endloop
endfacet
  facet normal 0.048452 0.212780 0.975898
  outer loop
    vertex   16.528803 20.885181 48.964458
    vertex   16.469250 20.564905 49.037247
    vertex   16.705349 20.534605 49.032131
  endloop
endfacet
  facet normal 0.082947 0.246447 0.965600
  outer loop
    vertex   18.122051 20.619596 49.003021
    vertex   17.806774 20.822382 48.978348
    vertex   17.847675 20.617811 49.027046
  endloop
endfacet
  facet normal 0.036012 0.141902 0.989225
  outer loop
    vertex   16.042835 20.643744 49.050900
    vertex   16.003929 20.865589 49.020493
    vertex   15.756004 20.800276 49.038887
  endloop
endfacet
  facet normal 0.022938 0.139706 0.989927
  outer loop
    vertex   16.042835 20.643744 49.050900
    vertex   16.251278 20.818247 49.021442
    vertex   16.003929 20.865589 49.020493
  endloop
endfacet
  facet normal 0.066307 0.088566 0.993861
  outer loop
    vertex   16.251278 20.818247 49.021442
    vertex   16.042835 20.643744 49.050900
    vertex   16.264458 20.497299 49.049164
  endloop
endfacet
  facet normal 0.029157 0.087205 0.995764
  outer loop
    vertex   16.251278 20.818247 49.021442
    vertex   16.264458 20.497299 49.049164
    vertex   16.469250 20.564905 49.037247
  endloop
endfacet
  facet normal 0.152769 0.191917 0.969448
  outer loop
    vertex   16.469250 20.564905 49.037247
    vertex   16.528803 20.885181 48.964458
    vertex   16.251278 20.818247 49.021442
  endloop
endfacet
  facet normal 0.063713 0.121339 0.990564
  outer loop
    vertex   15.644693 20.509438 49.081673
    vertex   15.756004 20.800276 49.038887
    vertex   15.447688 20.733805 49.066860
  endloop
endfacet
  facet normal 0.031797 0.157287 0.987041
  outer loop
    vertex   15.712881 21.027578 49.004055
    vertex   15.756004 20.800276 49.038887
    vertex   16.003929 20.865589 49.020493
  endloop
endfacet
  facet normal -0.492735 -0.107082 0.863566
  outer loop
    vertex   12.676369 20.748510 48.962372
    vertex   12.807670 20.976954 49.065617
    vertex   12.584497 21.060198 48.948601
  endloop
endfacet
  facet normal 0.054965 0.176960 0.982682
  outer loop
    vertex   14.679586 21.097456 49.031158
    vertex   14.765634 20.856522 49.069733
    vertex   15.044718 20.943985 49.038372
  endloop
endfacet
  facet normal 0.033407 0.202309 0.978752
  outer loop
    vertex   15.447688 20.733805 49.066860
    vertex   15.409341 21.052324 49.002331
    vertex   15.241180 20.866142 49.046555
  endloop
endfacet
  facet normal 0.010722 0.199786 0.979781
  outer loop
    vertex   15.447688 20.733805 49.066860
    vertex   15.712881 21.027578 49.004055
    vertex   15.409341 21.052324 49.002331
  endloop
endfacet
  facet normal 0.054614 0.161362 0.985383
  outer loop
    vertex   15.712881 21.027578 49.004055
    vertex   15.447688 20.733805 49.066860
    vertex   15.756004 20.800276 49.038887
  endloop
endfacet
  facet normal 0.004995 0.197027 0.980385
  outer loop
    vertex   13.875152 20.808630 49.081738
    vertex   14.063746 21.089254 49.024380
    vertex   13.842199 21.046412 49.034119
  endloop
endfacet
  facet normal -0.055909 0.160916 0.985383
  outer loop
    vertex   14.193326 20.849335 49.070911
    vertex   14.313605 21.183260 49.023205
    vertex   14.063746 21.089254 49.024380
  endloop
endfacet
  facet normal -0.038010 0.154732 0.987225
  outer loop
    vertex   14.313605 21.183260 49.023205
    vertex   14.193326 20.849335 49.070911
    vertex   14.427164 20.919214 49.068962
  endloop
endfacet
  facet normal 0.080313 0.236589 0.968285
  outer loop
    vertex   15.044718 20.943985 49.038372
    vertex   15.058973 21.157297 48.985069
    vertex   14.679586 21.097456 49.031158
  endloop
endfacet
  facet normal 0.020670 0.179335 0.983571
  outer loop
    vertex   14.313605 21.183260 49.023205
    vertex   14.427164 20.919214 49.068962
    vertex   14.679586 21.097456 49.031158
  endloop
endfacet
  facet normal 0.082812 0.190619 0.978165
  outer loop
    vertex   13.646277 21.217247 49.017414
    vertex   13.526459 21.035337 49.063007
    vertex   13.842199 21.046412 49.034119
  endloop
endfacet
  facet normal -0.418586 0.139308 0.897429
  outer loop
    vertex   12.807670 20.976954 49.065617
    vertex   12.823590 21.260042 49.029099
    vertex   12.584497 21.060198 48.948601
  endloop
endfacet
  facet normal 0.017437 0.126955 0.991755
  outer loop
    vertex   12.823590 21.260042 49.029099
    vertex   12.807670 20.976954 49.065617
    vertex   13.031440 21.147011 49.039913
  endloop
endfacet
  facet normal 0.021308 0.292180 0.956126
  outer loop
    vertex   13.526459 21.035337 49.063007
    vertex   13.245512 21.335611 48.977509
    vertex   13.031440 21.147011 49.039913
  endloop
endfacet
  facet normal 0.045908 0.284574 0.957554
  outer loop
    vertex   14.603895 21.388836 48.948193
    vertex   14.313605 21.183260 49.023205
    vertex   14.679586 21.097456 49.031158
  endloop
endfacet
  facet normal -0.300332 -0.024761 0.953513
  outer loop
    vertex   12.519614 21.310707 48.934669
    vertex   12.584497 21.060198 48.948601
    vertex   12.823590 21.260042 49.029099
  endloop
endfacet
  facet normal -0.073993 0.208452 0.975230
  outer loop
    vertex   13.526459 21.035337 49.063007
    vertex   13.511368 21.381330 48.987907
    vertex   13.245512 21.335611 48.977509
  endloop
endfacet
  facet normal 0.046657 0.213829 0.975756
  outer loop
    vertex   13.511368 21.381330 48.987907
    vertex   13.526459 21.035337 49.063007
    vertex   13.646277 21.217247 49.017414
  endloop
endfacet
  facet normal 0.081915 0.243107 0.966535
  outer loop
    vertex   13.031440 21.147011 49.039913
    vertex   12.971550 21.415297 48.977509
    vertex   12.823590 21.260042 49.029099
  endloop
endfacet
  facet normal -0.017067 -0.130061 0.991359
  outer loop
    vertex   19.071299 19.363916 49.089882
    vertex   18.795719 19.031126 49.041477
    vertex   19.132244 19.146509 49.062408
  endloop
endfacet
  facet normal -0.032541 -0.117420 0.992549
  outer loop
    vertex   18.715237 19.260479 49.065971
    vertex   18.795719 19.031126 49.041477
    vertex   19.071299 19.363916 49.089882
  endloop
endfacet
  facet normal 0.068294 -0.087384 0.993831
  outer loop
    vertex   19.402113 19.464933 49.088646
    vertex   19.378799 19.073469 49.055828
    vertex   19.627003 19.189270 49.048954
  endloop
endfacet
  facet normal 0.001816 -0.083648 0.996494
  outer loop
    vertex   19.378799 19.073469 49.055828
    vertex   19.402113 19.464933 49.088646
    vertex   19.132244 19.146509 49.062408
  endloop
endfacet
  facet normal -0.024932 -0.098213 0.994853
  outer loop
    vertex   18.437778 19.134098 49.044224
    vertex   18.493782 19.432875 49.075123
    vertex   18.260813 19.490355 49.074959
  endloop
endfacet
  facet normal -0.034015 -0.096500 0.994752
  outer loop
    vertex   18.493782 19.432875 49.075123
    vertex   18.437778 19.134098 49.044224
    vertex   18.715237 19.260479 49.065971
  endloop
endfacet
  facet normal 0.099422 -0.061886 0.993119
  outer loop
    vertex   19.402113 19.464933 49.088646
    vertex   19.627003 19.189270 49.048954
    vertex   19.808929 19.378635 49.042542
  endloop
endfacet
  facet normal 0.012560 -0.171704 0.985068
  outer loop
    vertex   18.098763 19.126919 49.013676
    vertex   18.260813 19.490355 49.074959
    vertex   18.041780 19.413820 49.064411
  endloop
endfacet
  facet normal -0.057007 -0.034412 0.997781
  outer loop
    vertex   18.841444 19.524586 49.082291
    vertex   18.715237 19.260479 49.065971
    vertex   19.071299 19.363916 49.089882
  endloop
endfacet
  facet normal 0.038700 -0.114592 0.992659
  outer loop
    vertex   19.071299 19.363916 49.089882
    vertex   19.132244 19.146509 49.062408
    vertex   19.402113 19.464933 49.088646
  endloop
endfacet
  facet normal -0.090100 -0.066668 0.993699
  outer loop
    vertex   17.743404 19.543179 49.046036
    vertex   17.747173 19.128302 49.018543
    vertex   18.041780 19.413820 49.064411
  endloop
endfacet
  facet normal -0.060696 0.036234 0.997498
  outer loop
    vertex   18.260813 19.490355 49.074959
    vertex   18.023397 19.630238 49.055431
    vertex   18.041780 19.413820 49.064411
  endloop
endfacet
  facet normal -0.004931 -0.059324 0.998227
  outer loop
    vertex   18.715237 19.260479 49.065971
    vertex   18.841444 19.524586 49.082291
    vertex   18.493782 19.432875 49.075123
  endloop
endfacet
  facet normal 0.207923 0.070627 0.975592
  outer loop
    vertex   20.495302 19.337875 49.018398
    vertex   20.519461 19.675762 48.988789
    vertex   20.297552 19.556774 49.044697
  endloop
endfacet
  facet normal -0.027027 -0.178941 0.983489
  outer loop
    vertex   14.714512 19.740351 49.095203
    vertex   14.688078 19.424524 49.037014
    vertex   14.957087 19.623558 49.080620
  endloop
endfacet
  facet normal 0.000705 0.005710 0.999983
  outer loop
    vertex   18.493782 19.432875 49.075123
    vertex   18.500076 19.751440 49.073299
    vertex   18.260813 19.490355 49.074959
  endloop
endfacet
  facet normal -0.019366 -0.192682 0.981070
  outer loop
    vertex   14.448296 19.781092 49.097950
    vertex   14.342255 19.511183 49.042847
    vertex   14.714512 19.740351 49.095203
  endloop
endfacet
  facet normal 0.013736 -0.130980 0.991290
  outer loop
    vertex   16.320894 19.432680 49.031029
    vertex   16.268362 19.749250 49.073586
    vertex   15.985365 19.532925 49.048923
  endloop
endfacet
  facet normal -0.070538 0.019504 0.997318
  outer loop
    vertex   18.260813 19.490355 49.074959
    vertex   18.259501 19.806677 49.068680
    vertex   18.023397 19.630238 49.055431
  endloop
endfacet
  facet normal -0.022237 0.006162 0.999734
  outer loop
    vertex   18.500076 19.751440 49.073299
    vertex   18.493782 19.432875 49.075123
    vertex   18.841444 19.524586 49.082291
  endloop
endfacet
  facet normal -0.057524 -0.177953 0.982356
  outer loop
    vertex   14.342255 19.511183 49.042847
    vertex   14.448296 19.781092 49.097950
    vertex   14.001804 19.686831 49.054729
  endloop
endfacet
  facet normal -0.014654 0.019783 0.999697
  outer loop
    vertex   18.260813 19.490355 49.074959
    vertex   18.500076 19.751440 49.073299
    vertex   18.259501 19.806677 49.068680
  endloop
endfacet
  facet normal -0.092819 -0.131317 0.986986
  outer loop
    vertex   13.171406 19.522469 49.016445
    vertex   13.452168 19.649208 49.059711
    vertex   13.117232 19.768972 49.044147
  endloop
endfacet
  facet normal 0.046660 -0.132849 0.990037
  outer loop
    vertex   15.603422 19.528387 49.053925
    vertex   15.703183 19.770414 49.081699
    vertex   15.285168 19.637724 49.083595
  endloop
endfacet
  facet normal -0.052419 -0.045157 0.997604
  outer loop
    vertex   15.985365 19.532925 49.048923
    vertex   16.268362 19.749250 49.073586
    vertex   16.003391 19.761873 49.060234
  endloop
endfacet
  facet normal 0.060868 -0.064546 0.996057
  outer loop
    vertex   16.668110 19.530111 49.040325
    vertex   16.745844 19.829821 49.054996
    vertex   16.482594 19.724560 49.064262
  endloop
endfacet
  facet normal 0.106512 -0.028878 0.993892
  outer loop
    vertex   19.503578 19.876070 49.089718
    vertex   19.402113 19.464933 49.088646
    vertex   19.808929 19.378635 49.042542
  endloop
endfacet
  facet normal 0.100977 -0.032320 0.994364
  outer loop
    vertex   19.849606 19.863216 49.054161
    vertex   19.503578 19.876070 49.089718
    vertex   19.808929 19.378635 49.042542
  endloop
endfacet
  facet normal 0.069664 -0.054693 0.996070
  outer loop
    vertex   15.985365 19.532925 49.048923
    vertex   16.003391 19.761873 49.060234
    vertex   15.703183 19.770414 49.081699
  endloop
endfacet
  facet normal -0.015542 0.016237 0.999747
  outer loop
    vertex   18.860626 19.862389 49.077103
    vertex   18.500076 19.751440 49.073299
    vertex   18.841444 19.524586 49.082291
  endloop
endfacet
  facet normal -0.045952 0.017949 0.998782
  outer loop
    vertex   18.860626 19.862389 49.077103
    vertex   18.841444 19.524586 49.082291
    vertex   19.075951 19.668783 49.090488
  endloop
endfacet
  facet normal 0.123929 -0.033170 0.991737
  outer loop
    vertex   19.335865 19.664280 49.103592
    vertex   19.402113 19.464933 49.088646
    vertex   19.503578 19.876070 49.089718
  endloop
endfacet
  facet normal -0.079938 -0.094601 0.992301
  outer loop
    vertex   13.452168 19.649208 49.059711
    vertex   13.431469 19.871248 49.079212
    vertex   13.117232 19.768972 49.044147
  endloop
endfacet
  facet normal 0.001195 -0.087378 0.996175
  outer loop
    vertex   13.431469 19.871248 49.079212
    vertex   13.452168 19.649208 49.059711
    vertex   13.720609 19.651138 49.059559
  endloop
endfacet
  facet normal 0.035088 -0.142592 0.989159
  outer loop
    vertex   14.001804 19.686831 49.054729
    vertex   13.854561 19.943882 49.097008
    vertex   13.720609 19.651138 49.059559
  endloop
endfacet
  facet normal -0.069815 -0.123203 0.989923
  outer loop
    vertex   14.448296 19.781092 49.097950
    vertex   14.186427 19.896135 49.093800
    vertex   14.001804 19.686831 49.054729
  endloop
endfacet
  facet normal -0.050526 -0.004256 0.998714
  outer loop
    vertex   16.268362 19.749250 49.073586
    vertex   16.089401 19.975220 49.065495
    vertex   16.003391 19.761873 49.060234
  endloop
endfacet
  facet normal -0.053170 0.009904 0.998536
  outer loop
    vertex   19.075951 19.668783 49.090488
    vertex   19.245253 19.866549 49.097542
    vertex   18.860626 19.862389 49.077103
  endloop
endfacet
  facet normal -0.050222 0.007374 0.998711
  outer loop
    vertex   19.245253 19.866549 49.097542
    vertex   19.075951 19.668783 49.090488
    vertex   19.335865 19.664280 49.103592
  endloop
endfacet
  facet normal -0.015028 -0.170651 0.985217
  outer loop
    vertex   14.001804 19.686831 49.054729
    vertex   14.186427 19.896135 49.093800
    vertex   13.854561 19.943882 49.097008
  endloop
endfacet
  facet normal 0.040907 -0.022251 0.998915
  outer loop
    vertex   16.459736 20.027437 49.071945
    vertex   16.268362 19.749250 49.073586
    vertex   16.482594 19.724560 49.064262
  endloop
endfacet
  facet normal 0.043959 -0.022018 0.998791
  outer loop
    vertex   16.459736 20.027437 49.071945
    vertex   16.482594 19.724560 49.064262
    vertex   16.745844 19.829821 49.054996
  endloop
endfacet
  facet normal -0.087699 0.042625 0.995235
  outer loop
    vertex   18.104227 19.998989 49.046761
    vertex   18.023397 19.630238 49.055431
    vertex   18.259501 19.806677 49.068680
  endloop
endfacet
  facet normal 0.068695 -0.083834 0.994109
  outer loop
    vertex   15.690197 20.053530 49.106472
    vertex   15.703183 19.770414 49.081699
    vertex   16.003391 19.761873 49.060234
  endloop
endfacet
  facet normal -0.021658 -0.117103 0.992884
  outer loop
    vertex   13.720609 19.651138 49.059559
    vertex   13.854561 19.943882 49.097008
    vertex   13.431469 19.871248 49.079212
  endloop
endfacet
  facet normal 0.000181 0.084124 0.996455
  outer loop
    vertex   18.358595 20.067905 49.046608
    vertex   18.259501 19.806677 49.068680
    vertex   18.500076 19.751440 49.073299
  endloop
endfacet
  facet normal -0.052990 -0.006899 0.998571
  outer loop
    vertex   19.113422 20.033213 49.091698
    vertex   18.860626 19.862389 49.077103
    vertex   19.245253 19.866549 49.097542
  endloop
endfacet
  facet normal -0.080823 -0.091940 0.992479
  outer loop
    vertex   13.075385 20.026726 49.064617
    vertex   13.117232 19.768972 49.044147
    vertex   13.431469 19.871248 49.079212
  endloop
endfacet
  facet normal -0.067390 -0.060856 0.995869
  outer loop
    vertex   13.431469 19.871248 49.079212
    vertex   13.334290 20.075621 49.085125
    vertex   13.075385 20.026726 49.064617
  endloop
endfacet
  facet normal -0.001346 -0.076348 0.997080
  outer loop
    vertex   14.186427 19.896135 49.093800
    vertex   14.142680 20.198109 49.116863
    vertex   13.854561 19.943882 49.097008
  endloop
endfacet
  facet normal -0.020202 0.019792 0.999600
  outer loop
    vertex   16.268362 19.749250 49.073586
    vertex   16.459736 20.027437 49.071945
    vertex   16.089401 19.975220 49.065495
  endloop
endfacet
  facet normal -0.018378 0.025459 0.999507
  outer loop
    vertex   18.860626 19.862389 49.077103
    vertex   18.578218 20.109468 49.065617
    vertex   18.500076 19.751440 49.073299
  endloop
endfacet
  facet normal -0.037845 -0.024308 0.998988
  outer loop
    vertex   13.431469 19.871248 49.079212
    vertex   13.854561 19.943882 49.097008
    vertex   13.632063 20.161581 49.093876
  endloop
endfacet
  facet normal 0.103059 0.023628 0.994395
  outer loop
    vertex   19.630768 20.180853 49.069294
    vertex   19.503578 19.876070 49.089718
    vertex   19.849606 19.863216 49.054161
  endloop
endfacet
  facet normal -0.018481 -0.037693 0.999118
  outer loop
    vertex   13.334290 20.075621 49.085125
    vertex   13.431469 19.871248 49.079212
    vertex   13.632063 20.161581 49.093876
  endloop
endfacet
  facet normal 0.071218 0.017574 0.997306
  outer loop
    vertex   16.745844 19.829821 49.054996
    vertex   16.741796 20.157732 49.049507
    vertex   16.459736 20.027437 49.071945
  endloop
endfacet
  facet normal -0.023063 0.020105 0.999532
  outer loop
    vertex   18.860626 19.862389 49.077103
    vertex   18.886383 20.217943 49.070545
    vertex   18.578218 20.109468 49.065617
  endloop
endfacet
  facet normal -0.073589 0.023719 0.997007
  outer loop
    vertex   18.886383 20.217943 49.070545
    vertex   18.860626 19.862389 49.077103
    vertex   19.113422 20.033213 49.091698
  endloop
endfacet
  facet normal -0.150929 -0.045098 0.987515
  outer loop
    vertex   13.075385 20.026726 49.064617
    vertex   13.195963 20.307138 49.095852
    vertex   12.864360 20.143736 49.037708
  endloop
endfacet
  facet normal -0.062967 -0.083700 0.994500
  outer loop
    vertex   13.195963 20.307138 49.095852
    vertex   13.075385 20.026726 49.064617
    vertex   13.334290 20.075621 49.085125
  endloop
endfacet
  facet normal 0.095733 -0.032568 0.994874
  outer loop
    vertex   16.089401 19.975220 49.065495
    vertex   16.026937 20.247936 49.080433
    vertex   15.690197 20.053530 49.106472
  endloop
endfacet
  facet normal -0.021008 0.025523 0.999453
  outer loop
    vertex   16.277149 20.207577 49.063507
    vertex   16.089401 19.975220 49.065495
    vertex   16.459736 20.027437 49.071945
  endloop
endfacet
  facet normal 0.035051 0.082182 0.996001
  outer loop
    vertex   16.459736 20.027437 49.071945
    vertex   16.474501 20.280409 49.050552
    vertex   16.277149 20.207577 49.063507
  endloop
endfacet
  facet normal 0.052355 0.045003 0.997614
  outer loop
    vertex   19.503578 19.876070 49.089718
    vertex   19.630768 20.180853 49.069294
    vertex   19.272943 20.196642 49.087360
  endloop
endfacet
  facet normal 0.083796 -0.011685 0.996414
  outer loop
    vertex   15.758945 20.262222 49.103138
    vertex   15.690197 20.053530 49.106472
    vertex   16.026937 20.247936 49.080433
  endloop
endfacet
  facet normal 0.060903 -0.040680 0.997314
  outer loop
    vertex   16.026937 20.247936 49.080433
    vertex   16.089401 19.975220 49.065495
    vertex   16.277149 20.207577 49.063507
  endloop
endfacet
  facet normal -0.016793 -0.036291 0.999200
  outer loop
    vertex   17.738960 19.981228 49.047791
    vertex   17.988205 20.195162 49.059750
    vertex   17.831236 20.360746 49.063126
  endloop
endfacet
  facet normal 0.041433 0.081792 0.995788
  outer loop
    vertex   16.459736 20.027437 49.071945
    vertex   16.741796 20.157732 49.049507
    vertex   16.474501 20.280409 49.050552
  endloop
endfacet
  facet normal -0.033108 -0.032314 0.998929
  outer loop
    vertex   17.738960 19.981228 49.047791
    vertex   17.831236 20.360746 49.063126
    vertex   17.510838 20.157059 49.045918
  endloop
endfacet
  facet normal -0.195772 0.048780 0.979435
  outer loop
    vertex   12.864360 20.143736 49.037708
    vertex   13.195963 20.307138 49.095852
    vertex   12.755715 20.407005 49.002880
  endloop
endfacet
  facet normal -0.039775 0.065285 0.997074
  outer loop
    vertex   18.886383 20.217943 49.070545
    vertex   19.113422 20.033213 49.091698
    vertex   19.272943 20.196642 49.087360
  endloop
endfacet
  facet normal 0.032584 -0.026823 0.999109
  outer loop
    vertex   13.334290 20.075621 49.085125
    vertex   13.489219 20.355186 49.087578
    vertex   13.195963 20.307138 49.095852
  endloop
endfacet
  facet normal -0.057871 0.027563 0.997943
  outer loop
    vertex   13.824862 20.411831 49.098145
    vertex   13.632063 20.161581 49.093876
    vertex   13.880702 20.189312 49.107529
  endloop
endfacet
  facet normal 0.089673 0.108732 0.990018
  outer loop
    vertex   15.898981 20.450058 49.069824
    vertex   15.758945 20.262222 49.103138
    vertex   16.026937 20.247936 49.080433
  endloop
endfacet
  facet normal -0.041039 0.071306 0.996610
  outer loop
    vertex   18.550694 20.351837 49.047142
    vertex   18.578218 20.109468 49.065617
    vertex   18.886383 20.217943 49.070545
  endloop
endfacet
  facet normal -0.032309 0.188509 0.981540
  outer loop
    vertex   19.272943 20.196642 49.087360
    vertex   19.137455 20.547333 49.015549
    vertex   18.886383 20.217943 49.070545
  endloop
endfacet
  facet normal 0.057621 0.182836 0.981453
  outer loop
    vertex   19.398666 20.480968 49.027012
    vertex   19.272943 20.196642 49.087360
    vertex   19.630768 20.180853 49.069294
  endloop
endfacet
  facet normal 0.008837 0.203877 0.978957
  outer loop
    vertex   19.272943 20.196642 49.087360
    vertex   19.398666 20.480968 49.027012
    vertex   19.137455 20.547333 49.015549
  endloop
endfacet
  facet normal 0.075844 0.052618 0.995730
  outer loop
    vertex   16.264458 20.497299 49.049164
    vertex   16.026937 20.247936 49.080433
    vertex   16.277149 20.207577 49.063507
  endloop
endfacet
  facet normal 0.120503 0.094084 0.988245
  outer loop
    vertex   17.988205 20.195162 49.059750
    vertex   18.122051 20.619596 49.003021
    vertex   17.831236 20.360746 49.063126
  endloop
endfacet
  facet normal -0.235738 -0.144559 0.961005
  outer loop
    vertex   12.909121 20.651428 49.077278
    vertex   12.755715 20.407005 49.002880
    vertex   13.195963 20.307138 49.095852
  endloop
endfacet
  facet normal -0.032859 0.008268 0.999426
  outer loop
    vertex   13.632063 20.161581 49.093876
    vertex   13.824862 20.411831 49.098145
    vertex   13.489219 20.355186 49.087578
  endloop
endfacet
  facet normal 0.074208 0.120252 0.989966
  outer loop
    vertex   15.644693 20.509438 49.081673
    vertex   15.758945 20.262222 49.103138
    vertex   15.898981 20.450058 49.069824
  endloop
endfacet
  facet normal 0.022661 0.033754 0.999173
  outer loop
    vertex   13.317938 20.526751 49.085667
    vertex   13.195963 20.307138 49.095852
    vertex   13.489219 20.355186 49.087578
  endloop
endfacet
  facet normal 0.045783 0.081241 0.995642
  outer loop
    vertex   15.898981 20.450058 49.069824
    vertex   16.026937 20.247936 49.080433
    vertex   16.264458 20.497299 49.049164
  endloop
endfacet
  facet normal -0.005445 0.049345 0.998767
  outer loop
    vertex   12.909121 20.651428 49.077278
    vertex   13.195963 20.307138 49.095852
    vertex   13.317938 20.526751 49.085667
  endloop
endfacet
  facet normal 0.004382 0.015513 0.999870
  outer loop
    vertex   13.497422 20.731264 49.081707
    vertex   13.317938 20.526751 49.085667
    vertex   13.489219 20.355186 49.087578
  endloop
endfacet
  facet normal -0.039228 0.046244 0.998160
  outer loop
    vertex   13.875152 20.808630 49.081738
    vertex   13.489219 20.355186 49.087578
    vertex   13.824862 20.411831 49.098145
  endloop
endfacet
  facet normal 0.015726 0.130826 0.991281
  outer loop
    vertex   15.483584 20.342949 49.106201
    vertex   15.644693 20.509438 49.081673
    vertex   15.256668 20.487144 49.090771
  endloop
endfacet
  facet normal -0.003292 0.015680 0.999872
  outer loop
    vertex   13.497422 20.731264 49.081707
    vertex   13.489219 20.355186 49.087578
    vertex   13.875152 20.808630 49.081738
  endloop
endfacet
  facet normal 0.047590 0.081078 0.995571
  outer loop
    vertex   14.948194 20.705587 49.087727
    vertex   14.956343 20.408609 49.111523
    vertex   15.256668 20.487144 49.090771
  endloop
endfacet
  facet normal 0.018644 0.082154 0.996445
  outer loop
    vertex   15.447688 20.733805 49.066860
    vertex   15.256668 20.487144 49.090771
    vertex   15.644693 20.509438 49.081673
  endloop
endfacet
  facet normal -0.023163 -0.008691 0.999694
  outer loop
    vertex   13.152818 20.821592 49.084404
    vertex   12.909121 20.651428 49.077278
    vertex   13.317938 20.526751 49.085667
  endloop
endfacet
  facet normal 0.010500 0.121097 0.992585
  outer loop
    vertex   14.667707 20.486109 49.112320
    vertex   14.555625 20.746687 49.081715
    vertex   14.353807 20.627672 49.098370
  endloop
endfacet
  facet normal 0.073588 0.117526 0.990340
  outer loop
    vertex   15.756004 20.800276 49.038887
    vertex   15.644693 20.509438 49.081673
    vertex   15.898981 20.450058 49.069824
  endloop
endfacet
  facet normal 0.008108 0.091275 0.995793
  outer loop
    vertex   15.756004 20.800276 49.038887
    vertex   15.898981 20.450058 49.069824
    vertex   16.042835 20.643744 49.050900
  endloop
endfacet
  facet normal 0.010487 0.010155 0.999893
  outer loop
    vertex   13.152818 20.821592 49.084404
    vertex   13.317938 20.526751 49.085667
    vertex   13.497422 20.731264 49.081707
  endloop
endfacet
  facet normal 0.074179 0.118551 0.990173
  outer loop
    vertex   15.256668 20.487144 49.090771
    vertex   15.241180 20.866142 49.046555
    vertex   14.948194 20.705587 49.087727
  endloop
endfacet
  facet normal -0.024031 0.114878 0.993089
  outer loop
    vertex   15.241180 20.866142 49.046555
    vertex   15.256668 20.487144 49.090771
    vertex   15.447688 20.733805 49.066860
  endloop
endfacet
  facet normal 0.013325 0.158426 0.987281
  outer loop
    vertex   13.875152 20.808630 49.081738
    vertex   14.123109 20.603514 49.111305
    vertex   14.193326 20.849335 49.070911
  endloop
endfacet
  facet normal 0.039571 0.151004 0.987741
  outer loop
    vertex   14.193326 20.849335 49.070911
    vertex   14.123109 20.603514 49.111305
    vertex   14.353807 20.627672 49.098370
  endloop
endfacet
  facet normal -0.003546 0.115144 0.993342
  outer loop
    vertex   14.667707 20.486109 49.112320
    vertex   14.765634 20.856522 49.069733
    vertex   14.555625 20.746687 49.081715
  endloop
endfacet
  facet normal -0.002861 0.114966 0.993365
  outer loop
    vertex   14.765634 20.856522 49.069733
    vertex   14.667707 20.486109 49.112320
    vertex   14.948194 20.705587 49.087727
  endloop
endfacet
  facet normal -0.023440 0.106169 0.994072
  outer loop
    vertex   14.353807 20.627672 49.098370
    vertex   14.427164 20.919214 49.068962
    vertex   14.193326 20.849335 49.070911
  endloop
endfacet
  facet normal 0.026927 0.093614 0.995244
  outer loop
    vertex   14.427164 20.919214 49.068962
    vertex   14.353807 20.627672 49.098370
    vertex   14.555625 20.746687 49.081715
  endloop
endfacet
  facet normal -0.478734 -0.118033 0.869990
  outer loop
    vertex   12.909121 20.651428 49.077278
    vertex   12.807670 20.976954 49.065617
    vertex   12.676369 20.748510 48.962372
  endloop
endfacet
  facet normal 0.034147 0.189333 0.981319
  outer loop
    vertex   14.948194 20.705587 49.087727
    vertex   15.241180 20.866142 49.046555
    vertex   15.044718 20.943985 49.038372
  endloop
endfacet
  facet normal -0.044503 0.021910 0.998769
  outer loop
    vertex   12.909121 20.651428 49.077278
    vertex   13.152818 20.821592 49.084404
    vertex   12.807670 20.976954 49.065617
  endloop
endfacet
  facet normal 0.023314 0.059146 0.997977
  outer loop
    vertex   13.526459 21.035337 49.063007
    vertex   13.152818 20.821592 49.084404
    vertex   13.497422 20.731264 49.081707
  endloop
endfacet
  facet normal 0.063353 0.120400 0.990702
  outer loop
    vertex   14.555625 20.746687 49.081715
    vertex   14.679586 21.097456 49.031158
    vertex   14.427164 20.919214 49.068962
  endloop
endfacet
  facet normal -0.022219 0.150308 0.988389
  outer loop
    vertex   14.679586 21.097456 49.031158
    vertex   14.555625 20.746687 49.081715
    vertex   14.765634 20.856522 49.069733
  endloop
endfacet
  facet normal 0.053407 0.181658 0.981911
  outer loop
    vertex   14.948194 20.705587 49.087727
    vertex   15.044718 20.943985 49.038372
    vertex   14.765634 20.856522 49.069733
  endloop
endfacet
  facet normal -0.012903 0.062604 0.997955
  outer loop
    vertex   13.526459 21.035337 49.063007
    vertex   13.497422 20.731264 49.081707
    vertex   13.875152 20.808630 49.081738
  endloop
endfacet
  facet normal 0.008453 0.194790 0.980809
  outer loop
    vertex   14.193326 20.849335 49.070911
    vertex   14.063746 21.089254 49.024380
    vertex   13.875152 20.808630 49.081738
  endloop
endfacet
  facet normal 0.081960 0.206612 0.974984
  outer loop
    vertex   13.875152 20.808630 49.081738
    vertex   13.842199 21.046412 49.034119
    vertex   13.526459 21.035337 49.063007
  endloop
endfacet
  facet normal 0.008460 0.138551 0.990319
  outer loop
    vertex   13.031440 21.147011 49.039913
    vertex   12.807670 20.976954 49.065617
    vertex   13.152818 20.821592 49.084404
  endloop
endfacet
  facet normal -0.017116 0.129169 0.991475
  outer loop
    vertex   13.031440 21.147011 49.039913
    vertex   13.152818 20.821592 49.084404
    vertex   13.526459 21.035337 49.063007
  endloop
endfacet
  facet normal -0.034034 -0.001469 0.999420
  outer loop
    vertex   19.075951 19.668783 49.090488
    vertex   18.841444 19.524586 49.082291
    vertex   19.071299 19.363916 49.089882
  endloop
endfacet
  facet normal 0.004364 -0.002056 0.999988
  outer loop
    vertex   19.075951 19.668783 49.090488
    vertex   19.071299 19.363916 49.089882
    vertex   19.402113 19.464933 49.088646
  endloop
endfacet
  facet normal -0.051724 -0.091747 0.994438
  outer loop
    vertex   19.402113 19.464933 49.088646
    vertex   19.335865 19.664280 49.103592
    vertex   19.075951 19.668783 49.090488
  endloop
endfacet
  facet normal -0.003368 -0.130245 0.991476
  outer loop
    vertex   15.285168 19.637724 49.083595
    vertex   15.195469 19.892248 49.116726
    vertex   14.957087 19.623558 49.080620
  endloop
endfacet
  facet normal 0.042770 -0.120569 0.991783
  outer loop
    vertex   15.703183 19.770414 49.081699
    vertex   15.449438 19.969687 49.116867
    vertex   15.285168 19.637724 49.083595
  endloop
endfacet
  facet normal 0.028673 0.042716 0.998676
  outer loop
    vertex   19.245253 19.866549 49.097542
    vertex   19.335865 19.664280 49.103592
    vertex   19.503578 19.876070 49.089718
  endloop
endfacet
  facet normal -0.003049 -0.087083 0.996196
  outer loop
    vertex   14.714512 19.740351 49.095203
    vertex   14.679000 20.006437 49.118355
    vertex   14.448296 19.781092 49.097950
  endloop
endfacet
  facet normal -0.057152 -0.082989 0.994910
  outer loop
    vertex   14.957087 19.623558 49.080620
    vertex   15.195469 19.892248 49.116726
    vertex   14.953641 20.080921 49.118572
  endloop
endfacet
  facet normal 0.020167 -0.082529 0.996385
  outer loop
    vertex   14.957087 19.623558 49.080620
    vertex   14.953641 20.080921 49.118572
    vertex   14.714512 19.740351 49.095203
  endloop
endfacet
  facet normal 0.035073 -0.116835 0.992532
  outer loop
    vertex   15.285168 19.637724 49.083595
    vertex   15.449438 19.969687 49.116867
    vertex   15.195469 19.892248 49.116726
  endloop
endfacet
  facet normal 0.072047 -0.083661 0.993886
  outer loop
    vertex   15.703183 19.770414 49.081699
    vertex   15.690197 20.053530 49.106472
    vertex   15.449438 19.969687 49.116867
  endloop
endfacet
  facet normal 0.021926 -0.083754 0.996245
  outer loop
    vertex   14.714512 19.740351 49.095203
    vertex   14.953641 20.080921 49.118572
    vertex   14.679000 20.006437 49.118355
  endloop
endfacet
  facet normal -0.044128 -0.064481 0.996943
  outer loop
    vertex   14.383688 20.150812 49.119003
    vertex   14.186427 19.896135 49.093800
    vertex   14.448296 19.781092 49.097950
  endloop
endfacet
  facet normal -0.004822 0.031233 0.999501
  outer loop
    vertex   19.245253 19.866549 49.097542
    vertex   19.272943 20.196642 49.087360
    vertex   19.113422 20.033213 49.091698
  endloop
endfacet
  facet normal 0.029216 0.028368 0.999170
  outer loop
    vertex   19.272943 20.196642 49.087360
    vertex   19.245253 19.866549 49.097542
    vertex   19.503578 19.876070 49.089718
  endloop
endfacet
  facet normal -0.024481 -0.079657 0.996522
  outer loop
    vertex   14.186427 19.896135 49.093800
    vertex   14.383688 20.150812 49.119003
    vertex   14.142680 20.198109 49.116863
  endloop
endfacet
  facet normal 0.010653 0.003870 0.999936
  outer loop
    vertex   15.195469 19.892248 49.116726
    vertex   15.205641 20.177717 49.115513
    vertex   14.953641 20.080921 49.118572
  endloop
endfacet
  facet normal -0.001872 0.004316 0.999989
  outer loop
    vertex   15.205641 20.177717 49.115513
    vertex   15.195469 19.892248 49.116726
    vertex   15.449438 19.969687 49.116867
  endloop
endfacet
  facet normal -0.050631 -0.037390 0.998017
  outer loop
    vertex   13.854561 19.943882 49.097008
    vertex   13.880702 20.189312 49.107529
    vertex   13.632063 20.161581 49.093876
  endloop
endfacet
  facet normal -0.034268 -0.039159 0.998645
  outer loop
    vertex   13.854561 19.943882 49.097008
    vertex   14.142680 20.198109 49.116863
    vertex   13.880702 20.189312 49.107529
  endloop
endfacet
  facet normal -0.027974 -0.061701 0.997703
  outer loop
    vertex   14.383688 20.150812 49.119003
    vertex   14.448296 19.781092 49.097950
    vertex   14.679000 20.006437 49.118355
  endloop
endfacet
  facet normal 0.000826 -0.002803 0.999996
  outer loop
    vertex   14.679000 20.006437 49.118355
    vertex   14.651110 20.228249 49.118999
    vertex   14.383688 20.150812 49.119003
  endloop
endfacet
  facet normal -0.000003 -0.002907 0.999996
  outer loop
    vertex   14.679000 20.006437 49.118355
    vertex   14.953641 20.080921 49.118572
    vertex   14.651110 20.228249 49.118999
  endloop
endfacet
  facet normal 0.017456 0.026963 0.999484
  outer loop
    vertex   15.449438 19.969687 49.116867
    vertex   15.483584 20.342949 49.106201
    vertex   15.205641 20.177717 49.115513
  endloop
endfacet
  facet normal -0.031952 0.008938 0.999449
  outer loop
    vertex   13.489219 20.355186 49.087578
    vertex   13.334290 20.075621 49.085125
    vertex   13.632063 20.161581 49.093876
  endloop
endfacet
  facet normal 0.034287 0.025412 0.999089
  outer loop
    vertex   15.483584 20.342949 49.106201
    vertex   15.449438 19.969687 49.116867
    vertex   15.690197 20.053530 49.106472
  endloop
endfacet
  facet normal 0.014413 0.011225 0.999833
  outer loop
    vertex   15.690197 20.053530 49.106472
    vertex   15.758945 20.262222 49.103138
    vertex   15.483584 20.342949 49.106201
  endloop
endfacet
  facet normal 0.011838 0.021409 0.999701
  outer loop
    vertex   14.953641 20.080921 49.118572
    vertex   14.956343 20.408609 49.111523
    vertex   14.651110 20.228249 49.118999
  endloop
endfacet
  facet normal -0.008117 0.003886 0.999959
  outer loop
    vertex   14.391234 20.406094 49.118073
    vertex   14.142680 20.198109 49.116863
    vertex   14.383688 20.150812 49.119003
  endloop
endfacet
  facet normal -0.001051 0.003677 0.999993
  outer loop
    vertex   14.391234 20.406094 49.118073
    vertex   14.383688 20.150812 49.119003
    vertex   14.651110 20.228249 49.118999
  endloop
endfacet
  facet normal 0.003888 0.021476 0.999762
  outer loop
    vertex   14.956343 20.408609 49.111523
    vertex   14.953641 20.080921 49.118572
    vertex   15.205641 20.177717 49.115513
  endloop
endfacet
  facet normal -0.036693 0.032913 0.998784
  outer loop
    vertex   13.824862 20.411831 49.098145
    vertex   13.880702 20.189312 49.107529
    vertex   14.142680 20.198109 49.116863
  endloop
endfacet
  facet normal -0.015504 0.082237 0.996492
  outer loop
    vertex   15.256668 20.487144 49.090771
    vertex   15.205641 20.177717 49.115513
    vertex   15.483584 20.342949 49.106201
  endloop
endfacet
  facet normal 0.013557 0.025021 0.999595
  outer loop
    vertex   14.651110 20.228249 49.118999
    vertex   14.667707 20.486109 49.112320
    vertex   14.391234 20.406094 49.118073
  endloop
endfacet
  facet normal 0.009549 0.025280 0.999635
  outer loop
    vertex   14.667707 20.486109 49.112320
    vertex   14.651110 20.228249 49.118999
    vertex   14.956343 20.408609 49.111523
  endloop
endfacet
  facet normal 0.050168 0.071383 0.996187
  outer loop
    vertex   15.205641 20.177717 49.115513
    vertex   15.256668 20.487144 49.090771
    vertex   14.956343 20.408609 49.111523
  endloop
endfacet
  facet normal 0.042038 0.105693 0.993510
  outer loop
    vertex   15.644693 20.509438 49.081673
    vertex   15.483584 20.342949 49.106201
    vertex   15.758945 20.262222 49.103138
  endloop
endfacet
  facet normal -0.051274 0.011216 0.998622
  outer loop
    vertex   14.142680 20.198109 49.116863
    vertex   14.123109 20.603514 49.111305
    vertex   13.824862 20.411831 49.098145
  endloop
endfacet
  facet normal -0.015700 0.012949 0.999793
  outer loop
    vertex   14.123109 20.603514 49.111305
    vertex   14.142680 20.198109 49.116863
    vertex   14.391234 20.406094 49.118073
  endloop
endfacet
  facet normal -0.004680 0.087786 0.996128
  outer loop
    vertex   14.391234 20.406094 49.118073
    vertex   14.667707 20.486109 49.112320
    vertex   14.353807 20.627672 49.098370
  endloop
endfacet
  facet normal 0.024370 0.080512 0.996456
  outer loop
    vertex   14.956343 20.408609 49.111523
    vertex   14.948194 20.705587 49.087727
    vertex   14.667707 20.486109 49.112320
  endloop
endfacet
  facet normal 0.045686 0.096132 0.994319
  outer loop
    vertex   14.391234 20.406094 49.118073
    vertex   14.353807 20.627672 49.098370
    vertex   14.123109 20.603514 49.111305
  endloop
endfacet
  facet normal -0.076645 0.050887 0.995759
  outer loop
    vertex   13.824862 20.411831 49.098145
    vertex   14.123109 20.603514 49.111305
    vertex   13.875152 20.808630 49.081738
  endloop
endfacet
endsolid
